Godot Engine v4.7.1.stable.double.custom_build.a13da4feb (2026-07-13 21:00:28 UTC) - https://godotengine.org
OpenGL API 3.3.0 NVIDIA 610.88 - Compatibility - Using Device: NVIDIA - NVIDIA GeForce RTX 4060

[m7_client] {"details":{"host":"127.0.0.1","player":"b","port":24580,"transport_session_id":"transport-session/m3/b/4048/2959"},"event":"CLIENT_CONNECTING","player":"b","process_id":4048,"time_msec":2959}
{"category":"application","data":{"log_path":"user://logs/lunar_simulation.jsonl","session_id":"1790689269-3619","terrain_performance_log_path":"user://logs/terrain_performance.jsonl"},"event":"logger_started","level":"INFO","schema":"lunar.log.v1","session_id":"1790689269-3619","ticks_msec":3620,"timestamp_utc":"2026-09-29 13:41:09"}
{"category":"earth","data":{"biome":"ocean","center_direction":[0.640856382055789,0.707106781186548,0.29883623873012],"elapsed_ms":2859.758,"mesh":{"average_elevation_m":-1017.5382967578,"average_geometric_slope_deg":0.669917512216138,"average_mountain_mask":0.0,"biome_counts":{"0":13825},"label":"local","maximum_elevation_m":-915.435538587159,"maximum_geometric_slope_deg":2.74746700021286,"minimum_elevation_m":-1160.36952663641,"relief_range_m":244.933988049248,"sample_count":13825,"snow_fraction":0.0,"snow_sample_count":0,"water_fraction":1.0,"water_sample_count":13825},"placement":{"billboard_trees":0,"elapsed_ms":2400.929,"grass":0,"near_trees":0,"pipeline_samples":76100,"rocks":0,"seed":326326011654},"terrain":{"active_rule_count":5,"last_batch_elapsed_ms":458.71,"last_batch_label":"local_earth_surface","last_batch_sample_count":13825,"total_sample_count":22211,"validation_errors":[]}},"event":"earth_surface_rebuilt","level":"INFO","schema":"lunar.log.v1","session_id":"1790689269-3619","ticks_msec":6833,"timestamp_utc":"2026-09-29 13:41:12"}
{"category":"terrain_performance","data":{"biome":"ocean","center_direction":[0.640856382055789,0.707106781186548,0.29883623873012],"elapsed_ms":2859.758,"mesh":{"average_elevation_m":-1017.5382967578,"average_geometric_slope_deg":0.669917512216138,"average_mountain_mask":0.0,"biome_counts":{"0":13825},"label":"local","maximum_elevation_m":-915.435538587159,"maximum_geometric_slope_deg":2.74746700021286,"minimum_elevation_m":-1160.36952663641,"relief_range_m":244.933988049248,"sample_count":13825,"snow_fraction":0.0,"snow_sample_count":0,"water_fraction":1.0,"water_sample_count":13825},"placement":{"billboard_trees":0,"elapsed_ms":2400.929,"grass":0,"near_trees":0,"pipeline_samples":76100,"rocks":0,"seed":326326011654},"terrain":{"active_rule_count":5,"last_batch_elapsed_ms":458.71,"last_batch_label":"local_earth_surface","last_batch_sample_count":13825,"total_sample_count":22211,"validation_errors":[]}},"event":"earth_surface_rebuild","level":"INFO","schema":"lunar.log.v1","session_id":"1790689269-3619","ticks_msec":6834,"timestamp_utc":"2026-09-29 13:41:12"}
{"category":"earth","data":{"active_rules":["continental_relief","hydrology","climate","biomes","surface_composer"],"global_generation":{"active_rule_count":5,"last_batch_elapsed_ms":307.067,"last_batch_label":"global_earth","last_batch_sample_count":8385,"total_sample_count":8385,"validation_errors":[]},"local_generation":{"biome":"ocean","center_direction":[0.640856382055789,0.707106781186548,0.29883623873012],"elapsed_ms":2859.758,"mesh":{"average_elevation_m":-1017.5382967578,"average_geometric_slope_deg":0.669917512216138,"average_mountain_mask":0.0,"biome_counts":{"0":13825},"label":"local","maximum_elevation_m":-915.435538587159,"maximum_geometric_slope_deg":2.74746700021286,"minimum_elevation_m":-1160.36952663641,"relief_range_m":244.933988049248,"sample_count":13825,"snow_fraction":0.0,"snow_sample_count":0,"water_fraction":1.0,"water_sample_count":13825},"placement":{"billboard_trees":0,"elapsed_ms":2400.929,"grass":0,"near_trees":0,"pipeline_samples":76100,"rocks":0,"seed":326326011654},"terrain":{"active_rule_count":5,"last_batch_elapsed_ms":458.71,"last_batch_label":"local_earth_surface","last_batch_sample_count":13825,"total_sample_count":22211,"validation_errors":[]}},"radius_m":6371000.0},"event":"earth_world_initialized","level":"INFO","schema":"lunar.log.v1","session_id":"1790689269-3619","ticks_msec":6841,"timestamp_utc":"2026-09-29 13:41:12"}
{"category":"atmosphere","data":{"body_id":"earth","id":"earth_atmosphere","plugins":["earth_low_clouds"],"top_altitude_m":100000.0},"event":"planet_atmosphere_initialized","level":"INFO","schema":"lunar.log.v1","session_id":"1790689269-3619","ticks_msec":6862,"timestamp_utc":"2026-09-29 13:41:12"}
{"category":"atmosphere","data":{"body_ids":["earth"],"environment_owner":"/root/SimulatorApp/WorldHost/WorldRuntime_earth/AtmosphereManager/AtmosphereWorldEnvironment"},"event":"atmosphere_manager_initialized","level":"INFO","schema":"lunar.log.v1","session_id":"1790689269-3619","ticks_msec":6862,"timestamp_utc":"2026-09-29 13:41:12"}
{"category":"earth","data":{"biome":"ocean","center_direction":[0.640856382055789,0.707106781186548,0.29883623873012],"elapsed_ms":2909.629,"mesh":{"average_elevation_m":-1017.5382967578,"average_geometric_slope_deg":0.669917512216138,"average_mountain_mask":0.0,"biome_counts":{"0":13825},"label":"local","maximum_elevation_m":-915.435538587159,"maximum_geometric_slope_deg":2.74746700021286,"minimum_elevation_m":-1160.36952663641,"relief_range_m":244.933988049248,"sample_count":13825,"snow_fraction":0.0,"snow_sample_count":0,"water_fraction":1.0,"water_sample_count":13825},"placement":{"billboard_trees":0,"elapsed_ms":2436.913,"grass":0,"near_trees":0,"pipeline_samples":76100,"rocks":0,"seed":326326011654},"terrain":{"active_rule_count":5,"last_batch_elapsed_ms":472.588,"last_batch_label":"local_earth_surface","last_batch_sample_count":13825,"total_sample_count":112138,"validation_errors":[]}},"event":"earth_surface_rebuilt","level":"INFO","schema":"lunar.log.v1","session_id":"1790689269-3619","ticks_msec":9778,"timestamp_utc":"2026-09-29 13:41:15"}
{"category":"terrain_performance","data":{"biome":"ocean","center_direction":[0.640856382055789,0.707106781186548,0.29883623873012],"elapsed_ms":2909.629,"mesh":{"average_elevation_m":-1017.5382967578,"average_geometric_slope_deg":0.669917512216138,"average_mountain_mask":0.0,"biome_counts":{"0":13825},"label":"local","maximum_elevation_m":-915.435538587159,"maximum_geometric_slope_deg":2.74746700021286,"minimum_elevation_m":-1160.36952663641,"relief_range_m":244.933988049248,"sample_count":13825,"snow_fraction":0.0,"snow_sample_count":0,"water_fraction":1.0,"water_sample_count":13825},"placement":{"billboard_trees":0,"elapsed_ms":2436.913,"grass":0,"near_trees":0,"pipeline_samples":76100,"rocks":0,"seed":326326011654},"terrain":{"active_rule_count":5,"last_batch_elapsed_ms":472.588,"last_batch_label":"local_earth_surface","last_batch_sample_count":13825,"total_sample_count":112138,"validation_errors":[]}},"event":"earth_surface_rebuild","level":"INFO","schema":"lunar.log.v1","session_id":"1790689269-3619","ticks_msec":9779,"timestamp_utc":"2026-09-29 13:41:15"}
{"category":"application","data":{"atmosphere_initialized":true,"body_ids":["earth"],"canonical_spawn":{"altitude_m":450.0,"direction":[0.640856382055789,0.707106781186548,0.29883623873012],"id":"earth-default-spawn","latitude_deg":45.0,"longitude_deg":25.0},"world_id":"earth"},"event":"earth_runtime_ready","level":"INFO","schema":"lunar.log.v1","session_id":"1790689269-3619","ticks_msec":9788,"timestamp_utc":"2026-09-29 13:41:15"}
[lifecycle] {"active_presentation_nodes":2,"build_id":"a3-single-server-multiplayer-architecture-freeze","checkpoint":"v16.10.6-architecture-a3-single-server-multiplayer","event":"node_ready","local_input_enabled":true,"node_id":"live1-client-b-restart5","presentation_enabled":true,"presentation_host":{"active_node_count":2,"enabled":true,"schema":"planet_simulator.presentation_host.v1"},"runtime_role":"game-client","simulation_kernel":{"has_command_gateway":true,"has_entity_registry_port":false,"has_lifecycle":true,"has_simulation_clock":true,"has_test_registry":true,"has_world_entity_store":false,"has_world_repository_port":false,"initialized":true,"presentation_free":true,"schema":"planet_simulator.simulation_kernel.v1","service_ids":[]},"suppressed_presentation_roots":0,"ticks_msec":9793,"world_id":"earth"}
[m7_client] {"details":{"async_rejections":0,"async_results":0,"buffered_results":0,"item_updates":0,"joined":false,"last_error_code":"","messages_received":0,"messages_sent":0,"pending_blocking":0,"snapshot_updates":0},"event":"CLIENT_HEALTH","player":"b","process_id":4048,"time_msec":9799}
{"category":"atmosphere","data":{"active":true,"altitude_m":450.000000871241,"body_id":"earth","intensity":1.0},"event":"atmosphere_state_changed","level":"INFO","schema":"lunar.log.v1","session_id":"1790689269-3619","ticks_msec":9800,"timestamp_utc":"2026-09-29 13:41:15"}
{"category":"atmosphere","data":{"altitude_m":4000.0,"instances":214,"patch_radius_m":70000.0,"plugin_id":"earth_low_clouds"},"event":"cloud_layer_rebuilt","level":"INFO","schema":"lunar.log.v1","session_id":"1790689269-3619","ticks_msec":9801,"timestamp_utc":"2026-09-29 13:41:15"}
[m7_client] {"details":{"ownership_epoch":2,"player_entity_id":"player/b"},"event":"CLIENT_READY","player":"b","process_id":4048,"time_msec":9888}
{"category":"earth","data":{"biome":"grassland","center_direction":[0.0981144835578841,-0.775488939243463,0.623690991779758],"elapsed_ms":3370.696,"mesh":{"average_elevation_m":480.484765998997,"average_geometric_slope_deg":3.76195480828819,"average_mountain_mask":0.0287829046706593,"biome_counts":{"1":23,"3":597,"4":294,"5":12911},"label":"local","maximum_elevation_m":1323.53762069583,"maximum_geometric_slope_deg":14.1786456140211,"minimum_elevation_m":182.065760102266,"relief_range_m":1141.47186059357,"sample_count":13825,"snow_fraction":0.0,"snow_sample_count":0,"water_fraction":0.00166365280289331,"water_sample_count":23},"placement":{"billboard_trees":3766,"elapsed_ms":2716.28,"grass":14000,"near_trees":662,"pipeline_samples":68541,"rocks":81,"seed":322414760697},"terrain":{"active_rule_count":5,"last_batch_elapsed_ms":654.165,"last_batch_label":"local_earth_surface","last_batch_sample_count":13825,"total_sample_count":207339,"validation_errors":[]}},"event":"earth_surface_rebuilt","level":"INFO","schema":"lunar.log.v1","session_id":"1790689269-3619","ticks_msec":13453,"timestamp_utc":"2026-09-29 13:41:19"}
{"category":"terrain_performance","data":{"biome":"grassland","center_direction":[0.0981144835578841,-0.775488939243463,0.623690991779758],"elapsed_ms":3370.696,"mesh":{"average_elevation_m":480.484765998997,"average_geometric_slope_deg":3.76195480828819,"average_mountain_mask":0.0287829046706593,"biome_counts":{"1":23,"3":597,"4":294,"5":12911},"label":"local","maximum_elevation_m":1323.53762069583,"maximum_geometric_slope_deg":14.1786456140211,"minimum_elevation_m":182.065760102266,"relief_range_m":1141.47186059357,"sample_count":13825,"snow_fraction":0.0,"snow_sample_count":0,"water_fraction":0.00166365280289331,"water_sample_count":23},"placement":{"billboard_trees":3766,"elapsed_ms":2716.28,"grass":14000,"near_trees":662,"pipeline_samples":68541,"rocks":81,"seed":322414760697},"terrain":{"active_rule_count":5,"last_batch_elapsed_ms":654.165,"last_batch_label":"local_earth_surface","last_batch_sample_count":13825,"total_sample_count":207339,"validation_errors":[]}},"event":"earth_surface_rebuild","level":"INFO","schema":"lunar.log.v1","session_id":"1790689269-3619","ticks_msec":13454,"timestamp_utc":"2026-09-29 13:41:19"}
[m7_client] {"details":{"async_rejections":0,"async_results":0,"buffered_results":0,"item_updates":1,"joined":true,"last_error_code":"","messages_received":2,"messages_sent":2,"pending_blocking":0,"snapshot_updates":1},"event":"CLIENT_HEALTH","player":"b","process_id":4048,"time_msec":13501}
{"category":"atmosphere","data":{"altitude_m":4000.0,"instances":214,"patch_radius_m":70000.0,"plugin_id":"earth_low_clouds"},"event":"cloud_layer_rebuilt","level":"INFO","schema":"lunar.log.v1","session_id":"1790689269-3619","ticks_msec":13502,"timestamp_utc":"2026-09-29 13:41:19"}
[m7_client] {"details":{"async_rejections":0,"async_results":0,"buffered_results":0,"item_updates":1,"joined":true,"last_error_code":"","messages_received":33,"messages_sent":55,"pending_blocking":0,"snapshot_updates":29},"event":"CLIENT_HEALTH","player":"b","process_id":4048,"time_msec":15501}
[m7_client] {"details":{"async_rejections":0,"async_results":0,"buffered_results":0,"item_updates":1,"joined":true,"last_error_code":"","messages_received":72,"messages_sent":111,"pending_blocking":0,"snapshot_updates":68},"event":"CLIENT_HEALTH","player":"b","process_id":4048,"time_msec":17501}
[m7_client] {"details":{"async_rejections":0,"async_results":0,"buffered_results":0,"item_updates":1,"joined":true,"last_error_code":"","messages_received":112,"messages_sent":168,"pending_blocking":0,"snapshot_updates":108},"event":"CLIENT_HEALTH","player":"b","process_id":4048,"time_msec":19506}
[m7_client] {"details":{"async_rejections":0,"async_results":0,"buffered_results":0,"item_updates":1,"joined":true,"last_error_code":"","messages_received":152,"messages_sent":225,"pending_blocking":0,"snapshot_updates":148},"event":"CLIENT_HEALTH","player":"b","process_id":4048,"time_msec":21507}
[command] player.interact -> Подобрать: Маяк
[m7_client] {"details":{"async_rejections":0,"async_results":0,"buffered_results":0,"item_updates":1,"joined":true,"last_error_code":"","messages_received":193,"messages_sent":282,"pending_blocking":0,"snapshot_updates":188},"event":"CLIENT_HEALTH","player":"b","process_id":4048,"time_msec":23515}
[command] inventory.hotbar.select 1 -> Выбран слот 1
[m7_client] {"details":{"async_rejections":0,"async_results":0,"buffered_results":0,"item_updates":1,"joined":true,"last_error_code":"","messages_received":234,"messages_sent":338,"pending_blocking":0,"snapshot_updates":228},"event":"CLIENT_HEALTH","player":"b","process_id":4048,"time_msec":25518}
[command] player.interact -> Нет предмета или контейнера в зоне взаимодействия
[command] inventory.hotbar.select 2 -> Выбран слот 2
[m7_client] {"details":{"async_rejections":0,"async_results":0,"buffered_results":0,"item_updates":1,"joined":true,"last_error_code":"","messages_received":275,"messages_sent":394,"pending_blocking":0,"snapshot_updates":267},"event":"CLIENT_HEALTH","player":"b","process_id":4048,"time_msec":27518}
[command] player.interact -> Нет предмета или контейнера в зоне взаимодействия
[command] inventory.toggle -> Инвентарь открыт
[m7_client] {"details":{"async_rejections":0,"async_results":0,"buffered_results":0,"item_updates":1,"joined":true,"last_error_code":"","messages_received":315,"messages_sent":435,"pending_blocking":0,"snapshot_updates":307},"event":"CLIENT_HEALTH","player":"b","process_id":4048,"time_msec":29518}
[m7_client] {"details":{"async_rejections":0,"async_results":0,"buffered_results":0,"item_updates":1,"joined":true,"last_error_code":"","messages_received":349,"messages_sent":435,"pending_blocking":0,"snapshot_updates":341},"event":"CLIENT_HEALTH","player":"b","process_id":4048,"time_msec":31521}
[m7_client] {"details":{"async_rejections":0,"async_results":0,"buffered_results":0,"item_updates":1,"joined":true,"last_error_code":"","messages_received":389,"messages_sent":435,"pending_blocking":0,"snapshot_updates":381},"event":"CLIENT_HEALTH","player":"b","process_id":4048,"time_msec":33521}
[m7_client] {"details":{"async_rejections":0,"async_results":0,"buffered_results":0,"item_updates":1,"joined":true,"last_error_code":"","messages_received":430,"messages_sent":436,"pending_blocking":0,"snapshot_updates":421},"event":"CLIENT_HEALTH","player":"b","process_id":4048,"time_msec":35545}
[m7_client] {"details":{"async_rejections":0,"async_results":0,"buffered_results":0,"item_updates":1,"joined":true,"last_error_code":"","messages_received":470,"messages_sent":436,"pending_blocking":0,"snapshot_updates":461},"event":"CLIENT_HEALTH","player":"b","process_id":4048,"time_msec":37547}
[command] inventory.toggle -> Инвентарь закрыт
[m7_client] {"details":{"async_rejections":0,"async_results":0,"buffered_results":0,"item_updates":1,"joined":true,"last_error_code":"","messages_received":510,"messages_sent":490,"pending_blocking":0,"snapshot_updates":501},"event":"CLIENT_HEALTH","player":"b","process_id":4048,"time_msec":39548}
[command] inventory.toggle -> Инвентарь открыт
[m7_client] {"details":{"async_rejections":0,"async_results":0,"buffered_results":0,"item_updates":1,"joined":true,"last_error_code":"","messages_received":550,"messages_sent":547,"pending_blocking":0,"snapshot_updates":541},"event":"CLIENT_HEALTH","player":"b","process_id":4048,"time_msec":41553}
[m7_client] {"details":{"async_rejections":0,"async_results":0,"buffered_results":0,"item_updates":1,"joined":true,"last_error_code":"","messages_received":590,"messages_sent":548,"pending_blocking":0,"snapshot_updates":581},"event":"CLIENT_HEALTH","player":"b","process_id":4048,"time_msec":43553}
[m7_client] {"details":{"async_rejections":0,"async_results":0,"buffered_results":0,"item_updates":1,"joined":true,"last_error_code":"","messages_received":630,"messages_sent":548,"pending_blocking":0,"snapshot_updates":621},"event":"CLIENT_HEALTH","player":"b","process_id":4048,"time_msec":45553}
[m7_client] {"details":{"async_rejections":0,"async_results":0,"buffered_results":0,"item_updates":1,"joined":true,"last_error_code":"","messages_received":670,"messages_sent":548,"pending_blocking":0,"snapshot_updates":661},"event":"CLIENT_HEALTH","player":"b","process_id":4048,"time_msec":47553}
[m7_client] {"details":{"async_rejections":0,"async_results":0,"buffered_results":0,"item_updates":1,"joined":true,"last_error_code":"","messages_received":710,"messages_sent":548,"pending_blocking":0,"snapshot_updates":701},"event":"CLIENT_HEALTH","player":"b","process_id":4048,"time_msec":49553}
[m7_client] {"details":{"async_rejections":0,"async_results":0,"buffered_results":0,"item_updates":1,"joined":true,"last_error_code":"","messages_received":750,"messages_sent":548,"pending_blocking":0,"snapshot_updates":741},"event":"CLIENT_HEALTH","player":"b","process_id":4048,"time_msec":51558}
[m7_client] {"details":{"async_rejections":0,"async_results":0,"buffered_results":0,"item_updates":1,"joined":true,"last_error_code":"","messages_received":795,"messages_sent":553,"pending_blocking":0,"snapshot_updates":781},"event":"CLIENT_HEALTH","player":"b","process_id":4048,"time_msec":53558}
[command] inventory.toggle -> Инвентарь закрыт
[m7_client] {"details":{"async_rejections":0,"async_results":0,"buffered_results":0,"item_updates":1,"joined":true,"last_error_code":"","messages_received":836,"messages_sent":576,"pending_blocking":0,"snapshot_updates":821},"event":"CLIENT_HEALTH","player":"b","process_id":4048,"time_msec":55558}
[m7_client] {"details":{"async_rejections":0,"async_results":0,"buffered_results":0,"item_updates":1,"joined":true,"last_error_code":"","messages_received":876,"messages_sent":633,"pending_blocking":0,"snapshot_updates":861},"event":"CLIENT_HEALTH","player":"b","process_id":4048,"time_msec":57558}
[m7_client] {"details":{"async_rejections":0,"async_results":0,"buffered_results":0,"item_updates":1,"joined":true,"last_error_code":"","messages_received":916,"messages_sent":689,"pending_blocking":0,"snapshot_updates":901},"event":"CLIENT_HEALTH","player":"b","process_id":4048,"time_msec":59558}
[m7_client] {"details":{"async_rejections":0,"async_results":0,"buffered_results":0,"item_updates":1,"joined":true,"last_error_code":"","messages_received":956,"messages_sent":746,"pending_blocking":0,"snapshot_updates":941},"event":"CLIENT_HEALTH","player":"b","process_id":4048,"time_msec":61558}
[m7_client] {"details":{"async_rejections":0,"async_results":0,"buffered_results":0,"item_updates":1,"joined":true,"last_error_code":"","messages_received":995,"messages_sent":803,"pending_blocking":0,"snapshot_updates":980},"event":"CLIENT_HEALTH","player":"b","process_id":4048,"time_msec":63558}
[m7_client] {"details":{"async_rejections":0,"async_results":0,"buffered_results":0,"item_updates":1,"joined":true,"last_error_code":"","messages_received":1035,"messages_sent":860,"pending_blocking":0,"snapshot_updates":1020},"event":"CLIENT_HEALTH","player":"b","process_id":4048,"time_msec":65565}
[m7_client] {"details":{"async_rejections":0,"async_results":0,"buffered_results":0,"item_updates":1,"joined":true,"last_error_code":"","messages_received":1076,"messages_sent":916,"pending_blocking":0,"snapshot_updates":1061},"event":"CLIENT_HEALTH","player":"b","process_id":4048,"time_msec":67572}
[m7_client] {"details":{"async_rejections":0,"async_results":0,"buffered_results":0,"item_updates":1,"joined":true,"last_error_code":"","messages_received":1116,"messages_sent":973,"pending_blocking":0,"snapshot_updates":1101},"event":"CLIENT_HEALTH","player":"b","process_id":4048,"time_msec":69579}
[m7_client] {"details":{"async_rejections":0,"async_results":0,"buffered_results":0,"item_updates":1,"joined":true,"last_error_code":"","messages_received":1156,"messages_sent":1029,"pending_blocking":0,"snapshot_updates":1141},"event":"CLIENT_HEALTH","player":"b","process_id":4048,"time_msec":71581}
[m7_client] {"details":{"async_rejections":0,"async_results":0,"buffered_results":0,"item_updates":1,"joined":true,"last_error_code":"","messages_received":1196,"messages_sent":1085,"pending_blocking":0,"snapshot_updates":1181},"event":"CLIENT_HEALTH","player":"b","process_id":4048,"time_msec":73581}
[m7_client] {"details":{"async_rejections":0,"async_results":0,"buffered_results":0,"item_updates":1,"joined":true,"last_error_code":"","messages_received":1236,"messages_sent":1142,"pending_blocking":0,"snapshot_updates":1221},"event":"CLIENT_HEALTH","player":"b","process_id":4048,"time_msec":75584}
[m7_client] {"details":{"async_rejections":0,"async_results":0,"buffered_results":0,"item_updates":1,"joined":true,"last_error_code":"","messages_received":1276,"messages_sent":1198,"pending_blocking":0,"snapshot_updates":1261},"event":"CLIENT_HEALTH","player":"b","process_id":4048,"time_msec":77587}
[m7_client] {"details":{"async_rejections":0,"async_results":0,"buffered_results":0,"item_updates":1,"joined":true,"last_error_code":"","messages_received":1316,"messages_sent":1255,"pending_blocking":0,"snapshot_updates":1301},"event":"CLIENT_HEALTH","player":"b","process_id":4048,"time_msec":79593}
[m7_client] {"details":{"async_rejections":0,"async_results":0,"buffered_results":0,"item_updates":1,"joined":true,"last_error_code":"","messages_received":1356,"messages_sent":1312,"pending_blocking":0,"snapshot_updates":1341},"event":"CLIENT_HEALTH","player":"b","process_id":4048,"time_msec":81599}
[m7_client] {"details":{"async_rejections":0,"async_results":0,"buffered_results":0,"item_updates":1,"joined":true,"last_error_code":"","messages_received":1396,"messages_sent":1369,"pending_blocking":0,"snapshot_updates":1381},"event":"CLIENT_HEALTH","player":"b","process_id":4048,"time_msec":83604}
[m7_client] {"details":{"async_rejections":0,"async_results":0,"buffered_results":0,"item_updates":1,"joined":true,"last_error_code":"","messages_received":1436,"messages_sent":1426,"pending_blocking":0,"snapshot_updates":1421},"event":"CLIENT_HEALTH","player":"b","process_id":4048,"time_msec":85606}
[m7_client] {"details":{"async_rejections":0,"async_results":0,"buffered_results":0,"item_updates":1,"joined":true,"last_error_code":"","messages_received":1476,"messages_sent":1483,"pending_blocking":0,"snapshot_updates":1461},"event":"CLIENT_HEALTH","player":"b","process_id":4048,"time_msec":87612}
[m7_client] {"details":{"async_rejections":0,"async_results":0,"buffered_results":0,"item_updates":1,"joined":true,"last_error_code":"","messages_received":1516,"messages_sent":1539,"pending_blocking":0,"snapshot_updates":1501},"event":"CLIENT_HEALTH","player":"b","process_id":4048,"time_msec":89616}
[m7_client] {"details":{"async_rejections":0,"async_results":0,"buffered_results":0,"item_updates":1,"joined":true,"last_error_code":"","messages_received":1556,"messages_sent":1596,"pending_blocking":0,"snapshot_updates":1541},"event":"CLIENT_HEALTH","player":"b","process_id":4048,"time_msec":91616}
[m7_client] {"details":{"async_rejections":0,"async_results":0,"buffered_results":0,"item_updates":1,"joined":true,"last_error_code":"","messages_received":1596,"messages_sent":1652,"pending_blocking":0,"snapshot_updates":1581},"event":"CLIENT_HEALTH","player":"b","process_id":4048,"time_msec":93616}
[m7_client] {"details":{"async_rejections":0,"async_results":0,"buffered_results":0,"item_updates":1,"joined":true,"last_error_code":"","messages_received":1636,"messages_sent":1709,"pending_blocking":0,"snapshot_updates":1621},"event":"CLIENT_HEALTH","player":"b","process_id":4048,"time_msec":95616}
[m7_client] {"details":{"async_rejections":0,"async_results":0,"buffered_results":0,"item_updates":1,"joined":true,"last_error_code":"","messages_received":1677,"messages_sent":1766,"pending_blocking":0,"snapshot_updates":1662},"event":"CLIENT_HEALTH","player":"b","process_id":4048,"time_msec":97624}
[m7_client] {"details":{"async_rejections":0,"async_results":0,"buffered_results":0,"item_updates":1,"joined":true,"last_error_code":"","messages_received":1717,"messages_sent":1823,"pending_blocking":0,"snapshot_updates":1702},"event":"CLIENT_HEALTH","player":"b","process_id":4048,"time_msec":99632}
[m7_client] {"details":{"async_rejections":0,"async_results":0,"buffered_results":0,"item_updates":1,"joined":true,"last_error_code":"","messages_received":1757,"messages_sent":1879,"pending_blocking":0,"snapshot_updates":1742},"event":"CLIENT_HEALTH","player":"b","process_id":4048,"time_msec":101633}
[m7_client] {"details":{"async_rejections":0,"async_results":0,"buffered_results":0,"item_updates":1,"joined":true,"last_error_code":"","messages_received":1797,"messages_sent":1936,"pending_blocking":0,"snapshot_updates":1782},"event":"CLIENT_HEALTH","player":"b","process_id":4048,"time_msec":103635}
[m7_client] {"details":{"async_rejections":0,"async_results":0,"buffered_results":0,"item_updates":1,"joined":true,"last_error_code":"","messages_received":1837,"messages_sent":1992,"pending_blocking":0,"snapshot_updates":1822},"event":"CLIENT_HEALTH","player":"b","process_id":4048,"time_msec":105639}
[m7_client] {"details":{"async_rejections":0,"async_results":0,"buffered_results":0,"item_updates":1,"joined":true,"last_error_code":"","messages_received":1877,"messages_sent":2049,"pending_blocking":0,"snapshot_updates":1862},"event":"CLIENT_HEALTH","player":"b","process_id":4048,"time_msec":107639}
[m7_client] {"details":{"async_rejections":0,"async_results":0,"buffered_results":0,"item_updates":1,"joined":true,"last_error_code":"","messages_received":1917,"messages_sent":2106,"pending_blocking":0,"snapshot_updates":1902},"event":"CLIENT_HEALTH","player":"b","process_id":4048,"time_msec":109640}
[m7_client] {"details":{"async_rejections":0,"async_results":0,"buffered_results":0,"item_updates":1,"joined":true,"last_error_code":"","messages_received":1957,"messages_sent":2162,"pending_blocking":0,"snapshot_updates":1942},"event":"CLIENT_HEALTH","player":"b","process_id":4048,"time_msec":111645}
[m7_client] {"details":{"async_rejections":0,"async_results":0,"buffered_results":0,"item_updates":1,"joined":true,"last_error_code":"","messages_received":1997,"messages_sent":2219,"pending_blocking":0,"snapshot_updates":1982},"event":"CLIENT_HEALTH","player":"b","process_id":4048,"time_msec":113645}
[m7_client] {"details":{"async_rejections":0,"async_results":0,"buffered_results":0,"item_updates":1,"joined":true,"last_error_code":"","messages_received":2037,"messages_sent":2276,"pending_blocking":0,"snapshot_updates":2022},"event":"CLIENT_HEALTH","player":"b","process_id":4048,"time_msec":115646}
[m7_client] {"details":{"async_rejections":0,"async_results":0,"buffered_results":0,"item_updates":1,"joined":true,"last_error_code":"","messages_received":2077,"messages_sent":2332,"pending_blocking":0,"snapshot_updates":2062},"event":"CLIENT_HEALTH","player":"b","process_id":4048,"time_msec":117650}
[m7_client] {"details":{"async_rejections":0,"async_results":0,"buffered_results":0,"item_updates":1,"joined":true,"last_error_code":"","messages_received":2117,"messages_sent":2388,"pending_blocking":0,"snapshot_updates":2102},"event":"CLIENT_HEALTH","player":"b","process_id":4048,"time_msec":119650}
[m7_client] {"details":{"async_rejections":0,"async_results":0,"buffered_results":0,"item_updates":1,"joined":true,"last_error_code":"","messages_received":2157,"messages_sent":2445,"pending_blocking":0,"snapshot_updates":2142},"event":"CLIENT_HEALTH","player":"b","process_id":4048,"time_msec":121652}
[m7_client] {"details":{"async_rejections":0,"async_results":0,"buffered_results":0,"item_updates":1,"joined":true,"last_error_code":"","messages_received":2197,"messages_sent":2501,"pending_blocking":0,"snapshot_updates":2182},"event":"CLIENT_HEALTH","player":"b","process_id":4048,"time_msec":123656}
[m7_client] {"details":{"async_rejections":0,"async_results":0,"buffered_results":0,"item_updates":1,"joined":true,"last_error_code":"","messages_received":2237,"messages_sent":2557,"pending_blocking":0,"snapshot_updates":2222},"event":"CLIENT_HEALTH","player":"b","process_id":4048,"time_msec":125656}
[m7_client] {"details":{"async_rejections":0,"async_results":0,"buffered_results":0,"item_updates":1,"joined":true,"last_error_code":"","messages_received":2277,"messages_sent":2614,"pending_blocking":0,"snapshot_updates":2262},"event":"CLIENT_HEALTH","player":"b","process_id":4048,"time_msec":127656}
[m7_client] {"details":{"async_rejections":0,"async_results":0,"buffered_results":0,"item_updates":1,"joined":true,"last_error_code":"","messages_received":2317,"messages_sent":2671,"pending_blocking":0,"snapshot_updates":2302},"event":"CLIENT_HEALTH","player":"b","process_id":4048,"time_msec":129656}
[m7_client] {"details":{"async_rejections":0,"async_results":0,"buffered_results":0,"item_updates":1,"joined":true,"last_error_code":"","messages_received":2357,"messages_sent":2728,"pending_blocking":0,"snapshot_updates":2342},"event":"CLIENT_HEALTH","player":"b","process_id":4048,"time_msec":131663}
[m7_client] {"details":{"async_rejections":0,"async_results":0,"buffered_results":0,"item_updates":1,"joined":true,"last_error_code":"","messages_received":2397,"messages_sent":2784,"pending_blocking":0,"snapshot_updates":2382},"event":"CLIENT_HEALTH","player":"b","process_id":4048,"time_msec":133667}
[m7_client] {"details":{"async_rejections":0,"async_results":0,"buffered_results":0,"item_updates":1,"joined":true,"last_error_code":"","messages_received":2438,"messages_sent":2841,"pending_blocking":0,"snapshot_updates":2423},"event":"CLIENT_HEALTH","player":"b","process_id":4048,"time_msec":135670}
[m7_client] {"details":{"async_rejections":0,"async_results":0,"buffered_results":0,"item_updates":1,"joined":true,"last_error_code":"","messages_received":2478,"messages_sent":2898,"pending_blocking":0,"snapshot_updates":2463},"event":"CLIENT_HEALTH","player":"b","process_id":4048,"time_msec":137670}
[m7_client] {"details":{"async_rejections":0,"async_results":0,"buffered_results":0,"item_updates":1,"joined":true,"last_error_code":"","messages_received":2518,"messages_sent":2955,"pending_blocking":0,"snapshot_updates":2503},"event":"CLIENT_HEALTH","player":"b","process_id":4048,"time_msec":139678}
[m7_client] {"details":{"async_rejections":0,"async_results":0,"buffered_results":0,"item_updates":1,"joined":true,"last_error_code":"","messages_received":2558,"messages_sent":3011,"pending_blocking":0,"snapshot_updates":2543},"event":"CLIENT_HEALTH","player":"b","process_id":4048,"time_msec":141680}
[m7_client] {"details":{"async_rejections":0,"async_results":0,"buffered_results":0,"item_updates":1,"joined":true,"last_error_code":"","messages_received":2598,"messages_sent":3068,"pending_blocking":0,"snapshot_updates":2583},"event":"CLIENT_HEALTH","player":"b","process_id":4048,"time_msec":143681}
[command] player.interact -> Ошибка Item Graph: MINING_TOOL_REQUIRED
[command] player.interact -> Ошибка Item Graph: MINING_TOOL_REQUIRED
[command] player.interact -> Ошибка Item Graph: MINING_TOOL_REQUIRED
[command] player.interact -> Ошибка Item Graph: MINING_TOOL_REQUIRED
[command] player.interact -> Ошибка Item Graph: MINING_TOOL_REQUIRED
[command] player.interact -> Ошибка Item Graph: MINING_TOOL_REQUIRED
[m7_client] {"details":{"async_rejections":0,"async_results":0,"buffered_results":0,"item_updates":1,"joined":true,"last_error_code":"","messages_received":2631,"messages_sent":3130,"pending_blocking":0,"snapshot_updates":2610},"event":"CLIENT_HEALTH","player":"b","process_id":4048,"time_msec":145682}
[command] player.interact -> Ошибка Item Graph: MINING_TOOL_REQUIRED
[command] player.interact -> Ошибка Item Graph: MINING_TOOL_REQUIRED
[command] player.interact -> Ошибка Item Graph: MINING_TOOL_REQUIRED
[command] player.interact -> Ошибка Item Graph: MINING_TOOL_REQUIRED
[command] player.interact -> Ошибка Item Graph: MINING_TOOL_REQUIRED
[m7_client] {"details":{"async_rejections":0,"async_results":0,"buffered_results":0,"item_updates":1,"joined":true,"last_error_code":"","messages_received":2659,"messages_sent":3191,"pending_blocking":0,"snapshot_updates":2633},"event":"CLIENT_HEALTH","player":"b","process_id":4048,"time_msec":147684}
[command] player.interact -> Ошибка Item Graph: MINING_TOOL_REQUIRED
[command] player.interact -> Ошибка Item Graph: MINING_TOOL_REQUIRED
[command] player.interact -> Ошибка Item Graph: MINING_TOOL_REQUIRED
[command] player.interact -> Ошибка Item Graph: MINING_TOOL_REQUIRED
[command] player.interact -> Ошибка Item Graph: MINING_TOOL_REQUIRED
[m7_client] {"details":{"async_rejections":0,"async_results":0,"buffered_results":0,"item_updates":1,"joined":true,"last_error_code":"","messages_received":2682,"messages_sent":3252,"pending_blocking":0,"snapshot_updates":2651},"event":"CLIENT_HEALTH","player":"b","process_id":4048,"time_msec":149687}
[command] player.interact -> Ошибка Item Graph: MINING_TOOL_REQUIRED
[command] player.interact -> Ошибка Item Graph: MINING_TOOL_REQUIRED
[command] player.interact -> Ошибка Item Graph: MINING_TOOL_REQUIRED
[command] player.interact -> Ошибка Item Graph: MINING_TOOL_REQUIRED
[command] inventory.toggle -> Инвентарь открыт
[m7_client] {"details":{"async_rejections":0,"async_results":0,"buffered_results":0,"item_updates":1,"joined":true,"last_error_code":"","messages_received":2720,"messages_sent":3300,"pending_blocking":0,"snapshot_updates":2685},"event":"CLIENT_HEALTH","player":"b","process_id":4048,"time_msec":151690}
[m7_client] {"details":{"async_rejections":0,"async_results":0,"buffered_results":0,"item_updates":1,"joined":true,"last_error_code":"","messages_received":2760,"messages_sent":3301,"pending_blocking":0,"snapshot_updates":2724},"event":"CLIENT_HEALTH","player":"b","process_id":4048,"time_msec":153690}
[command] inventory.toggle -> Инвентарь закрыт
[m7_client] {"details":{"async_rejections":0,"async_results":0,"buffered_results":0,"item_updates":1,"joined":true,"last_error_code":"","messages_received":2800,"messages_sent":3341,"pending_blocking":0,"snapshot_updates":2764},"event":"CLIENT_HEALTH","player":"b","process_id":4048,"time_msec":155691}
[m7_client] {"details":{"async_rejections":0,"async_results":0,"buffered_results":0,"item_updates":1,"joined":true,"last_error_code":"","messages_received":2840,"messages_sent":3398,"pending_blocking":0,"snapshot_updates":2804},"event":"CLIENT_HEALTH","player":"b","process_id":4048,"time_msec":157698}
[command] player.interact -> Подобрать: Руда
[command] inventory.toggle -> Инвентарь открыт
[command] input.mouse.capture -> Мышь захвачена
[m7_client] {"details":{"async_rejections":0,"async_results":0,"buffered_results":0,"item_updates":1,"joined":true,"last_error_code":"","messages_received":2881,"messages_sent":3422,"pending_blocking":0,"snapshot_updates":2843},"event":"CLIENT_HEALTH","player":"b","process_id":4048,"time_msec":159707}
[command] inventory.toggle -> Инвентарь закрыт
[m7_client] {"details":{"async_rejections":0,"async_results":0,"buffered_results":0,"item_updates":1,"joined":true,"last_error_code":"","messages_received":2920,"messages_sent":3450,"pending_blocking":0,"snapshot_updates":2882},"event":"CLIENT_HEALTH","player":"b","process_id":4048,"time_msec":161709}
[m7_client] {"details":{"async_rejections":0,"async_results":0,"buffered_results":0,"item_updates":1,"joined":true,"last_error_code":"","messages_received":2960,"messages_sent":3506,"pending_blocking":0,"snapshot_updates":2922},"event":"CLIENT_HEALTH","player":"b","process_id":4048,"time_msec":163714}
[command] player.interact -> Подобрать: Основание
[m7_client] {"details":{"async_rejections":0,"async_results":0,"buffered_results":0,"item_updates":1,"joined":true,"last_error_code":"","messages_received":3000,"messages_sent":3563,"pending_blocking":0,"snapshot_updates":2961},"event":"CLIENT_HEALTH","player":"b","process_id":4048,"time_msec":165716}
[command] inventory.toggle -> Инвентарь открыт
[m7_client] {"details":{"async_rejections":0,"async_results":0,"buffered_results":0,"item_updates":1,"joined":true,"last_error_code":"","messages_received":3040,"messages_sent":3575,"pending_blocking":0,"snapshot_updates":3001},"event":"CLIENT_HEALTH","player":"b","process_id":4048,"time_msec":167719}
[m7_client] {"details":{"async_rejections":0,"async_results":0,"buffered_results":0,"item_updates":1,"joined":true,"last_error_code":"","messages_received":3080,"messages_sent":3575,"pending_blocking":0,"snapshot_updates":3041},"event":"CLIENT_HEALTH","player":"b","process_id":4048,"time_msec":169720}
[m7_client] {"details":{"async_rejections":0,"async_results":0,"buffered_results":0,"item_updates":1,"joined":true,"last_error_code":"","messages_received":3119,"messages_sent":3576,"pending_blocking":0,"snapshot_updates":3079},"event":"CLIENT_HEALTH","player":"b","process_id":4048,"time_msec":171725}
[command] inventory.toggle -> Инвентарь закрыт
[m7_client] {"details":{"async_rejections":0,"async_results":0,"buffered_results":0,"item_updates":1,"joined":true,"last_error_code":"","messages_received":3159,"messages_sent":3626,"pending_blocking":0,"snapshot_updates":3119},"event":"CLIENT_HEALTH","player":"b","process_id":4048,"time_msec":173725}
[command] player.interact -> Подобрать: Основание
[m7_client] {"details":{"async_rejections":0,"async_results":0,"buffered_results":0,"item_updates":1,"joined":true,"last_error_code":"","messages_received":3198,"messages_sent":3684,"pending_blocking":0,"snapshot_updates":3157},"event":"CLIENT_HEALTH","player":"b","process_id":4048,"time_msec":175725}
[command] inventory.hotbar.select 2 -> Выбран слот 2
[command] player.interact -> Нет предмета или контейнера в зоне взаимодействия
[command] player.interact -> Нет предмета или контейнера в зоне взаимодействия
[command] inventory.toggle -> Инвентарь открыт
[m7_client] {"details":{"async_rejections":0,"async_results":0,"buffered_results":0,"item_updates":1,"joined":true,"last_error_code":"","messages_received":3237,"messages_sent":3721,"pending_blocking":0,"snapshot_updates":3195},"event":"CLIENT_HEALTH","player":"b","process_id":4048,"time_msec":177725}
[m7_client] {"details":{"async_rejections":0,"async_results":0,"buffered_results":0,"item_updates":1,"joined":true,"last_error_code":"","messages_received":3277,"messages_sent":3721,"pending_blocking":0,"snapshot_updates":3235},"event":"CLIENT_HEALTH","player":"b","process_id":4048,"time_msec":179725}
[m7_client] {"details":{"async_rejections":0,"async_results":0,"buffered_results":0,"item_updates":1,"joined":true,"last_error_code":"","messages_received":3315,"messages_sent":3722,"pending_blocking":0,"snapshot_updates":3272},"event":"CLIENT_HEALTH","player":"b","process_id":4048,"time_msec":181731}
[command] inventory.toggle -> Инвентарь закрыт
[command] inventory.hotbar.select 2 -> Выбран слот 2
[command] inventory.hotbar.select 3 -> Выбран слот 3
[m7_client] {"details":{"async_rejections":0,"async_results":0,"buffered_results":0,"item_updates":1,"joined":true,"last_error_code":"","messages_received":3353,"messages_sent":3762,"pending_blocking":0,"snapshot_updates":3308},"event":"CLIENT_HEALTH","player":"b","process_id":4048,"time_msec":183732}
[command] player.interact -> Нет предмета или контейнера в зоне взаимодействия
[command] player.interact -> Нет предмета или контейнера в зоне взаимодействия
[command] player.interact -> Нет предмета или контейнера в зоне взаимодействия
[command] player.interact -> Нет предмета или контейнера в зоне взаимодействия
[m7_client] {"details":{"async_rejections":0,"async_results":0,"buffered_results":0,"item_updates":1,"joined":true,"last_error_code":"","messages_received":3393,"messages_sent":3818,"pending_blocking":0,"snapshot_updates":3348},"event":"CLIENT_HEALTH","player":"b","process_id":4048,"time_msec":185736}
[m7_client] {"details":{"async_rejections":0,"async_results":0,"buffered_results":0,"item_updates":1,"joined":true,"last_error_code":"","messages_received":3433,"messages_sent":3875,"pending_blocking":0,"snapshot_updates":3388},"event":"CLIENT_HEALTH","player":"b","process_id":4048,"time_msec":187737}
[m7_client] {"details":{"async_rejections":0,"async_results":0,"buffered_results":0,"item_updates":1,"joined":true,"last_error_code":"","messages_received":3473,"messages_sent":3931,"pending_blocking":0,"snapshot_updates":3428},"event":"CLIENT_HEALTH","player":"b","process_id":4048,"time_msec":189742}
[m7_client] {"details":{"async_rejections":0,"async_results":0,"buffered_results":0,"item_updates":1,"joined":true,"last_error_code":"","messages_received":3513,"messages_sent":3988,"pending_blocking":0,"snapshot_updates":3468},"event":"CLIENT_HEALTH","player":"b","process_id":4048,"time_msec":191742}
[m7_client] {"details":{"async_rejections":0,"async_results":0,"buffered_results":0,"item_updates":1,"joined":true,"last_error_code":"","messages_received":3553,"messages_sent":4045,"pending_blocking":0,"snapshot_updates":3508},"event":"CLIENT_HEALTH","player":"b","process_id":4048,"time_msec":193743}
[m7_client] {"details":{"async_rejections":0,"async_results":0,"buffered_results":0,"item_updates":1,"joined":true,"last_error_code":"","messages_received":3593,"messages_sent":4102,"pending_blocking":0,"snapshot_updates":3548},"event":"CLIENT_HEALTH","player":"b","process_id":4048,"time_msec":195749}
[m7_client] {"details":{"async_rejections":0,"async_results":0,"buffered_results":0,"item_updates":1,"joined":true,"last_error_code":"","messages_received":3633,"messages_sent":4158,"pending_blocking":0,"snapshot_updates":3588},"event":"CLIENT_HEALTH","player":"b","process_id":4048,"time_msec":197754}
[m7_client] {"details":{"async_rejections":0,"async_results":0,"buffered_results":0,"item_updates":1,"joined":true,"last_error_code":"","messages_received":3674,"messages_sent":4215,"pending_blocking":0,"snapshot_updates":3629},"event":"CLIENT_HEALTH","player":"b","process_id":4048,"time_msec":199762}
[m7_client] {"details":{"async_rejections":0,"async_results":0,"buffered_results":0,"item_updates":1,"joined":true,"last_error_code":"","messages_received":3714,"messages_sent":4272,"pending_blocking":0,"snapshot_updates":3669},"event":"CLIENT_HEALTH","player":"b","process_id":4048,"time_msec":201767}
[m7_client] {"details":{"async_rejections":0,"async_results":0,"buffered_results":0,"item_updates":1,"joined":true,"last_error_code":"","messages_received":3754,"messages_sent":4328,"pending_blocking":0,"snapshot_updates":3709},"event":"CLIENT_HEALTH","player":"b","process_id":4048,"time_msec":203771}
[m7_client] {"details":{"async_rejections":0,"async_results":0,"buffered_results":0,"item_updates":1,"joined":true,"last_error_code":"","messages_received":3794,"messages_sent":4385,"pending_blocking":0,"snapshot_updates":3749},"event":"CLIENT_HEALTH","player":"b","process_id":4048,"time_msec":205774}
[m7_client] {"details":{"async_rejections":0,"async_results":0,"buffered_results":0,"item_updates":1,"joined":true,"last_error_code":"","messages_received":3834,"messages_sent":4441,"pending_blocking":0,"snapshot_updates":3789},"event":"CLIENT_HEALTH","player":"b","process_id":4048,"time_msec":207777}
[m7_client] {"details":{"async_rejections":0,"async_results":0,"buffered_results":0,"item_updates":1,"joined":true,"last_error_code":"","messages_received":3874,"messages_sent":4496,"pending_blocking":0,"snapshot_updates":3829},"event":"CLIENT_HEALTH","player":"b","process_id":4048,"time_msec":209778}
[m7_client] {"details":{"async_rejections":0,"async_results":0,"buffered_results":0,"item_updates":1,"joined":true,"last_error_code":"","messages_received":3914,"messages_sent":4552,"pending_blocking":0,"snapshot_updates":3869},"event":"CLIENT_HEALTH","player":"b","process_id":4048,"time_msec":211783}
[m7_client] {"details":{"async_rejections":0,"async_results":0,"buffered_results":0,"item_updates":1,"joined":true,"last_error_code":"","messages_received":3954,"messages_sent":4609,"pending_blocking":0,"snapshot_updates":3909},"event":"CLIENT_HEALTH","player":"b","process_id":4048,"time_msec":213783}
[m7_client] {"details":{"async_rejections":0,"async_results":0,"buffered_results":0,"item_updates":1,"joined":true,"last_error_code":"","messages_received":3994,"messages_sent":4666,"pending_blocking":0,"snapshot_updates":3949},"event":"CLIENT_HEALTH","player":"b","process_id":4048,"time_msec":215784}
[m7_client] {"details":{"async_rejections":0,"async_results":0,"buffered_results":0,"item_updates":1,"joined":true,"last_error_code":"","messages_received":4034,"messages_sent":4722,"pending_blocking":0,"snapshot_updates":3989},"event":"CLIENT_HEALTH","player":"b","process_id":4048,"time_msec":217788}
[m7_client] {"details":{"async_rejections":0,"async_results":0,"buffered_results":0,"item_updates":1,"joined":true,"last_error_code":"","messages_received":4074,"messages_sent":4779,"pending_blocking":0,"snapshot_updates":4029},"event":"CLIENT_HEALTH","player":"b","process_id":4048,"time_msec":219788}
[m7_client] {"details":{"async_rejections":0,"async_results":0,"buffered_results":0,"item_updates":1,"joined":true,"last_error_code":"","messages_received":4114,"messages_sent":4835,"pending_blocking":0,"snapshot_updates":4069},"event":"CLIENT_HEALTH","player":"b","process_id":4048,"time_msec":221788}
[m7_client] {"details":{"async_rejections":0,"async_results":0,"buffered_results":0,"item_updates":1,"joined":true,"last_error_code":"","messages_received":4154,"messages_sent":4891,"pending_blocking":0,"snapshot_updates":4109},"event":"CLIENT_HEALTH","player":"b","process_id":4048,"time_msec":223788}
[m7_client] {"details":{"async_rejections":0,"async_results":0,"buffered_results":0,"item_updates":1,"joined":true,"last_error_code":"","messages_received":4194,"messages_sent":4947,"pending_blocking":0,"snapshot_updates":4149},"event":"CLIENT_HEALTH","player":"b","process_id":4048,"time_msec":225788}
[m7_client] {"details":{"async_rejections":0,"async_results":0,"buffered_results":0,"item_updates":1,"joined":true,"last_error_code":"","messages_received":4234,"messages_sent":5004,"pending_blocking":0,"snapshot_updates":4189},"event":"CLIENT_HEALTH","player":"b","process_id":4048,"time_msec":227788}
[m7_client] {"details":{"async_rejections":0,"async_results":0,"buffered_results":0,"item_updates":1,"joined":true,"last_error_code":"","messages_received":4274,"messages_sent":5061,"pending_blocking":0,"snapshot_updates":4229},"event":"CLIENT_HEALTH","player":"b","process_id":4048,"time_msec":229794}
[m7_client] {"details":{"async_rejections":0,"async_results":0,"buffered_results":0,"item_updates":1,"joined":true,"last_error_code":"","messages_received":4314,"messages_sent":5118,"pending_blocking":0,"snapshot_updates":4269},"event":"CLIENT_HEALTH","player":"b","process_id":4048,"time_msec":231801}
[m7_client] {"details":{"async_rejections":0,"async_results":0,"buffered_results":0,"item_updates":1,"joined":true,"last_error_code":"","messages_received":4355,"messages_sent":5174,"pending_blocking":0,"snapshot_updates":4310},"event":"CLIENT_HEALTH","player":"b","process_id":4048,"time_msec":233809}
[m7_client] {"details":{"async_rejections":0,"async_results":0,"buffered_results":0,"item_updates":1,"joined":true,"last_error_code":"","messages_received":4395,"messages_sent":5231,"pending_blocking":0,"snapshot_updates":4350},"event":"CLIENT_HEALTH","player":"b","process_id":4048,"time_msec":235814}
[m7_client] {"details":{"async_rejections":0,"async_results":0,"buffered_results":0,"item_updates":1,"joined":true,"last_error_code":"","messages_received":4435,"messages_sent":5287,"pending_blocking":0,"snapshot_updates":4390},"event":"CLIENT_HEALTH","player":"b","process_id":4048,"time_msec":237814}
[m7_client] {"details":{"async_rejections":0,"async_results":0,"buffered_results":0,"item_updates":1,"joined":true,"last_error_code":"","messages_received":4475,"messages_sent":5344,"pending_blocking":0,"snapshot_updates":4430},"event":"CLIENT_HEALTH","player":"b","process_id":4048,"time_msec":239814}
[m7_client] {"details":{"async_rejections":0,"async_results":0,"buffered_results":0,"item_updates":1,"joined":true,"last_error_code":"","messages_received":4515,"messages_sent":5400,"pending_blocking":0,"snapshot_updates":4470},"event":"CLIENT_HEALTH","player":"b","process_id":4048,"time_msec":241814}
[m7_client] {"details":{"async_rejections":0,"async_results":0,"buffered_results":0,"item_updates":1,"joined":true,"last_error_code":"","messages_received":4555,"messages_sent":5457,"pending_blocking":0,"snapshot_updates":4510},"event":"CLIENT_HEALTH","player":"b","process_id":4048,"time_msec":243815}
[m7_client] {"details":{"async_rejections":0,"async_results":0,"buffered_results":0,"item_updates":1,"joined":true,"last_error_code":"","messages_received":4595,"messages_sent":5513,"pending_blocking":0,"snapshot_updates":4550},"event":"CLIENT_HEALTH","player":"b","process_id":4048,"time_msec":245817}
[m7_client] {"details":{"async_rejections":0,"async_results":0,"buffered_results":0,"item_updates":1,"joined":true,"last_error_code":"","messages_received":4635,"messages_sent":5570,"pending_blocking":0,"snapshot_updates":4590},"event":"CLIENT_HEALTH","player":"b","process_id":4048,"time_msec":247824}
[m7_client] {"details":{"async_rejections":0,"async_results":0,"buffered_results":0,"item_updates":1,"joined":true,"last_error_code":"","messages_received":4675,"messages_sent":5626,"pending_blocking":0,"snapshot_updates":4630},"event":"CLIENT_HEALTH","player":"b","process_id":4048,"time_msec":249824}
[m7_client] {"details":{"async_rejections":0,"async_results":0,"buffered_results":0,"item_updates":1,"joined":true,"last_error_code":"","messages_received":4715,"messages_sent":5682,"pending_blocking":0,"snapshot_updates":4670},"event":"CLIENT_HEALTH","player":"b","process_id":4048,"time_msec":251828}
[m7_client] {"details":{"async_rejections":0,"async_results":0,"buffered_results":0,"item_updates":1,"joined":true,"last_error_code":"","messages_received":4755,"messages_sent":5739,"pending_blocking":0,"snapshot_updates":4710},"event":"CLIENT_HEALTH","player":"b","process_id":4048,"time_msec":253828}
[m7_client] {"details":{"async_rejections":0,"async_results":0,"buffered_results":0,"item_updates":1,"joined":true,"last_error_code":"","messages_received":4795,"messages_sent":5795,"pending_blocking":0,"snapshot_updates":4750},"event":"CLIENT_HEALTH","player":"b","process_id":4048,"time_msec":255828}
[m7_client] {"details":{"async_rejections":0,"async_results":0,"buffered_results":0,"item_updates":1,"joined":true,"last_error_code":"","messages_received":4835,"messages_sent":5852,"pending_blocking":0,"snapshot_updates":4790},"event":"CLIENT_HEALTH","player":"b","process_id":4048,"time_msec":257828}
[m7_client] {"details":{"async_rejections":0,"async_results":0,"buffered_results":0,"item_updates":1,"joined":true,"last_error_code":"","messages_received":4875,"messages_sent":5909,"pending_blocking":0,"snapshot_updates":4830},"event":"CLIENT_HEALTH","player":"b","process_id":4048,"time_msec":259829}
[m7_client] {"details":{"async_rejections":0,"async_results":0,"buffered_results":0,"item_updates":1,"joined":true,"last_error_code":"","messages_received":4915,"messages_sent":5965,"pending_blocking":0,"snapshot_updates":4870},"event":"CLIENT_HEALTH","player":"b","process_id":4048,"time_msec":261833}
[m7_client] {"details":{"async_rejections":0,"async_results":0,"buffered_results":0,"item_updates":1,"joined":true,"last_error_code":"","messages_received":4955,"messages_sent":6022,"pending_blocking":0,"snapshot_updates":4910},"event":"CLIENT_HEALTH","player":"b","process_id":4048,"time_msec":263833}
[m7_client] {"details":{"async_rejections":0,"async_results":0,"buffered_results":0,"item_updates":1,"joined":true,"last_error_code":"","messages_received":4995,"messages_sent":6079,"pending_blocking":0,"snapshot_updates":4950},"event":"CLIENT_HEALTH","player":"b","process_id":4048,"time_msec":265833}
[m7_client] {"details":{"async_rejections":0,"async_results":0,"buffered_results":0,"item_updates":1,"joined":true,"last_error_code":"","messages_received":5035,"messages_sent":6135,"pending_blocking":0,"snapshot_updates":4990},"event":"CLIENT_HEALTH","player":"b","process_id":4048,"time_msec":267833}
[m7_client] {"details":{"async_rejections":0,"async_results":0,"buffered_results":0,"item_updates":1,"joined":true,"last_error_code":"","messages_received":5075,"messages_sent":6191,"pending_blocking":0,"snapshot_updates":5030},"event":"CLIENT_HEALTH","player":"b","process_id":4048,"time_msec":269833}
[m7_client] {"details":{"async_rejections":0,"async_results":0,"buffered_results":0,"item_updates":1,"joined":true,"last_error_code":"","messages_received":5115,"messages_sent":6248,"pending_blocking":0,"snapshot_updates":5070},"event":"CLIENT_HEALTH","player":"b","process_id":4048,"time_msec":271833}
[m7_client] {"details":{"async_rejections":0,"async_results":0,"buffered_results":0,"item_updates":1,"joined":true,"last_error_code":"","messages_received":5155,"messages_sent":6305,"pending_blocking":0,"snapshot_updates":5110},"event":"CLIENT_HEALTH","player":"b","process_id":4048,"time_msec":273834}
[m7_client] {"details":{"async_rejections":0,"async_results":0,"buffered_results":0,"item_updates":1,"joined":true,"last_error_code":"","messages_received":5195,"messages_sent":6361,"pending_blocking":0,"snapshot_updates":5150},"event":"CLIENT_HEALTH","player":"b","process_id":4048,"time_msec":275839}
[m7_client] {"details":{"async_rejections":0,"async_results":0,"buffered_results":0,"item_updates":1,"joined":true,"last_error_code":"","messages_received":5235,"messages_sent":6418,"pending_blocking":0,"snapshot_updates":5190},"event":"CLIENT_HEALTH","player":"b","process_id":4048,"time_msec":277844}
[m7_client] {"details":{"async_rejections":0,"async_results":0,"buffered_results":0,"item_updates":1,"joined":true,"last_error_code":"","messages_received":5275,"messages_sent":6474,"pending_blocking":0,"snapshot_updates":5230},"event":"CLIENT_HEALTH","player":"b","process_id":4048,"time_msec":279844}
[m7_client] {"details":{"async_rejections":0,"async_results":0,"buffered_results":0,"item_updates":1,"joined":true,"last_error_code":"","messages_received":5315,"messages_sent":6530,"pending_blocking":0,"snapshot_updates":5270},"event":"CLIENT_HEALTH","player":"b","process_id":4048,"time_msec":281844}
[m7_client] {"details":{"async_rejections":0,"async_results":0,"buffered_results":0,"item_updates":1,"joined":true,"last_error_code":"","messages_received":5355,"messages_sent":6587,"pending_blocking":0,"snapshot_updates":5310},"event":"CLIENT_HEALTH","player":"b","process_id":4048,"time_msec":283844}
[m7_client] {"details":{"async_rejections":0,"async_results":0,"buffered_results":0,"item_updates":1,"joined":true,"last_error_code":"","messages_received":5395,"messages_sent":6644,"pending_blocking":0,"snapshot_updates":5350},"event":"CLIENT_HEALTH","player":"b","process_id":4048,"time_msec":285846}
[m7_client] {"details":{"async_rejections":0,"async_results":0,"buffered_results":0,"item_updates":1,"joined":true,"last_error_code":"","messages_received":5435,"messages_sent":6700,"pending_blocking":0,"snapshot_updates":5390},"event":"CLIENT_HEALTH","player":"b","process_id":4048,"time_msec":287850}
[m7_client] {"details":{"async_rejections":0,"async_results":0,"buffered_results":0,"item_updates":1,"joined":true,"last_error_code":"","messages_received":5475,"messages_sent":6757,"pending_blocking":0,"snapshot_updates":5430},"event":"CLIENT_HEALTH","player":"b","process_id":4048,"time_msec":289856}
[m7_client] {"details":{"async_rejections":0,"async_results":0,"buffered_results":0,"item_updates":1,"joined":true,"last_error_code":"","messages_received":5516,"messages_sent":6814,"pending_blocking":0,"snapshot_updates":5471},"event":"CLIENT_HEALTH","player":"b","process_id":4048,"time_msec":291864}
[m7_client] {"details":{"async_rejections":0,"async_results":0,"buffered_results":0,"item_updates":1,"joined":true,"last_error_code":"","messages_received":5556,"messages_sent":6871,"pending_blocking":0,"snapshot_updates":5511},"event":"CLIENT_HEALTH","player":"b","process_id":4048,"time_msec":293864}
[m7_client] {"details":{"async_rejections":0,"async_results":0,"buffered_results":0,"item_updates":1,"joined":true,"last_error_code":"","messages_received":5596,"messages_sent":6927,"pending_blocking":0,"snapshot_updates":5551},"event":"CLIENT_HEALTH","player":"b","process_id":4048,"time_msec":295867}
[m7_client] {"details":{"async_rejections":0,"async_results":0,"buffered_results":0,"item_updates":1,"joined":true,"last_error_code":"","messages_received":5636,"messages_sent":6984,"pending_blocking":0,"snapshot_updates":5591},"event":"CLIENT_HEALTH","player":"b","process_id":4048,"time_msec":297867}
[m7_client] {"details":{"async_rejections":0,"async_results":0,"buffered_results":0,"item_updates":1,"joined":true,"last_error_code":"","messages_received":5676,"messages_sent":7040,"pending_blocking":0,"snapshot_updates":5631},"event":"CLIENT_HEALTH","player":"b","process_id":4048,"time_msec":299867}
[m7_client] {"details":{"async_rejections":0,"async_results":0,"buffered_results":0,"item_updates":1,"joined":true,"last_error_code":"","messages_received":5716,"messages_sent":7097,"pending_blocking":0,"snapshot_updates":5671},"event":"CLIENT_HEALTH","player":"b","process_id":4048,"time_msec":301868}
[m7_client] {"details":{"async_rejections":0,"async_results":0,"buffered_results":0,"item_updates":1,"joined":true,"last_error_code":"","messages_received":5756,"messages_sent":7153,"pending_blocking":0,"snapshot_updates":5711},"event":"CLIENT_HEALTH","player":"b","process_id":4048,"time_msec":303873}
[m7_client] {"details":{"async_rejections":0,"async_results":0,"buffered_results":0,"item_updates":1,"joined":true,"last_error_code":"","messages_received":5796,"messages_sent":7210,"pending_blocking":0,"snapshot_updates":5751},"event":"CLIENT_HEALTH","player":"b","process_id":4048,"time_msec":305873}
[m7_client] {"details":{"async_rejections":0,"async_results":0,"buffered_results":0,"item_updates":1,"joined":true,"last_error_code":"","messages_received":5836,"messages_sent":7267,"pending_blocking":0,"snapshot_updates":5791},"event":"CLIENT_HEALTH","player":"b","process_id":4048,"time_msec":307874}
[m7_client] {"details":{"async_rejections":0,"async_results":0,"buffered_results":0,"item_updates":1,"joined":true,"last_error_code":"","messages_received":5876,"messages_sent":7323,"pending_blocking":0,"snapshot_updates":5831},"event":"CLIENT_HEALTH","player":"b","process_id":4048,"time_msec":309878}
[m7_client] {"details":{"async_rejections":0,"async_results":0,"buffered_results":0,"item_updates":1,"joined":true,"last_error_code":"","messages_received":5916,"messages_sent":7379,"pending_blocking":0,"snapshot_updates":5871},"event":"CLIENT_HEALTH","player":"b","process_id":4048,"time_msec":311878}
[m7_client] {"details":{"async_rejections":0,"async_results":0,"buffered_results":0,"item_updates":1,"joined":true,"last_error_code":"","messages_received":5956,"messages_sent":7436,"pending_blocking":0,"snapshot_updates":5911},"event":"CLIENT_HEALTH","player":"b","process_id":4048,"time_msec":313878}
[m7_client] {"details":{"async_rejections":0,"async_results":0,"buffered_results":0,"item_updates":1,"joined":true,"last_error_code":"","messages_received":5996,"messages_sent":7493,"pending_blocking":0,"snapshot_updates":5951},"event":"CLIENT_HEALTH","player":"b","process_id":4048,"time_msec":315880}
[m7_client] {"details":{"async_rejections":0,"async_results":0,"buffered_results":0,"item_updates":1,"joined":true,"last_error_code":"","messages_received":6036,"messages_sent":7549,"pending_blocking":0,"snapshot_updates":5991},"event":"CLIENT_HEALTH","player":"b","process_id":4048,"time_msec":317884}
[m7_client] {"details":{"async_rejections":0,"async_results":0,"buffered_results":0,"item_updates":1,"joined":true,"last_error_code":"","messages_received":6076,"messages_sent":7606,"pending_blocking":0,"snapshot_updates":6031},"event":"CLIENT_HEALTH","player":"b","process_id":4048,"time_msec":319890}
[m7_client] {"details":{"async_rejections":0,"async_results":0,"buffered_results":0,"item_updates":1,"joined":true,"last_error_code":"","messages_received":6116,"messages_sent":7663,"pending_blocking":0,"snapshot_updates":6071},"event":"CLIENT_HEALTH","player":"b","process_id":4048,"time_msec":321895}
[m7_client] {"details":{"async_rejections":0,"async_results":0,"buffered_results":0,"item_updates":1,"joined":true,"last_error_code":"","messages_received":6156,"messages_sent":7719,"pending_blocking":0,"snapshot_updates":6111},"event":"CLIENT_HEALTH","player":"b","process_id":4048,"time_msec":323895}
[m7_client] {"details":{"async_rejections":0,"async_results":0,"buffered_results":0,"item_updates":1,"joined":true,"last_error_code":"","messages_received":6196,"messages_sent":7776,"pending_blocking":0,"snapshot_updates":6151},"event":"CLIENT_HEALTH","player":"b","process_id":4048,"time_msec":325895}
[m7_client] {"details":{"async_rejections":0,"async_results":0,"buffered_results":0,"item_updates":1,"joined":true,"last_error_code":"","messages_received":6236,"messages_sent":7833,"pending_blocking":0,"snapshot_updates":6191},"event":"CLIENT_HEALTH","player":"b","process_id":4048,"time_msec":327897}
[m7_client] {"details":{"async_rejections":0,"async_results":0,"buffered_results":0,"item_updates":1,"joined":true,"last_error_code":"","messages_received":6276,"messages_sent":7889,"pending_blocking":0,"snapshot_updates":6231},"event":"CLIENT_HEALTH","player":"b","process_id":4048,"time_msec":329901}
[m7_client] {"details":{"async_rejections":0,"async_results":0,"buffered_results":0,"item_updates":1,"joined":true,"last_error_code":"","messages_received":6317,"messages_sent":7946,"pending_blocking":0,"snapshot_updates":6272},"event":"CLIENT_HEALTH","player":"b","process_id":4048,"time_msec":331905}
[m7_client] {"details":{"async_rejections":0,"async_results":0,"buffered_results":0,"item_updates":1,"joined":true,"last_error_code":"","messages_received":6357,"messages_sent":8003,"pending_blocking":0,"snapshot_updates":6312},"event":"CLIENT_HEALTH","player":"b","process_id":4048,"time_msec":333911}
[m7_client] {"details":{"async_rejections":0,"async_results":0,"buffered_results":0,"item_updates":1,"joined":true,"last_error_code":"","messages_received":6397,"messages_sent":8059,"pending_blocking":0,"snapshot_updates":6352},"event":"CLIENT_HEALTH","player":"b","process_id":4048,"time_msec":335913}
[m7_client] {"details":{"async_rejections":0,"async_results":0,"buffered_results":0,"item_updates":1,"joined":true,"last_error_code":"","messages_received":6437,"messages_sent":8116,"pending_blocking":0,"snapshot_updates":6392},"event":"CLIENT_HEALTH","player":"b","process_id":4048,"time_msec":337913}
[m7_client] {"details":{"async_rejections":0,"async_results":0,"buffered_results":0,"item_updates":1,"joined":true,"last_error_code":"","messages_received":6477,"messages_sent":8172,"pending_blocking":0,"snapshot_updates":6432},"event":"CLIENT_HEALTH","player":"b","process_id":4048,"time_msec":339913}
[m7_client] {"details":{"async_rejections":0,"async_results":0,"buffered_results":0,"item_updates":1,"joined":true,"last_error_code":"","messages_received":6517,"messages_sent":8229,"pending_blocking":0,"snapshot_updates":6472},"event":"CLIENT_HEALTH","player":"b","process_id":4048,"time_msec":341914}
[m7_client] {"details":{"async_rejections":0,"async_results":0,"buffered_results":0,"item_updates":1,"joined":true,"last_error_code":"","messages_received":6557,"messages_sent":8285,"pending_blocking":0,"snapshot_updates":6512},"event":"CLIENT_HEALTH","player":"b","process_id":4048,"time_msec":343915}
[m7_client] {"details":{"async_rejections":0,"async_results":0,"buffered_results":0,"item_updates":1,"joined":true,"last_error_code":"","messages_received":6597,"messages_sent":8341,"pending_blocking":0,"snapshot_updates":6552},"event":"CLIENT_HEALTH","player":"b","process_id":4048,"time_msec":345918}
[m7_client] {"details":{"async_rejections":0,"async_results":0,"buffered_results":0,"item_updates":1,"joined":true,"last_error_code":"","messages_received":6637,"messages_sent":8398,"pending_blocking":0,"snapshot_updates":6592},"event":"CLIENT_HEALTH","player":"b","process_id":4048,"time_msec":347918}
[m7_client] {"details":{"async_rejections":0,"async_results":0,"buffered_results":0,"item_updates":1,"joined":true,"last_error_code":"","messages_received":6677,"messages_sent":8454,"pending_blocking":0,"snapshot_updates":6632},"event":"CLIENT_HEALTH","player":"b","process_id":4048,"time_msec":349918}
[m7_client] {"details":{"async_rejections":0,"async_results":0,"buffered_results":0,"item_updates":1,"joined":true,"last_error_code":"","messages_received":6717,"messages_sent":8511,"pending_blocking":0,"snapshot_updates":6672},"event":"CLIENT_HEALTH","player":"b","process_id":4048,"time_msec":351923}
[m7_client] {"details":{"async_rejections":0,"async_results":0,"buffered_results":0,"item_updates":1,"joined":true,"last_error_code":"","messages_received":6757,"messages_sent":8568,"pending_blocking":0,"snapshot_updates":6712},"event":"CLIENT_HEALTH","player":"b","process_id":4048,"time_msec":353923}
[m7_client] {"details":{"async_rejections":0,"async_results":0,"buffered_results":0,"item_updates":1,"joined":true,"last_error_code":"","messages_received":6797,"messages_sent":8624,"pending_blocking":0,"snapshot_updates":6752},"event":"CLIENT_HEALTH","player":"b","process_id":4048,"time_msec":355923}
[m7_client] {"details":{"async_rejections":0,"async_results":0,"buffered_results":0,"item_updates":1,"joined":true,"last_error_code":"","messages_received":6837,"messages_sent":8680,"pending_blocking":0,"snapshot_updates":6792},"event":"CLIENT_HEALTH","player":"b","process_id":4048,"time_msec":357923}
[m7_client] {"details":{"async_rejections":0,"async_results":0,"buffered_results":0,"item_updates":1,"joined":true,"last_error_code":"","messages_received":6877,"messages_sent":8737,"pending_blocking":0,"snapshot_updates":6832},"event":"CLIENT_HEALTH","player":"b","process_id":4048,"time_msec":359923}
[m7_client] {"details":{"async_rejections":0,"async_results":0,"buffered_results":0,"item_updates":1,"joined":true,"last_error_code":"","messages_received":6917,"messages_sent":8794,"pending_blocking":0,"snapshot_updates":6872},"event":"CLIENT_HEALTH","player":"b","process_id":4048,"time_msec":361923}
[m7_client] {"details":{"async_rejections":0,"async_results":0,"buffered_results":0,"item_updates":1,"joined":true,"last_error_code":"","messages_received":6957,"messages_sent":8850,"pending_blocking":0,"snapshot_updates":6912},"event":"CLIENT_HEALTH","player":"b","process_id":4048,"time_msec":363923}
[m7_client] {"details":{"async_rejections":0,"async_results":0,"buffered_results":0,"item_updates":1,"joined":true,"last_error_code":"","messages_received":6997,"messages_sent":8907,"pending_blocking":0,"snapshot_updates":6952},"event":"CLIENT_HEALTH","player":"b","process_id":4048,"time_msec":365928}
[m7_client] {"details":{"async_rejections":0,"async_results":0,"buffered_results":0,"item_updates":1,"joined":true,"last_error_code":"","messages_received":7037,"messages_sent":8963,"pending_blocking":0,"snapshot_updates":6992},"event":"CLIENT_HEALTH","player":"b","process_id":4048,"time_msec":367928}
[m7_client] {"details":{"async_rejections":0,"async_results":0,"buffered_results":0,"item_updates":1,"joined":true,"last_error_code":"","messages_received":7077,"messages_sent":9020,"pending_blocking":0,"snapshot_updates":7032},"event":"CLIENT_HEALTH","player":"b","process_id":4048,"time_msec":369928}
[m7_client] {"details":{"async_rejections":0,"async_results":0,"buffered_results":0,"item_updates":1,"joined":true,"last_error_code":"","messages_received":7117,"messages_sent":9077,"pending_blocking":0,"snapshot_updates":7072},"event":"CLIENT_HEALTH","player":"b","process_id":4048,"time_msec":371930}
[m7_client] {"details":{"async_rejections":0,"async_results":0,"buffered_results":0,"item_updates":1,"joined":true,"last_error_code":"","messages_received":7157,"messages_sent":9133,"pending_blocking":0,"snapshot_updates":7112},"event":"CLIENT_HEALTH","player":"b","process_id":4048,"time_msec":373934}
[m7_client] {"details":{"async_rejections":0,"async_results":0,"buffered_results":0,"item_updates":1,"joined":true,"last_error_code":"","messages_received":7197,"messages_sent":9189,"pending_blocking":0,"snapshot_updates":7152},"event":"CLIENT_HEALTH","player":"b","process_id":4048,"time_msec":375934}
[m7_client] {"details":{"async_rejections":0,"async_results":0,"buffered_results":0,"item_updates":1,"joined":true,"last_error_code":"","messages_received":7237,"messages_sent":9245,"pending_blocking":0,"snapshot_updates":7192},"event":"CLIENT_HEALTH","player":"b","process_id":4048,"time_msec":377934}
[m7_client] {"details":{"async_rejections":0,"async_results":0,"buffered_results":0,"item_updates":1,"joined":true,"last_error_code":"","messages_received":7277,"messages_sent":9302,"pending_blocking":0,"snapshot_updates":7232},"event":"CLIENT_HEALTH","player":"b","process_id":4048,"time_msec":379939}
[m7_client] {"details":{"async_rejections":0,"async_results":0,"buffered_results":0,"item_updates":1,"joined":true,"last_error_code":"","messages_received":7317,"messages_sent":9358,"pending_blocking":0,"snapshot_updates":7272},"event":"CLIENT_HEALTH","player":"b","process_id":4048,"time_msec":381939}
[m7_client] {"details":{"async_rejections":0,"async_results":0,"buffered_results":0,"item_updates":1,"joined":true,"last_error_code":"","messages_received":7357,"messages_sent":9415,"pending_blocking":0,"snapshot_updates":7312},"event":"CLIENT_HEALTH","player":"b","process_id":4048,"time_msec":383939}
[m7_client] {"details":{"async_rejections":0,"async_results":0,"buffered_results":0,"item_updates":1,"joined":true,"last_error_code":"","messages_received":7397,"messages_sent":9471,"pending_blocking":0,"snapshot_updates":7352},"event":"CLIENT_HEALTH","player":"b","process_id":4048,"time_msec":385939}
[m7_client] {"details":{"async_rejections":0,"async_results":0,"buffered_results":0,"item_updates":1,"joined":true,"last_error_code":"","messages_received":7437,"messages_sent":9527,"pending_blocking":0,"snapshot_updates":7392},"event":"CLIENT_HEALTH","player":"b","process_id":4048,"time_msec":387939}
[m7_client] {"details":{"async_rejections":0,"async_results":0,"buffered_results":0,"item_updates":1,"joined":true,"last_error_code":"","messages_received":7477,"messages_sent":9583,"pending_blocking":0,"snapshot_updates":7432},"event":"CLIENT_HEALTH","player":"b","process_id":4048,"time_msec":389939}
[m7_client] {"details":{"async_rejections":0,"async_results":0,"buffered_results":0,"item_updates":1,"joined":true,"last_error_code":"","messages_received":7517,"messages_sent":9640,"pending_blocking":0,"snapshot_updates":7472},"event":"CLIENT_HEALTH","player":"b","process_id":4048,"time_msec":391939}
[m7_client] {"details":{"async_rejections":0,"async_results":0,"buffered_results":0,"item_updates":1,"joined":true,"last_error_code":"","messages_received":7557,"messages_sent":9696,"pending_blocking":0,"snapshot_updates":7512},"event":"CLIENT_HEALTH","player":"b","process_id":4048,"time_msec":393944}
[m7_client] {"details":{"async_rejections":0,"async_results":0,"buffered_results":0,"item_updates":1,"joined":true,"last_error_code":"","messages_received":7597,"messages_sent":9753,"pending_blocking":0,"snapshot_updates":7552},"event":"CLIENT_HEALTH","player":"b","process_id":4048,"time_msec":395944}
[m7_client] {"details":{"async_rejections":0,"async_results":0,"buffered_results":0,"item_updates":1,"joined":true,"last_error_code":"","messages_received":7637,"messages_sent":9808,"pending_blocking":0,"snapshot_updates":7592},"event":"CLIENT_HEALTH","player":"b","process_id":4048,"time_msec":397944}
[m7_client] {"details":{"async_rejections":0,"async_results":0,"buffered_results":0,"item_updates":1,"joined":true,"last_error_code":"","messages_received":7677,"messages_sent":9865,"pending_blocking":0,"snapshot_updates":7632},"event":"CLIENT_HEALTH","player":"b","process_id":4048,"time_msec":399944}
[m7_client] {"details":{"async_rejections":0,"async_results":0,"buffered_results":0,"item_updates":1,"joined":true,"last_error_code":"","messages_received":7717,"messages_sent":9922,"pending_blocking":0,"snapshot_updates":7672},"event":"CLIENT_HEALTH","player":"b","process_id":4048,"time_msec":401944}
[m7_client] {"details":{"async_rejections":0,"async_results":0,"buffered_results":0,"item_updates":1,"joined":true,"last_error_code":"","messages_received":7757,"messages_sent":9979,"pending_blocking":0,"snapshot_updates":7712},"event":"CLIENT_HEALTH","player":"b","process_id":4048,"time_msec":403945}
[m7_client] {"details":{"async_rejections":0,"async_results":0,"buffered_results":0,"item_updates":1,"joined":true,"last_error_code":"","messages_received":7797,"messages_sent":10035,"pending_blocking":0,"snapshot_updates":7752},"event":"CLIENT_HEALTH","player":"b","process_id":4048,"time_msec":405950}
[m7_client] {"details":{"async_rejections":0,"async_results":0,"buffered_results":0,"item_updates":1,"joined":true,"last_error_code":"","messages_received":7838,"messages_sent":10092,"pending_blocking":0,"snapshot_updates":7793},"event":"CLIENT_HEALTH","player":"b","process_id":4048,"time_msec":407958}
[m7_client] {"details":{"async_rejections":0,"async_results":0,"buffered_results":0,"item_updates":1,"joined":true,"last_error_code":"","messages_received":7878,"messages_sent":10148,"pending_blocking":0,"snapshot_updates":7833},"event":"CLIENT_HEALTH","player":"b","process_id":4048,"time_msec":409958}
[m7_client] {"details":{"async_rejections":0,"async_results":0,"buffered_results":0,"item_updates":1,"joined":true,"last_error_code":"","messages_received":7918,"messages_sent":10204,"pending_blocking":0,"snapshot_updates":7873},"event":"CLIENT_HEALTH","player":"b","process_id":4048,"time_msec":411958}
[m7_client] {"details":{"async_rejections":0,"async_results":0,"buffered_results":0,"item_updates":1,"joined":true,"last_error_code":"","messages_received":7958,"messages_sent":10261,"pending_blocking":0,"snapshot_updates":7913},"event":"CLIENT_HEALTH","player":"b","process_id":4048,"time_msec":413958}
[m7_client] {"details":{"async_rejections":0,"async_results":0,"buffered_results":0,"item_updates":1,"joined":true,"last_error_code":"","messages_received":7998,"messages_sent":10318,"pending_blocking":0,"snapshot_updates":7953},"event":"CLIENT_HEALTH","player":"b","process_id":4048,"time_msec":415959}
[m7_client] {"details":{"async_rejections":0,"async_results":0,"buffered_results":0,"item_updates":1,"joined":true,"last_error_code":"","messages_received":8038,"messages_sent":10374,"pending_blocking":0,"snapshot_updates":7993},"event":"CLIENT_HEALTH","player":"b","process_id":4048,"time_msec":417964}
[m7_client] {"details":{"async_rejections":0,"async_results":0,"buffered_results":0,"item_updates":1,"joined":true,"last_error_code":"","messages_received":8078,"messages_sent":10431,"pending_blocking":0,"snapshot_updates":8033},"event":"CLIENT_HEALTH","player":"b","process_id":4048,"time_msec":419968}
[m7_client] {"details":{"async_rejections":0,"async_results":0,"buffered_results":0,"item_updates":1,"joined":true,"last_error_code":"","messages_received":8118,"messages_sent":10487,"pending_blocking":0,"snapshot_updates":8073},"event":"CLIENT_HEALTH","player":"b","process_id":4048,"time_msec":421969}
[m7_client] {"details":{"async_rejections":0,"async_results":0,"buffered_results":0,"item_updates":1,"joined":true,"last_error_code":"","messages_received":8158,"messages_sent":10544,"pending_blocking":0,"snapshot_updates":8113},"event":"CLIENT_HEALTH","player":"b","process_id":4048,"time_msec":423972}
[m7_client] {"details":{"async_rejections":0,"async_results":0,"buffered_results":0,"item_updates":1,"joined":true,"last_error_code":"","messages_received":8198,"messages_sent":10600,"pending_blocking":0,"snapshot_updates":8153},"event":"CLIENT_HEALTH","player":"b","process_id":4048,"time_msec":425972}
[m7_client] {"details":{"async_rejections":0,"async_results":0,"buffered_results":0,"item_updates":1,"joined":true,"last_error_code":"","messages_received":8238,"messages_sent":10657,"pending_blocking":0,"snapshot_updates":8193},"event":"CLIENT_HEALTH","player":"b","process_id":4048,"time_msec":427972}
[m7_client] {"details":{"async_rejections":0,"async_results":0,"buffered_results":0,"item_updates":1,"joined":true,"last_error_code":"","messages_received":8278,"messages_sent":10713,"pending_blocking":0,"snapshot_updates":8233},"event":"CLIENT_HEALTH","player":"b","process_id":4048,"time_msec":429972}
[m7_client] {"details":{"async_rejections":0,"async_results":0,"buffered_results":0,"item_updates":1,"joined":true,"last_error_code":"","messages_received":8318,"messages_sent":10770,"pending_blocking":0,"snapshot_updates":8273},"event":"CLIENT_HEALTH","player":"b","process_id":4048,"time_msec":431972}
[m7_client] {"details":{"async_rejections":0,"async_results":0,"buffered_results":0,"item_updates":1,"joined":true,"last_error_code":"","messages_received":8358,"messages_sent":10826,"pending_blocking":0,"snapshot_updates":8313},"event":"CLIENT_HEALTH","player":"b","process_id":4048,"time_msec":433972}
[m7_client] {"details":{"async_rejections":0,"async_results":0,"buffered_results":0,"item_updates":1,"joined":true,"last_error_code":"","messages_received":8398,"messages_sent":10883,"pending_blocking":0,"snapshot_updates":8353},"event":"CLIENT_HEALTH","player":"b","process_id":4048,"time_msec":435977}
[m7_client] {"details":{"async_rejections":0,"async_results":0,"buffered_results":0,"item_updates":1,"joined":true,"last_error_code":"","messages_received":8438,"messages_sent":10940,"pending_blocking":0,"snapshot_updates":8393},"event":"CLIENT_HEALTH","player":"b","process_id":4048,"time_msec":437977}
[m7_client] {"details":{"async_rejections":0,"async_results":0,"buffered_results":0,"item_updates":1,"joined":true,"last_error_code":"","messages_received":8478,"messages_sent":10996,"pending_blocking":0,"snapshot_updates":8433},"event":"CLIENT_HEALTH","player":"b","process_id":4048,"time_msec":439977}
[m7_client] {"details":{"async_rejections":0,"async_results":0,"buffered_results":0,"item_updates":1,"joined":true,"last_error_code":"","messages_received":8518,"messages_sent":11052,"pending_blocking":0,"snapshot_updates":8473},"event":"CLIENT_HEALTH","player":"b","process_id":4048,"time_msec":441977}
[m7_client] {"details":{"async_rejections":0,"async_results":0,"buffered_results":0,"item_updates":1,"joined":true,"last_error_code":"","messages_received":8558,"messages_sent":11109,"pending_blocking":0,"snapshot_updates":8513},"event":"CLIENT_HEALTH","player":"b","process_id":4048,"time_msec":443977}
[m7_client] {"details":{"async_rejections":0,"async_results":0,"buffered_results":0,"item_updates":1,"joined":true,"last_error_code":"","messages_received":8598,"messages_sent":11166,"pending_blocking":0,"snapshot_updates":8553},"event":"CLIENT_HEALTH","player":"b","process_id":4048,"time_msec":445977}
[m7_client] {"details":{"async_rejections":0,"async_results":0,"buffered_results":0,"item_updates":1,"joined":true,"last_error_code":"","messages_received":8638,"messages_sent":11223,"pending_blocking":0,"snapshot_updates":8593},"event":"CLIENT_HEALTH","player":"b","process_id":4048,"time_msec":447984}
[m7_client] {"details":{"async_rejections":0,"async_results":0,"buffered_results":0,"item_updates":1,"joined":true,"last_error_code":"","messages_received":8678,"messages_sent":11279,"pending_blocking":0,"snapshot_updates":8633},"event":"CLIENT_HEALTH","player":"b","process_id":4048,"time_msec":449988}
[m7_client] {"details":{"async_rejections":0,"async_results":0,"buffered_results":0,"item_updates":1,"joined":true,"last_error_code":"","messages_received":8718,"messages_sent":11336,"pending_blocking":0,"snapshot_updates":8673},"event":"CLIENT_HEALTH","player":"b","process_id":4048,"time_msec":451988}
[m7_client] {"details":{"async_rejections":0,"async_results":0,"buffered_results":0,"item_updates":1,"joined":true,"last_error_code":"","messages_received":8758,"messages_sent":11392,"pending_blocking":0,"snapshot_updates":8713},"event":"CLIENT_HEALTH","player":"b","process_id":4048,"time_msec":453988}
[m7_client] {"details":{"async_rejections":0,"async_results":0,"buffered_results":0,"item_updates":1,"joined":true,"last_error_code":"","messages_received":8798,"messages_sent":11449,"pending_blocking":0,"snapshot_updates":8753},"event":"CLIENT_HEALTH","player":"b","process_id":4048,"time_msec":455988}
[m7_client] {"details":{"async_rejections":0,"async_results":0,"buffered_results":0,"item_updates":1,"joined":true,"last_error_code":"","messages_received":8838,"messages_sent":11505,"pending_blocking":0,"snapshot_updates":8793},"event":"CLIENT_HEALTH","player":"b","process_id":4048,"time_msec":457988}
[m7_client] {"details":{"async_rejections":0,"async_results":0,"buffered_results":0,"item_updates":1,"joined":true,"last_error_code":"","messages_received":8878,"messages_sent":11562,"pending_blocking":0,"snapshot_updates":8833},"event":"CLIENT_HEALTH","player":"b","process_id":4048,"time_msec":459988}
[m7_client] {"details":{"async_rejections":0,"async_results":0,"buffered_results":0,"item_updates":1,"joined":true,"last_error_code":"","messages_received":8918,"messages_sent":11619,"pending_blocking":0,"snapshot_updates":8873},"event":"CLIENT_HEALTH","player":"b","process_id":4048,"time_msec":461989}
[m7_client] {"details":{"async_rejections":0,"async_results":0,"buffered_results":0,"item_updates":1,"joined":true,"last_error_code":"","messages_received":8958,"messages_sent":11675,"pending_blocking":0,"snapshot_updates":8913},"event":"CLIENT_HEALTH","player":"b","process_id":4048,"time_msec":463993}
[m7_client] {"details":{"async_rejections":0,"async_results":0,"buffered_results":0,"item_updates":1,"joined":true,"last_error_code":"","messages_received":8998,"messages_sent":11732,"pending_blocking":0,"snapshot_updates":8953},"event":"CLIENT_HEALTH","player":"b","process_id":4048,"time_msec":465993}
[m7_client] {"details":{"async_rejections":0,"async_results":0,"buffered_results":0,"item_updates":1,"joined":true,"last_error_code":"","messages_received":9038,"messages_sent":11788,"pending_blocking":0,"snapshot_updates":8993},"event":"CLIENT_HEALTH","player":"b","process_id":4048,"time_msec":467993}
[m7_client] {"details":{"async_rejections":0,"async_results":0,"buffered_results":0,"item_updates":1,"joined":true,"last_error_code":"","messages_received":9078,"messages_sent":11845,"pending_blocking":0,"snapshot_updates":9033},"event":"CLIENT_HEALTH","player":"b","process_id":4048,"time_msec":469993}
[m7_client] {"details":{"async_rejections":0,"async_results":0,"buffered_results":0,"item_updates":1,"joined":true,"last_error_code":"","messages_received":9118,"messages_sent":11901,"pending_blocking":0,"snapshot_updates":9073},"event":"CLIENT_HEALTH","player":"b","process_id":4048,"time_msec":471993}
[m7_client] {"details":{"async_rejections":0,"async_results":0,"buffered_results":0,"item_updates":1,"joined":true,"last_error_code":"","messages_received":9158,"messages_sent":11958,"pending_blocking":0,"snapshot_updates":9113},"event":"CLIENT_HEALTH","player":"b","process_id":4048,"time_msec":473993}
[m7_client] {"details":{"async_rejections":0,"async_results":0,"buffered_results":0,"item_updates":1,"joined":true,"last_error_code":"","messages_received":9198,"messages_sent":12014,"pending_blocking":0,"snapshot_updates":9153},"event":"CLIENT_HEALTH","player":"b","process_id":4048,"time_msec":475993}
[m7_client] {"details":{"async_rejections":0,"async_results":0,"buffered_results":0,"item_updates":1,"joined":true,"last_error_code":"","messages_received":9238,"messages_sent":12071,"pending_blocking":0,"snapshot_updates":9193},"event":"CLIENT_HEALTH","player":"b","process_id":4048,"time_msec":477998}
[m7_client] {"details":{"async_rejections":0,"async_results":0,"buffered_results":0,"item_updates":1,"joined":true,"last_error_code":"","messages_received":9278,"messages_sent":12128,"pending_blocking":0,"snapshot_updates":9233},"event":"CLIENT_HEALTH","player":"b","process_id":4048,"time_msec":480000}
[m7_client] {"details":{"async_rejections":0,"async_results":0,"buffered_results":0,"item_updates":1,"joined":true,"last_error_code":"","messages_received":9318,"messages_sent":12184,"pending_blocking":0,"snapshot_updates":9273},"event":"CLIENT_HEALTH","player":"b","process_id":4048,"time_msec":482004}
[m7_client] {"details":{"async_rejections":0,"async_results":0,"buffered_results":0,"item_updates":1,"joined":true,"last_error_code":"","messages_received":9358,"messages_sent":12241,"pending_blocking":0,"snapshot_updates":9313},"event":"CLIENT_HEALTH","player":"b","process_id":4048,"time_msec":484004}
[m7_client] {"details":{"async_rejections":0,"async_results":0,"buffered_results":0,"item_updates":1,"joined":true,"last_error_code":"","messages_received":9399,"messages_sent":12298,"pending_blocking":0,"snapshot_updates":9354},"event":"CLIENT_HEALTH","player":"b","process_id":4048,"time_msec":486008}
[m7_client] {"details":{"async_rejections":0,"async_results":0,"buffered_results":0,"item_updates":1,"joined":true,"last_error_code":"","messages_received":9439,"messages_sent":12354,"pending_blocking":0,"snapshot_updates":9394},"event":"CLIENT_HEALTH","player":"b","process_id":4048,"time_msec":488013}
[m7_client] {"details":{"async_rejections":0,"async_results":0,"buffered_results":0,"item_updates":1,"joined":true,"last_error_code":"","messages_received":9479,"messages_sent":12411,"pending_blocking":0,"snapshot_updates":9434},"event":"CLIENT_HEALTH","player":"b","process_id":4048,"time_msec":490013}
[m7_client] {"details":{"async_rejections":0,"async_results":0,"buffered_results":0,"item_updates":1,"joined":true,"last_error_code":"","messages_received":9519,"messages_sent":12468,"pending_blocking":0,"snapshot_updates":9474},"event":"CLIENT_HEALTH","player":"b","process_id":4048,"time_msec":492014}
[m7_client] {"details":{"async_rejections":0,"async_results":0,"buffered_results":0,"item_updates":1,"joined":true,"last_error_code":"","messages_received":9559,"messages_sent":12524,"pending_blocking":0,"snapshot_updates":9514},"event":"CLIENT_HEALTH","player":"b","process_id":4048,"time_msec":494016}
[m7_client] {"details":{"async_rejections":0,"async_results":0,"buffered_results":0,"item_updates":1,"joined":true,"last_error_code":"","messages_received":9599,"messages_sent":12581,"pending_blocking":0,"snapshot_updates":9554},"event":"CLIENT_HEALTH","player":"b","process_id":4048,"time_msec":496022}
[m7_client] {"details":{"async_rejections":0,"async_results":0,"buffered_results":0,"item_updates":1,"joined":true,"last_error_code":"","messages_received":9639,"messages_sent":12638,"pending_blocking":0,"snapshot_updates":9594},"event":"CLIENT_HEALTH","player":"b","process_id":4048,"time_msec":498029}
[m7_client] {"details":{"async_rejections":0,"async_results":0,"buffered_results":0,"item_updates":1,"joined":true,"last_error_code":"","messages_received":9679,"messages_sent":12695,"pending_blocking":0,"snapshot_updates":9634},"event":"CLIENT_HEALTH","player":"b","process_id":4048,"time_msec":500029}
[m7_client] {"details":{"async_rejections":0,"async_results":0,"buffered_results":0,"item_updates":1,"joined":true,"last_error_code":"","messages_received":9719,"messages_sent":12751,"pending_blocking":0,"snapshot_updates":9674},"event":"CLIENT_HEALTH","player":"b","process_id":4048,"time_msec":502033}
[m7_client] {"details":{"async_rejections":0,"async_results":0,"buffered_results":0,"item_updates":1,"joined":true,"last_error_code":"","messages_received":9759,"messages_sent":12808,"pending_blocking":0,"snapshot_updates":9714},"event":"CLIENT_HEALTH","player":"b","process_id":4048,"time_msec":504033}
[m7_client] {"details":{"async_rejections":0,"async_results":0,"buffered_results":0,"item_updates":1,"joined":true,"last_error_code":"","messages_received":9799,"messages_sent":12864,"pending_blocking":0,"snapshot_updates":9754},"event":"CLIENT_HEALTH","player":"b","process_id":4048,"time_msec":506033}
[m7_client] {"details":{"async_rejections":0,"async_results":0,"buffered_results":0,"item_updates":1,"joined":true,"last_error_code":"","messages_received":9839,"messages_sent":12921,"pending_blocking":0,"snapshot_updates":9794},"event":"CLIENT_HEALTH","player":"b","process_id":4048,"time_msec":508033}
[m7_client] {"details":{"async_rejections":0,"async_results":0,"buffered_results":0,"item_updates":1,"joined":true,"last_error_code":"","messages_received":9879,"messages_sent":12978,"pending_blocking":0,"snapshot_updates":9834},"event":"CLIENT_HEALTH","player":"b","process_id":4048,"time_msec":510034}
[m7_client] {"details":{"async_rejections":0,"async_results":0,"buffered_results":0,"item_updates":1,"joined":true,"last_error_code":"","messages_received":9919,"messages_sent":13034,"pending_blocking":0,"snapshot_updates":9874},"event":"CLIENT_HEALTH","player":"b","process_id":4048,"time_msec":512038}
[m7_client] {"details":{"async_rejections":0,"async_results":0,"buffered_results":0,"item_updates":1,"joined":true,"last_error_code":"","messages_received":9959,"messages_sent":13090,"pending_blocking":0,"snapshot_updates":9914},"event":"CLIENT_HEALTH","player":"b","process_id":4048,"time_msec":514038}
[m7_client] {"details":{"async_rejections":0,"async_results":0,"buffered_results":0,"item_updates":1,"joined":true,"last_error_code":"","messages_received":9999,"messages_sent":13147,"pending_blocking":0,"snapshot_updates":9954},"event":"CLIENT_HEALTH","player":"b","process_id":4048,"time_msec":516038}
[m7_client] {"details":{"async_rejections":0,"async_results":0,"buffered_results":0,"item_updates":1,"joined":true,"last_error_code":"","messages_received":10039,"messages_sent":13204,"pending_blocking":0,"snapshot_updates":9994},"event":"CLIENT_HEALTH","player":"b","process_id":4048,"time_msec":518038}
[m7_client] {"details":{"async_rejections":0,"async_results":0,"buffered_results":0,"item_updates":1,"joined":true,"last_error_code":"","messages_received":10079,"messages_sent":13261,"pending_blocking":0,"snapshot_updates":10034},"event":"CLIENT_HEALTH","player":"b","process_id":4048,"time_msec":520039}
[m7_client] {"details":{"async_rejections":0,"async_results":0,"buffered_results":0,"item_updates":1,"joined":true,"last_error_code":"","messages_received":10119,"messages_sent":13318,"pending_blocking":0,"snapshot_updates":10074},"event":"CLIENT_HEALTH","player":"b","process_id":4048,"time_msec":522045}
[m7_client] {"details":{"async_rejections":0,"async_results":0,"buffered_results":0,"item_updates":1,"joined":true,"last_error_code":"","messages_received":10159,"messages_sent":13374,"pending_blocking":0,"snapshot_updates":10114},"event":"CLIENT_HEALTH","player":"b","process_id":4048,"time_msec":524049}
[m7_client] {"details":{"async_rejections":0,"async_results":0,"buffered_results":0,"item_updates":1,"joined":true,"last_error_code":"","messages_received":10199,"messages_sent":13431,"pending_blocking":0,"snapshot_updates":10154},"event":"CLIENT_HEALTH","player":"b","process_id":4048,"time_msec":526049}
[m7_client] {"details":{"async_rejections":0,"async_results":0,"buffered_results":0,"item_updates":1,"joined":true,"last_error_code":"","messages_received":10239,"messages_sent":13488,"pending_blocking":0,"snapshot_updates":10194},"event":"CLIENT_HEALTH","player":"b","process_id":4048,"time_msec":528049}
[m7_client] {"details":{"async_rejections":0,"async_results":0,"buffered_results":0,"item_updates":1,"joined":true,"last_error_code":"","messages_received":10279,"messages_sent":13544,"pending_blocking":0,"snapshot_updates":10234},"event":"CLIENT_HEALTH","player":"b","process_id":4048,"time_msec":530049}
[m7_client] {"details":{"async_rejections":0,"async_results":0,"buffered_results":0,"item_updates":1,"joined":true,"last_error_code":"","messages_received":10319,"messages_sent":13601,"pending_blocking":0,"snapshot_updates":10274},"event":"CLIENT_HEALTH","player":"b","process_id":4048,"time_msec":532049}
[m7_client] {"details":{"async_rejections":0,"async_results":0,"buffered_results":0,"item_updates":1,"joined":true,"last_error_code":"","messages_received":10359,"messages_sent":13657,"pending_blocking":0,"snapshot_updates":10314},"event":"CLIENT_HEALTH","player":"b","process_id":4048,"time_msec":534049}
[m7_client] {"details":{"async_rejections":0,"async_results":0,"buffered_results":0,"item_updates":1,"joined":true,"last_error_code":"","messages_received":10399,"messages_sent":13714,"pending_blocking":0,"snapshot_updates":10354},"event":"CLIENT_HEALTH","player":"b","process_id":4048,"time_msec":536049}
[m7_client] {"details":{"async_rejections":0,"async_results":0,"buffered_results":0,"item_updates":1,"joined":true,"last_error_code":"","messages_received":10439,"messages_sent":13770,"pending_blocking":0,"snapshot_updates":10394},"event":"CLIENT_HEALTH","player":"b","process_id":4048,"time_msec":538049}
[m7_client] {"details":{"async_rejections":0,"async_results":0,"buffered_results":0,"item_updates":1,"joined":true,"last_error_code":"","messages_received":10479,"messages_sent":13827,"pending_blocking":0,"snapshot_updates":10434},"event":"CLIENT_HEALTH","player":"b","process_id":4048,"time_msec":540049}
[m7_client] {"details":{"async_rejections":0,"async_results":0,"buffered_results":0,"item_updates":1,"joined":true,"last_error_code":"","messages_received":10520,"messages_sent":13884,"pending_blocking":0,"snapshot_updates":10475},"event":"CLIENT_HEALTH","player":"b","process_id":4048,"time_msec":542057}
[m7_client] {"details":{"async_rejections":0,"async_results":0,"buffered_results":0,"item_updates":1,"joined":true,"last_error_code":"","messages_received":10560,"messages_sent":13941,"pending_blocking":0,"snapshot_updates":10515},"event":"CLIENT_HEALTH","player":"b","process_id":4048,"time_msec":544057}
[m7_client] {"details":{"async_rejections":0,"async_results":0,"buffered_results":0,"item_updates":1,"joined":true,"last_error_code":"","messages_received":10600,"messages_sent":13998,"pending_blocking":0,"snapshot_updates":10555},"event":"CLIENT_HEALTH","player":"b","process_id":4048,"time_msec":546059}
[m7_client] {"details":{"async_rejections":0,"async_results":0,"buffered_results":0,"item_updates":1,"joined":true,"last_error_code":"","messages_received":10640,"messages_sent":14054,"pending_blocking":0,"snapshot_updates":10595},"event":"CLIENT_HEALTH","player":"b","process_id":4048,"time_msec":548063}
[m7_client] {"details":{"async_rejections":0,"async_results":0,"buffered_results":0,"item_updates":1,"joined":true,"last_error_code":"","messages_received":10680,"messages_sent":14111,"pending_blocking":0,"snapshot_updates":10635},"event":"CLIENT_HEALTH","player":"b","process_id":4048,"time_msec":550063}
[m7_client] {"details":{"async_rejections":0,"async_results":0,"buffered_results":0,"item_updates":1,"joined":true,"last_error_code":"","messages_received":10720,"messages_sent":14167,"pending_blocking":0,"snapshot_updates":10675},"event":"CLIENT_HEALTH","player":"b","process_id":4048,"time_msec":552066}
[m7_client] {"details":{"async_rejections":0,"async_results":0,"buffered_results":0,"item_updates":1,"joined":true,"last_error_code":"","messages_received":10760,"messages_sent":14224,"pending_blocking":0,"snapshot_updates":10715},"event":"CLIENT_HEALTH","player":"b","process_id":4048,"time_msec":554066}
[m7_client] {"details":{"async_rejections":0,"async_results":0,"buffered_results":0,"item_updates":1,"joined":true,"last_error_code":"","messages_received":10800,"messages_sent":14280,"pending_blocking":0,"snapshot_updates":10755},"event":"CLIENT_HEALTH","player":"b","process_id":4048,"time_msec":556071}
[m7_client] {"details":{"async_rejections":0,"async_results":0,"buffered_results":0,"item_updates":1,"joined":true,"last_error_code":"","messages_received":10840,"messages_sent":14337,"pending_blocking":0,"snapshot_updates":10795},"event":"CLIENT_HEALTH","player":"b","process_id":4048,"time_msec":558071}
[m7_client] {"details":{"async_rejections":0,"async_results":0,"buffered_results":0,"item_updates":1,"joined":true,"last_error_code":"","messages_received":10880,"messages_sent":14394,"pending_blocking":0,"snapshot_updates":10835},"event":"CLIENT_HEALTH","player":"b","process_id":4048,"time_msec":560071}
[m7_client] {"details":{"async_rejections":0,"async_results":0,"buffered_results":0,"item_updates":1,"joined":true,"last_error_code":"","messages_received":10920,"messages_sent":14450,"pending_blocking":0,"snapshot_updates":10875},"event":"CLIENT_HEALTH","player":"b","process_id":4048,"time_msec":562071}
[m7_client] {"details":{"async_rejections":0,"async_results":0,"buffered_results":0,"item_updates":1,"joined":true,"last_error_code":"","messages_received":10960,"messages_sent":14507,"pending_blocking":0,"snapshot_updates":10915},"event":"CLIENT_HEALTH","player":"b","process_id":4048,"time_msec":564071}
[m7_client] {"details":{"async_rejections":0,"async_results":0,"buffered_results":0,"item_updates":1,"joined":true,"last_error_code":"","messages_received":10999,"messages_sent":14563,"pending_blocking":0,"snapshot_updates":10954},"event":"CLIENT_HEALTH","player":"b","process_id":4048,"time_msec":566071}
[m7_client] {"details":{"async_rejections":0,"async_results":0,"buffered_results":0,"item_updates":1,"joined":true,"last_error_code":"","messages_received":11039,"messages_sent":14620,"pending_blocking":0,"snapshot_updates":10994},"event":"CLIENT_HEALTH","player":"b","process_id":4048,"time_msec":568078}
[m7_client] {"details":{"async_rejections":0,"async_results":0,"buffered_results":0,"item_updates":1,"joined":true,"last_error_code":"","messages_received":11079,"messages_sent":14676,"pending_blocking":0,"snapshot_updates":11034},"event":"CLIENT_HEALTH","player":"b","process_id":4048,"time_msec":570082}
[m7_client] {"details":{"async_rejections":0,"async_results":0,"buffered_results":0,"item_updates":1,"joined":true,"last_error_code":"","messages_received":11119,"messages_sent":14733,"pending_blocking":0,"snapshot_updates":11074},"event":"CLIENT_HEALTH","player":"b","process_id":4048,"time_msec":572082}
[m7_client] {"details":{"async_rejections":0,"async_results":0,"buffered_results":0,"item_updates":1,"joined":true,"last_error_code":"","messages_received":11159,"messages_sent":14789,"pending_blocking":0,"snapshot_updates":11114},"event":"CLIENT_HEALTH","player":"b","process_id":4048,"time_msec":574082}
[m7_client] {"details":{"async_rejections":0,"async_results":0,"buffered_results":0,"item_updates":1,"joined":true,"last_error_code":"","messages_received":11199,"messages_sent":14846,"pending_blocking":0,"snapshot_updates":11154},"event":"CLIENT_HEALTH","player":"b","process_id":4048,"time_msec":576082}
[m7_client] {"details":{"async_rejections":0,"async_results":0,"buffered_results":0,"item_updates":1,"joined":true,"last_error_code":"","messages_received":11239,"messages_sent":14902,"pending_blocking":0,"snapshot_updates":11194},"event":"CLIENT_HEALTH","player":"b","process_id":4048,"time_msec":578082}
[m7_client] {"details":{"async_rejections":0,"async_results":0,"buffered_results":0,"item_updates":1,"joined":true,"last_error_code":"","messages_received":11279,"messages_sent":14958,"pending_blocking":0,"snapshot_updates":11234},"event":"CLIENT_HEALTH","player":"b","process_id":4048,"time_msec":580082}
[m7_client] {"details":{"async_rejections":0,"async_results":0,"buffered_results":0,"item_updates":1,"joined":true,"last_error_code":"","messages_received":11319,"messages_sent":15015,"pending_blocking":0,"snapshot_updates":11274},"event":"CLIENT_HEALTH","player":"b","process_id":4048,"time_msec":582088}
[m7_client] {"details":{"async_rejections":0,"async_results":0,"buffered_results":0,"item_updates":1,"joined":true,"last_error_code":"","messages_received":11359,"messages_sent":15072,"pending_blocking":0,"snapshot_updates":11314},"event":"CLIENT_HEALTH","player":"b","process_id":4048,"time_msec":584093}
[m7_client] {"details":{"async_rejections":0,"async_results":0,"buffered_results":0,"item_updates":1,"joined":true,"last_error_code":"","messages_received":11399,"messages_sent":15129,"pending_blocking":0,"snapshot_updates":11354},"event":"CLIENT_HEALTH","player":"b","process_id":4048,"time_msec":586093}
[m7_client] {"details":{"async_rejections":0,"async_results":0,"buffered_results":0,"item_updates":1,"joined":true,"last_error_code":"","messages_received":11439,"messages_sent":15186,"pending_blocking":0,"snapshot_updates":11394},"event":"CLIENT_HEALTH","player":"b","process_id":4048,"time_msec":588093}
[m7_client] {"details":{"async_rejections":0,"async_results":0,"buffered_results":0,"item_updates":1,"joined":true,"last_error_code":"","messages_received":11479,"messages_sent":15242,"pending_blocking":0,"snapshot_updates":11434},"event":"CLIENT_HEALTH","player":"b","process_id":4048,"time_msec":590093}
[m7_client] {"details":{"async_rejections":0,"async_results":0,"buffered_results":0,"item_updates":1,"joined":true,"last_error_code":"","messages_received":11519,"messages_sent":15299,"pending_blocking":0,"snapshot_updates":11474},"event":"CLIENT_HEALTH","player":"b","process_id":4048,"time_msec":592093}
[m7_client] {"details":{"async_rejections":0,"async_results":0,"buffered_results":0,"item_updates":1,"joined":true,"last_error_code":"","messages_received":11559,"messages_sent":15356,"pending_blocking":0,"snapshot_updates":11514},"event":"CLIENT_HEALTH","player":"b","process_id":4048,"time_msec":594095}
[m7_client] {"details":{"async_rejections":0,"async_results":0,"buffered_results":0,"item_updates":1,"joined":true,"last_error_code":"","messages_received":11599,"messages_sent":15412,"pending_blocking":0,"snapshot_updates":11554},"event":"CLIENT_HEALTH","player":"b","process_id":4048,"time_msec":596099}
[m7_client] {"details":{"async_rejections":0,"async_results":0,"buffered_results":0,"item_updates":1,"joined":true,"last_error_code":"","messages_received":11640,"messages_sent":15469,"pending_blocking":0,"snapshot_updates":11595},"event":"CLIENT_HEALTH","player":"b","process_id":4048,"time_msec":598107}
[m7_client] {"details":{"async_rejections":0,"async_results":0,"buffered_results":0,"item_updates":1,"joined":true,"last_error_code":"","messages_received":11680,"messages_sent":15525,"pending_blocking":0,"snapshot_updates":11635},"event":"CLIENT_HEALTH","player":"b","process_id":4048,"time_msec":600113}
[m7_client] {"details":{"async_rejections":0,"async_results":0,"buffered_results":0,"item_updates":1,"joined":true,"last_error_code":"","messages_received":11720,"messages_sent":15582,"pending_blocking":0,"snapshot_updates":11675},"event":"CLIENT_HEALTH","player":"b","process_id":4048,"time_msec":602118}
[m7_client] {"details":{"async_rejections":0,"async_results":0,"buffered_results":0,"item_updates":1,"joined":true,"last_error_code":"","messages_received":11760,"messages_sent":15638,"pending_blocking":0,"snapshot_updates":11715},"event":"CLIENT_HEALTH","player":"b","process_id":4048,"time_msec":604122}
[m7_client] {"details":{"async_rejections":0,"async_results":0,"buffered_results":0,"item_updates":1,"joined":true,"last_error_code":"","messages_received":11800,"messages_sent":15695,"pending_blocking":0,"snapshot_updates":11755},"event":"CLIENT_HEALTH","player":"b","process_id":4048,"time_msec":606122}
[m7_client] {"details":{"async_rejections":0,"async_results":0,"buffered_results":0,"item_updates":1,"joined":true,"last_error_code":"","messages_received":11840,"messages_sent":15751,"pending_blocking":0,"snapshot_updates":11795},"event":"CLIENT_HEALTH","player":"b","process_id":4048,"time_msec":608122}
[m7_client] {"details":{"async_rejections":0,"async_results":0,"buffered_results":0,"item_updates":1,"joined":true,"last_error_code":"","messages_received":11880,"messages_sent":15808,"pending_blocking":0,"snapshot_updates":11835},"event":"CLIENT_HEALTH","player":"b","process_id":4048,"time_msec":610122}
[m7_client] {"details":{"async_rejections":0,"async_results":0,"buffered_results":0,"item_updates":1,"joined":true,"last_error_code":"","messages_received":11920,"messages_sent":15865,"pending_blocking":0,"snapshot_updates":11875},"event":"CLIENT_HEALTH","player":"b","process_id":4048,"time_msec":612122}
[m7_client] {"details":{"async_rejections":0,"async_results":0,"buffered_results":0,"item_updates":1,"joined":true,"last_error_code":"","messages_received":11960,"messages_sent":15922,"pending_blocking":0,"snapshot_updates":11915},"event":"CLIENT_HEALTH","player":"b","process_id":4048,"time_msec":614122}
[m7_client] {"details":{"async_rejections":0,"async_results":0,"buffered_results":0,"item_updates":1,"joined":true,"last_error_code":"","messages_received":12000,"messages_sent":15979,"pending_blocking":0,"snapshot_updates":11955},"event":"CLIENT_HEALTH","player":"b","process_id":4048,"time_msec":616129}
[m7_client] {"details":{"async_rejections":0,"async_results":0,"buffered_results":0,"item_updates":1,"joined":true,"last_error_code":"","messages_received":12040,"messages_sent":16035,"pending_blocking":0,"snapshot_updates":11995},"event":"CLIENT_HEALTH","player":"b","process_id":4048,"time_msec":618133}
[m7_client] {"details":{"async_rejections":0,"async_results":0,"buffered_results":0,"item_updates":1,"joined":true,"last_error_code":"","messages_received":12080,"messages_sent":16092,"pending_blocking":0,"snapshot_updates":12035},"event":"CLIENT_HEALTH","player":"b","process_id":4048,"time_msec":620133}
[m7_client] {"details":{"async_rejections":0,"async_results":0,"buffered_results":0,"item_updates":1,"joined":true,"last_error_code":"","messages_received":12120,"messages_sent":16148,"pending_blocking":0,"snapshot_updates":12075},"event":"CLIENT_HEALTH","player":"b","process_id":4048,"time_msec":622133}
[m7_client] {"details":{"async_rejections":0,"async_results":0,"buffered_results":0,"item_updates":1,"joined":true,"last_error_code":"","messages_received":12160,"messages_sent":16205,"pending_blocking":0,"snapshot_updates":12115},"event":"CLIENT_HEALTH","player":"b","process_id":4048,"time_msec":624133}
[m7_client] {"details":{"async_rejections":0,"async_results":0,"buffered_results":0,"item_updates":1,"joined":true,"last_error_code":"","messages_received":12200,"messages_sent":16262,"pending_blocking":0,"snapshot_updates":12155},"event":"CLIENT_HEALTH","player":"b","process_id":4048,"time_msec":626133}
[m7_client] {"details":{"async_rejections":0,"async_results":0,"buffered_results":0,"item_updates":1,"joined":true,"last_error_code":"","messages_received":12240,"messages_sent":16318,"pending_blocking":0,"snapshot_updates":12195},"event":"CLIENT_HEALTH","player":"b","process_id":4048,"time_msec":628133}
[m7_client] {"details":{"async_rejections":0,"async_results":0,"buffered_results":0,"item_updates":1,"joined":true,"last_error_code":"","messages_received":12280,"messages_sent":16375,"pending_blocking":0,"snapshot_updates":12235},"event":"CLIENT_HEALTH","player":"b","process_id":4048,"time_msec":630138}
[m7_client] {"details":{"async_rejections":0,"async_results":0,"buffered_results":0,"item_updates":1,"joined":true,"last_error_code":"","messages_received":12320,"messages_sent":16432,"pending_blocking":0,"snapshot_updates":12275},"event":"CLIENT_HEALTH","player":"b","process_id":4048,"time_msec":632138}
[m7_client] {"details":{"async_rejections":0,"async_results":0,"buffered_results":0,"item_updates":1,"joined":true,"last_error_code":"","messages_received":12360,"messages_sent":16489,"pending_blocking":0,"snapshot_updates":12315},"event":"CLIENT_HEALTH","player":"b","process_id":4048,"time_msec":634139}
[m7_client] {"details":{"async_rejections":0,"async_results":0,"buffered_results":0,"item_updates":1,"joined":true,"last_error_code":"","messages_received":12400,"messages_sent":16545,"pending_blocking":0,"snapshot_updates":12355},"event":"CLIENT_HEALTH","player":"b","process_id":4048,"time_msec":636144}
[m7_client] {"details":{"async_rejections":0,"async_results":0,"buffered_results":0,"item_updates":1,"joined":true,"last_error_code":"","messages_received":12440,"messages_sent":16602,"pending_blocking":0,"snapshot_updates":12395},"event":"CLIENT_HEALTH","player":"b","process_id":4048,"time_msec":638144}
[m7_client] {"details":{"async_rejections":0,"async_results":0,"buffered_results":0,"item_updates":1,"joined":true,"last_error_code":"","messages_received":12480,"messages_sent":16659,"pending_blocking":0,"snapshot_updates":12435},"event":"CLIENT_HEALTH","player":"b","process_id":4048,"time_msec":640145}
[m7_client] {"details":{"async_rejections":0,"async_results":0,"buffered_results":0,"item_updates":1,"joined":true,"last_error_code":"","messages_received":12520,"messages_sent":16716,"pending_blocking":0,"snapshot_updates":12475},"event":"CLIENT_HEALTH","player":"b","process_id":4048,"time_msec":642145}
[m7_client] {"details":{"async_rejections":0,"async_results":0,"buffered_results":0,"item_updates":1,"joined":true,"last_error_code":"","messages_received":12560,"messages_sent":16772,"pending_blocking":0,"snapshot_updates":12515},"event":"CLIENT_HEALTH","player":"b","process_id":4048,"time_msec":644149}
[m7_client] {"details":{"async_rejections":0,"async_results":0,"buffered_results":0,"item_updates":1,"joined":true,"last_error_code":"","messages_received":12600,"messages_sent":16828,"pending_blocking":0,"snapshot_updates":12555},"event":"CLIENT_HEALTH","player":"b","process_id":4048,"time_msec":646149}
[m7_client] {"details":{"async_rejections":0,"async_results":0,"buffered_results":0,"item_updates":1,"joined":true,"last_error_code":"","messages_received":12640,"messages_sent":16885,"pending_blocking":0,"snapshot_updates":12595},"event":"CLIENT_HEALTH","player":"b","process_id":4048,"time_msec":648149}
[m7_client] {"details":{"async_rejections":0,"async_results":0,"buffered_results":0,"item_updates":1,"joined":true,"last_error_code":"","messages_received":12680,"messages_sent":16941,"pending_blocking":0,"snapshot_updates":12635},"event":"CLIENT_HEALTH","player":"b","process_id":4048,"time_msec":650151}
[m7_client] {"details":{"async_rejections":0,"async_results":0,"buffered_results":0,"item_updates":1,"joined":true,"last_error_code":"","messages_received":12720,"messages_sent":16997,"pending_blocking":0,"snapshot_updates":12675},"event":"CLIENT_HEALTH","player":"b","process_id":4048,"time_msec":652155}
[m7_client] {"details":{"async_rejections":0,"async_results":0,"buffered_results":0,"item_updates":1,"joined":true,"last_error_code":"","messages_received":12761,"messages_sent":17054,"pending_blocking":0,"snapshot_updates":12716},"event":"CLIENT_HEALTH","player":"b","process_id":4048,"time_msec":654160}
[m7_client] {"details":{"async_rejections":0,"async_results":0,"buffered_results":0,"item_updates":1,"joined":true,"last_error_code":"","messages_received":12801,"messages_sent":17110,"pending_blocking":0,"snapshot_updates":12756},"event":"CLIENT_HEALTH","player":"b","process_id":4048,"time_msec":656161}
[m7_client] {"details":{"async_rejections":0,"async_results":0,"buffered_results":0,"item_updates":1,"joined":true,"last_error_code":"","messages_received":12841,"messages_sent":17167,"pending_blocking":0,"snapshot_updates":12796},"event":"CLIENT_HEALTH","player":"b","process_id":4048,"time_msec":658161}
[m7_client] {"details":{"async_rejections":0,"async_results":0,"buffered_results":0,"item_updates":1,"joined":true,"last_error_code":"","messages_received":12881,"messages_sent":17223,"pending_blocking":0,"snapshot_updates":12836},"event":"CLIENT_HEALTH","player":"b","process_id":4048,"time_msec":660163}
[m7_client] {"details":{"async_rejections":0,"async_results":0,"buffered_results":0,"item_updates":1,"joined":true,"last_error_code":"","messages_received":12921,"messages_sent":17280,"pending_blocking":0,"snapshot_updates":12876},"event":"CLIENT_HEALTH","player":"b","process_id":4048,"time_msec":662165}
[m7_client] {"details":{"async_rejections":0,"async_results":0,"buffered_results":0,"item_updates":1,"joined":true,"last_error_code":"","messages_received":12961,"messages_sent":17337,"pending_blocking":0,"snapshot_updates":12916},"event":"CLIENT_HEALTH","player":"b","process_id":4048,"time_msec":664168}
[m7_client] {"details":{"async_rejections":0,"async_results":0,"buffered_results":0,"item_updates":1,"joined":true,"last_error_code":"","messages_received":13001,"messages_sent":17393,"pending_blocking":0,"snapshot_updates":12956},"event":"CLIENT_HEALTH","player":"b","process_id":4048,"time_msec":666172}
[m7_client] {"details":{"async_rejections":0,"async_results":0,"buffered_results":0,"item_updates":1,"joined":true,"last_error_code":"","messages_received":13041,"messages_sent":17450,"pending_blocking":0,"snapshot_updates":12996},"event":"CLIENT_HEALTH","player":"b","process_id":4048,"time_msec":668172}
[m7_client] {"details":{"async_rejections":0,"async_results":0,"buffered_results":0,"item_updates":1,"joined":true,"last_error_code":"","messages_received":13081,"messages_sent":17507,"pending_blocking":0,"snapshot_updates":13036},"event":"CLIENT_HEALTH","player":"b","process_id":4048,"time_msec":670172}
[m7_client] {"details":{"async_rejections":0,"async_results":0,"buffered_results":0,"item_updates":1,"joined":true,"last_error_code":"","messages_received":13121,"messages_sent":17563,"pending_blocking":0,"snapshot_updates":13076},"event":"CLIENT_HEALTH","player":"b","process_id":4048,"time_msec":672172}
[m7_client] {"details":{"async_rejections":0,"async_results":0,"buffered_results":0,"item_updates":1,"joined":true,"last_error_code":"","messages_received":13161,"messages_sent":17620,"pending_blocking":0,"snapshot_updates":13116},"event":"CLIENT_HEALTH","player":"b","process_id":4048,"time_msec":674178}
[m7_client] {"details":{"async_rejections":0,"async_results":0,"buffered_results":0,"item_updates":1,"joined":true,"last_error_code":"","messages_received":13201,"messages_sent":17677,"pending_blocking":0,"snapshot_updates":13156},"event":"CLIENT_HEALTH","player":"b","process_id":4048,"time_msec":676179}
[m7_client] {"details":{"async_rejections":0,"async_results":0,"buffered_results":0,"item_updates":1,"joined":true,"last_error_code":"","messages_received":13241,"messages_sent":17733,"pending_blocking":0,"snapshot_updates":13196},"event":"CLIENT_HEALTH","player":"b","process_id":4048,"time_msec":678183}
[m7_client] {"details":{"async_rejections":0,"async_results":0,"buffered_results":0,"item_updates":1,"joined":true,"last_error_code":"","messages_received":13281,"messages_sent":17790,"pending_blocking":0,"snapshot_updates":13236},"event":"CLIENT_HEALTH","player":"b","process_id":4048,"time_msec":680183}
[m7_client] {"details":{"async_rejections":0,"async_results":0,"buffered_results":0,"item_updates":1,"joined":true,"last_error_code":"","messages_received":13321,"messages_sent":17847,"pending_blocking":0,"snapshot_updates":13276},"event":"CLIENT_HEALTH","player":"b","process_id":4048,"time_msec":682183}
[m7_client] {"details":{"async_rejections":0,"async_results":0,"buffered_results":0,"item_updates":1,"joined":true,"last_error_code":"","messages_received":13361,"messages_sent":17903,"pending_blocking":0,"snapshot_updates":13316},"event":"CLIENT_HEALTH","player":"b","process_id":4048,"time_msec":684183}
[m7_client] {"details":{"async_rejections":0,"async_results":0,"buffered_results":0,"item_updates":1,"joined":true,"last_error_code":"","messages_received":13401,"messages_sent":17959,"pending_blocking":0,"snapshot_updates":13356},"event":"CLIENT_HEALTH","player":"b","process_id":4048,"time_msec":686183}
[m7_client] {"details":{"async_rejections":0,"async_results":0,"buffered_results":0,"item_updates":1,"joined":true,"last_error_code":"","messages_received":13441,"messages_sent":18016,"pending_blocking":0,"snapshot_updates":13396},"event":"CLIENT_HEALTH","player":"b","process_id":4048,"time_msec":688183}
[m7_client] {"details":{"async_rejections":0,"async_results":0,"buffered_results":0,"item_updates":1,"joined":true,"last_error_code":"","messages_received":13481,"messages_sent":18073,"pending_blocking":0,"snapshot_updates":13436},"event":"CLIENT_HEALTH","player":"b","process_id":4048,"time_msec":690188}
[m7_client] {"details":{"async_rejections":0,"async_results":0,"buffered_results":0,"item_updates":1,"joined":true,"last_error_code":"","messages_received":13521,"messages_sent":18129,"pending_blocking":0,"snapshot_updates":13476},"event":"CLIENT_HEALTH","player":"b","process_id":4048,"time_msec":692188}
[m7_client] {"details":{"async_rejections":0,"async_results":0,"buffered_results":0,"item_updates":1,"joined":true,"last_error_code":"","messages_received":13561,"messages_sent":18185,"pending_blocking":0,"snapshot_updates":13516},"event":"CLIENT_HEALTH","player":"b","process_id":4048,"time_msec":694188}
[m7_client] {"details":{"async_rejections":0,"async_results":0,"buffered_results":0,"item_updates":1,"joined":true,"last_error_code":"","messages_received":13601,"messages_sent":18242,"pending_blocking":0,"snapshot_updates":13556},"event":"CLIENT_HEALTH","player":"b","process_id":4048,"time_msec":696188}
[m7_client] {"details":{"async_rejections":0,"async_results":0,"buffered_results":0,"item_updates":1,"joined":true,"last_error_code":"","messages_received":13641,"messages_sent":18298,"pending_blocking":0,"snapshot_updates":13596},"event":"CLIENT_HEALTH","player":"b","process_id":4048,"time_msec":698188}
[m7_client] {"details":{"async_rejections":0,"async_results":0,"buffered_results":0,"item_updates":1,"joined":true,"last_error_code":"","messages_received":13681,"messages_sent":18355,"pending_blocking":0,"snapshot_updates":13636},"event":"CLIENT_HEALTH","player":"b","process_id":4048,"time_msec":700188}
[m7_client] {"details":{"async_rejections":0,"async_results":0,"buffered_results":0,"item_updates":1,"joined":true,"last_error_code":"","messages_received":13721,"messages_sent":18412,"pending_blocking":0,"snapshot_updates":13676},"event":"CLIENT_HEALTH","player":"b","process_id":4048,"time_msec":702195}
[m7_client] {"details":{"async_rejections":0,"async_results":0,"buffered_results":0,"item_updates":1,"joined":true,"last_error_code":"","messages_received":13761,"messages_sent":18468,"pending_blocking":0,"snapshot_updates":13716},"event":"CLIENT_HEALTH","player":"b","process_id":4048,"time_msec":704199}
[m7_client] {"details":{"async_rejections":0,"async_results":0,"buffered_results":0,"item_updates":1,"joined":true,"last_error_code":"","messages_received":13801,"messages_sent":18525,"pending_blocking":0,"snapshot_updates":13756},"event":"CLIENT_HEALTH","player":"b","process_id":4048,"time_msec":706199}
[m7_client] {"details":{"async_rejections":0,"async_results":0,"buffered_results":0,"item_updates":1,"joined":true,"last_error_code":"","messages_received":13841,"messages_sent":18582,"pending_blocking":0,"snapshot_updates":13796},"event":"CLIENT_HEALTH","player":"b","process_id":4048,"time_msec":708201}
[m7_client] {"details":{"async_rejections":0,"async_results":0,"buffered_results":0,"item_updates":1,"joined":true,"last_error_code":"","messages_received":13882,"messages_sent":18638,"pending_blocking":0,"snapshot_updates":13837},"event":"CLIENT_HEALTH","player":"b","process_id":4048,"time_msec":710208}
[m7_client] {"details":{"async_rejections":0,"async_results":0,"buffered_results":0,"item_updates":1,"joined":true,"last_error_code":"","messages_received":13922,"messages_sent":18695,"pending_blocking":0,"snapshot_updates":13877},"event":"CLIENT_HEALTH","player":"b","process_id":4048,"time_msec":712208}
[m7_client] {"details":{"async_rejections":0,"async_results":0,"buffered_results":0,"item_updates":1,"joined":true,"last_error_code":"","messages_received":13962,"messages_sent":18752,"pending_blocking":0,"snapshot_updates":13917},"event":"CLIENT_HEALTH","player":"b","process_id":4048,"time_msec":714209}
[m7_client] {"details":{"async_rejections":0,"async_results":0,"buffered_results":0,"item_updates":1,"joined":true,"last_error_code":"","messages_received":14002,"messages_sent":18808,"pending_blocking":0,"snapshot_updates":13957},"event":"CLIENT_HEALTH","player":"b","process_id":4048,"time_msec":716214}
[m7_client] {"details":{"async_rejections":0,"async_results":0,"buffered_results":0,"item_updates":1,"joined":true,"last_error_code":"","messages_received":14042,"messages_sent":18864,"pending_blocking":0,"snapshot_updates":13997},"event":"CLIENT_HEALTH","player":"b","process_id":4048,"time_msec":718217}
[m7_client] {"details":{"async_rejections":0,"async_results":0,"buffered_results":0,"item_updates":1,"joined":true,"last_error_code":"","messages_received":14082,"messages_sent":18921,"pending_blocking":0,"snapshot_updates":14037},"event":"CLIENT_HEALTH","player":"b","process_id":4048,"time_msec":720218}
[m7_client] {"details":{"async_rejections":0,"async_results":0,"buffered_results":0,"item_updates":1,"joined":true,"last_error_code":"","messages_received":14122,"messages_sent":18977,"pending_blocking":0,"snapshot_updates":14077},"event":"CLIENT_HEALTH","player":"b","process_id":4048,"time_msec":722222}
[m7_client] {"details":{"async_rejections":0,"async_results":0,"buffered_results":0,"item_updates":1,"joined":true,"last_error_code":"","messages_received":14162,"messages_sent":19034,"pending_blocking":0,"snapshot_updates":14117},"event":"CLIENT_HEALTH","player":"b","process_id":4048,"time_msec":724222}
[m7_client] {"details":{"async_rejections":0,"async_results":0,"buffered_results":0,"item_updates":1,"joined":true,"last_error_code":"","messages_received":14202,"messages_sent":19090,"pending_blocking":0,"snapshot_updates":14157},"event":"CLIENT_HEALTH","player":"b","process_id":4048,"time_msec":726223}
[m7_client] {"details":{"async_rejections":0,"async_results":0,"buffered_results":0,"item_updates":1,"joined":true,"last_error_code":"","messages_received":14242,"messages_sent":19146,"pending_blocking":0,"snapshot_updates":14197},"event":"CLIENT_HEALTH","player":"b","process_id":4048,"time_msec":728228}
[m7_client] {"details":{"async_rejections":0,"async_results":0,"buffered_results":0,"item_updates":1,"joined":true,"last_error_code":"","messages_received":14282,"messages_sent":19203,"pending_blocking":0,"snapshot_updates":14237},"event":"CLIENT_HEALTH","player":"b","process_id":4048,"time_msec":730228}
[m7_client] {"details":{"async_rejections":0,"async_results":0,"buffered_results":0,"item_updates":1,"joined":true,"last_error_code":"","messages_received":14322,"messages_sent":19259,"pending_blocking":0,"snapshot_updates":14277},"event":"CLIENT_HEALTH","player":"b","process_id":4048,"time_msec":732228}
[m7_client] {"details":{"async_rejections":0,"async_results":0,"buffered_results":0,"item_updates":1,"joined":true,"last_error_code":"","messages_received":14362,"messages_sent":19316,"pending_blocking":0,"snapshot_updates":14317},"event":"CLIENT_HEALTH","player":"b","process_id":4048,"time_msec":734229}
[m7_client] {"details":{"async_rejections":0,"async_results":0,"buffered_results":0,"item_updates":1,"joined":true,"last_error_code":"","messages_received":14402,"messages_sent":19372,"pending_blocking":0,"snapshot_updates":14357},"event":"CLIENT_HEALTH","player":"b","process_id":4048,"time_msec":736233}
[m7_client] {"details":{"async_rejections":0,"async_results":0,"buffered_results":0,"item_updates":1,"joined":true,"last_error_code":"","messages_received":14442,"messages_sent":19428,"pending_blocking":0,"snapshot_updates":14397},"event":"CLIENT_HEALTH","player":"b","process_id":4048,"time_msec":738233}
[m7_client] {"details":{"async_rejections":0,"async_results":0,"buffered_results":0,"item_updates":1,"joined":true,"last_error_code":"","messages_received":14482,"messages_sent":19485,"pending_blocking":0,"snapshot_updates":14437},"event":"CLIENT_HEALTH","player":"b","process_id":4048,"time_msec":740233}
[m7_client] {"details":{"async_rejections":0,"async_results":0,"buffered_results":0,"item_updates":1,"joined":true,"last_error_code":"","messages_received":14522,"messages_sent":19542,"pending_blocking":0,"snapshot_updates":14477},"event":"CLIENT_HEALTH","player":"b","process_id":4048,"time_msec":742233}
[m7_client] {"details":{"async_rejections":0,"async_results":0,"buffered_results":0,"item_updates":1,"joined":true,"last_error_code":"","messages_received":14562,"messages_sent":19599,"pending_blocking":0,"snapshot_updates":14517},"event":"CLIENT_HEALTH","player":"b","process_id":4048,"time_msec":744234}
[m7_client] {"details":{"async_rejections":0,"async_results":0,"buffered_results":0,"item_updates":1,"joined":true,"last_error_code":"","messages_received":14602,"messages_sent":19655,"pending_blocking":0,"snapshot_updates":14557},"event":"CLIENT_HEALTH","player":"b","process_id":4048,"time_msec":746239}
[m7_client] {"details":{"async_rejections":0,"async_results":0,"buffered_results":0,"item_updates":1,"joined":true,"last_error_code":"","messages_received":14642,"messages_sent":19712,"pending_blocking":0,"snapshot_updates":14597},"event":"CLIENT_HEALTH","player":"b","process_id":4048,"time_msec":748239}
[m7_client] {"details":{"async_rejections":0,"async_results":0,"buffered_results":0,"item_updates":1,"joined":true,"last_error_code":"","messages_received":14682,"messages_sent":19769,"pending_blocking":0,"snapshot_updates":14637},"event":"CLIENT_HEALTH","player":"b","process_id":4048,"time_msec":750244}
[m7_client] {"details":{"async_rejections":0,"async_results":0,"buffered_results":0,"item_updates":1,"joined":true,"last_error_code":"","messages_received":14722,"messages_sent":19825,"pending_blocking":0,"snapshot_updates":14677},"event":"CLIENT_HEALTH","player":"b","process_id":4048,"time_msec":752244}
[m7_client] {"details":{"async_rejections":0,"async_results":0,"buffered_results":0,"item_updates":1,"joined":true,"last_error_code":"","messages_received":14762,"messages_sent":19882,"pending_blocking":0,"snapshot_updates":14717},"event":"CLIENT_HEALTH","player":"b","process_id":4048,"time_msec":754244}
[m7_client] {"details":{"async_rejections":0,"async_results":0,"buffered_results":0,"item_updates":1,"joined":true,"last_error_code":"","messages_received":14802,"messages_sent":19938,"pending_blocking":0,"snapshot_updates":14757},"event":"CLIENT_HEALTH","player":"b","process_id":4048,"time_msec":756244}
[m7_client] {"details":{"async_rejections":0,"async_results":0,"buffered_results":0,"item_updates":1,"joined":true,"last_error_code":"","messages_received":14842,"messages_sent":19995,"pending_blocking":0,"snapshot_updates":14797},"event":"CLIENT_HEALTH","player":"b","process_id":4048,"time_msec":758244}
[m7_client] {"details":{"async_rejections":0,"async_results":0,"buffered_results":0,"item_updates":1,"joined":true,"last_error_code":"","messages_received":14882,"messages_sent":20051,"pending_blocking":0,"snapshot_updates":14837},"event":"CLIENT_HEALTH","player":"b","process_id":4048,"time_msec":760245}
[m7_client] {"details":{"async_rejections":0,"async_results":0,"buffered_results":0,"item_updates":1,"joined":true,"last_error_code":"","messages_received":14923,"messages_sent":20107,"pending_blocking":0,"snapshot_updates":14878},"event":"CLIENT_HEALTH","player":"b","process_id":4048,"time_msec":762252}
[m7_client] {"details":{"async_rejections":0,"async_results":0,"buffered_results":0,"item_updates":1,"joined":true,"last_error_code":"","messages_received":14963,"messages_sent":20164,"pending_blocking":0,"snapshot_updates":14918},"event":"CLIENT_HEALTH","player":"b","process_id":4048,"time_msec":764258}
[m7_client] {"details":{"async_rejections":0,"async_results":0,"buffered_results":0,"item_updates":1,"joined":true,"last_error_code":"","messages_received":15003,"messages_sent":20221,"pending_blocking":0,"snapshot_updates":14958},"event":"CLIENT_HEALTH","player":"b","process_id":4048,"time_msec":766258}
[m7_client] {"details":{"async_rejections":0,"async_results":0,"buffered_results":0,"item_updates":1,"joined":true,"last_error_code":"","messages_received":15043,"messages_sent":20278,"pending_blocking":0,"snapshot_updates":14998},"event":"CLIENT_HEALTH","player":"b","process_id":4048,"time_msec":768259}
[m7_client] {"details":{"async_rejections":0,"async_results":0,"buffered_results":0,"item_updates":1,"joined":true,"last_error_code":"","messages_received":15083,"messages_sent":20334,"pending_blocking":0,"snapshot_updates":15038},"event":"CLIENT_HEALTH","player":"b","process_id":4048,"time_msec":770261}
[m7_client] {"details":{"async_rejections":0,"async_results":0,"buffered_results":0,"item_updates":1,"joined":true,"last_error_code":"","messages_received":15123,"messages_sent":20391,"pending_blocking":0,"snapshot_updates":15078},"event":"CLIENT_HEALTH","player":"b","process_id":4048,"time_msec":772261}
[m7_client] {"details":{"async_rejections":0,"async_results":0,"buffered_results":0,"item_updates":1,"joined":true,"last_error_code":"","messages_received":15163,"messages_sent":20447,"pending_blocking":0,"snapshot_updates":15118},"event":"CLIENT_HEALTH","player":"b","process_id":4048,"time_msec":774261}
[m7_client] {"details":{"async_rejections":0,"async_results":0,"buffered_results":0,"item_updates":1,"joined":true,"last_error_code":"","messages_received":15203,"messages_sent":20504,"pending_blocking":0,"snapshot_updates":15158},"event":"CLIENT_HEALTH","player":"b","process_id":4048,"time_msec":776263}
[m7_client] {"details":{"async_rejections":0,"async_results":0,"buffered_results":0,"item_updates":1,"joined":true,"last_error_code":"","messages_received":15243,"messages_sent":20560,"pending_blocking":0,"snapshot_updates":15198},"event":"CLIENT_HEALTH","player":"b","process_id":4048,"time_msec":778267}
[m7_client] {"details":{"async_rejections":0,"async_results":0,"buffered_results":0,"item_updates":1,"joined":true,"last_error_code":"","messages_received":15283,"messages_sent":20617,"pending_blocking":0,"snapshot_updates":15238},"event":"CLIENT_HEALTH","player":"b","process_id":4048,"time_msec":780273}
[m7_client] {"details":{"async_rejections":0,"async_results":0,"buffered_results":0,"item_updates":1,"joined":true,"last_error_code":"","messages_received":15323,"messages_sent":20674,"pending_blocking":0,"snapshot_updates":15278},"event":"CLIENT_HEALTH","player":"b","process_id":4048,"time_msec":782272}
[m7_client] {"details":{"async_rejections":0,"async_results":0,"buffered_results":0,"item_updates":1,"joined":true,"last_error_code":"","messages_received":15363,"messages_sent":20730,"pending_blocking":0,"snapshot_updates":15318},"event":"CLIENT_HEALTH","player":"b","process_id":4048,"time_msec":784272}
[m7_client] {"details":{"async_rejections":0,"async_results":0,"buffered_results":0,"item_updates":1,"joined":true,"last_error_code":"","messages_received":15403,"messages_sent":20787,"pending_blocking":0,"snapshot_updates":15358},"event":"CLIENT_HEALTH","player":"b","process_id":4048,"time_msec":786272}
[m7_client] {"details":{"async_rejections":0,"async_results":0,"buffered_results":0,"item_updates":1,"joined":true,"last_error_code":"","messages_received":15443,"messages_sent":20843,"pending_blocking":0,"snapshot_updates":15398},"event":"CLIENT_HEALTH","player":"b","process_id":4048,"time_msec":788272}
[m7_client] {"details":{"async_rejections":0,"async_results":0,"buffered_results":0,"item_updates":1,"joined":true,"last_error_code":"","messages_received":15483,"messages_sent":20900,"pending_blocking":0,"snapshot_updates":15438},"event":"CLIENT_HEALTH","player":"b","process_id":4048,"time_msec":790272}
[m7_client] {"details":{"async_rejections":0,"async_results":0,"buffered_results":0,"item_updates":1,"joined":true,"last_error_code":"","messages_received":15523,"messages_sent":20957,"pending_blocking":0,"snapshot_updates":15478},"event":"CLIENT_HEALTH","player":"b","process_id":4048,"time_msec":792272}
[m7_client] {"details":{"async_rejections":0,"async_results":0,"buffered_results":0,"item_updates":1,"joined":true,"last_error_code":"","messages_received":15563,"messages_sent":21013,"pending_blocking":0,"snapshot_updates":15518},"event":"CLIENT_HEALTH","player":"b","process_id":4048,"time_msec":794278}
[m7_client] {"details":{"async_rejections":0,"async_results":0,"buffered_results":0,"item_updates":1,"joined":true,"last_error_code":"","messages_received":15603,"messages_sent":21070,"pending_blocking":0,"snapshot_updates":15558},"event":"CLIENT_HEALTH","player":"b","process_id":4048,"time_msec":796278}
[m7_client] {"details":{"async_rejections":0,"async_results":0,"buffered_results":0,"item_updates":1,"joined":true,"last_error_code":"","messages_received":15643,"messages_sent":21126,"pending_blocking":0,"snapshot_updates":15598},"event":"CLIENT_HEALTH","player":"b","process_id":4048,"time_msec":798283}
[m7_client] {"details":{"async_rejections":0,"async_results":0,"buffered_results":0,"item_updates":1,"joined":true,"last_error_code":"","messages_received":15683,"messages_sent":21183,"pending_blocking":0,"snapshot_updates":15638},"event":"CLIENT_HEALTH","player":"b","process_id":4048,"time_msec":800283}
[m7_client] {"details":{"async_rejections":0,"async_results":0,"buffered_results":0,"item_updates":1,"joined":true,"last_error_code":"","messages_received":15723,"messages_sent":21240,"pending_blocking":0,"snapshot_updates":15678},"event":"CLIENT_HEALTH","player":"b","process_id":4048,"time_msec":802283}
[m7_client] {"details":{"async_rejections":0,"async_results":0,"buffered_results":0,"item_updates":1,"joined":true,"last_error_code":"","messages_received":15763,"messages_sent":21296,"pending_blocking":0,"snapshot_updates":15718},"event":"CLIENT_HEALTH","player":"b","process_id":4048,"time_msec":804283}
[m7_client] {"details":{"async_rejections":0,"async_results":0,"buffered_results":0,"item_updates":1,"joined":true,"last_error_code":"","messages_received":15803,"messages_sent":21352,"pending_blocking":0,"snapshot_updates":15758},"event":"CLIENT_HEALTH","player":"b","process_id":4048,"time_msec":806283}
[m7_client] {"details":{"async_rejections":0,"async_results":0,"buffered_results":0,"item_updates":1,"joined":true,"last_error_code":"","messages_received":15843,"messages_sent":21409,"pending_blocking":0,"snapshot_updates":15798},"event":"CLIENT_HEALTH","player":"b","process_id":4048,"time_msec":808283}
[m7_client] {"details":{"async_rejections":0,"async_results":0,"buffered_results":0,"item_updates":1,"joined":true,"last_error_code":"","messages_received":15883,"messages_sent":21465,"pending_blocking":0,"snapshot_updates":15838},"event":"CLIENT_HEALTH","player":"b","process_id":4048,"time_msec":810288}
[m7_client] {"details":{"async_rejections":0,"async_results":0,"buffered_results":0,"item_updates":1,"joined":true,"last_error_code":"","messages_received":15923,"messages_sent":21522,"pending_blocking":0,"snapshot_updates":15878},"event":"CLIENT_HEALTH","player":"b","process_id":4048,"time_msec":812288}
[m7_client] {"details":{"async_rejections":0,"async_results":0,"buffered_results":0,"item_updates":1,"joined":true,"last_error_code":"","messages_received":15963,"messages_sent":21578,"pending_blocking":0,"snapshot_updates":15918},"event":"CLIENT_HEALTH","player":"b","process_id":4048,"time_msec":814288}
[m7_client] {"details":{"async_rejections":0,"async_results":0,"buffered_results":0,"item_updates":1,"joined":true,"last_error_code":"","messages_received":16003,"messages_sent":21634,"pending_blocking":0,"snapshot_updates":15958},"event":"CLIENT_HEALTH","player":"b","process_id":4048,"time_msec":816288}
[m7_client] {"details":{"async_rejections":0,"async_results":0,"buffered_results":0,"item_updates":1,"joined":true,"last_error_code":"","messages_received":16043,"messages_sent":21691,"pending_blocking":0,"snapshot_updates":15998},"event":"CLIENT_HEALTH","player":"b","process_id":4048,"time_msec":818288}
[m7_client] {"details":{"async_rejections":0,"async_results":0,"buffered_results":0,"item_updates":1,"joined":true,"last_error_code":"","messages_received":16083,"messages_sent":21747,"pending_blocking":0,"snapshot_updates":16038},"event":"CLIENT_HEALTH","player":"b","process_id":4048,"time_msec":820288}
[m7_client] {"details":{"async_rejections":0,"async_results":0,"buffered_results":0,"item_updates":1,"joined":true,"last_error_code":"","messages_received":16123,"messages_sent":21804,"pending_blocking":0,"snapshot_updates":16078},"event":"CLIENT_HEALTH","player":"b","process_id":4048,"time_msec":822288}
[m7_client] {"details":{"async_rejections":0,"async_results":0,"buffered_results":0,"item_updates":1,"joined":true,"last_error_code":"","messages_received":16163,"messages_sent":21861,"pending_blocking":0,"snapshot_updates":16118},"event":"CLIENT_HEALTH","player":"b","process_id":4048,"time_msec":824295}
[m7_client] {"details":{"async_rejections":0,"async_results":0,"buffered_results":0,"item_updates":1,"joined":true,"last_error_code":"","messages_received":16204,"messages_sent":21917,"pending_blocking":0,"snapshot_updates":16159},"event":"CLIENT_HEALTH","player":"b","process_id":4048,"time_msec":826302}
[m7_client] {"details":{"async_rejections":0,"async_results":0,"buffered_results":0,"item_updates":1,"joined":true,"last_error_code":"","messages_received":16244,"messages_sent":21974,"pending_blocking":0,"snapshot_updates":16199},"event":"CLIENT_HEALTH","player":"b","process_id":4048,"time_msec":828309}
[m7_client] {"details":{"async_rejections":0,"async_results":0,"buffered_results":0,"item_updates":1,"joined":true,"last_error_code":"","messages_received":16284,"messages_sent":22031,"pending_blocking":0,"snapshot_updates":16239},"event":"CLIENT_HEALTH","player":"b","process_id":4048,"time_msec":830311}
[m7_client] {"details":{"async_rejections":0,"async_results":0,"buffered_results":0,"item_updates":1,"joined":true,"last_error_code":"","messages_received":16324,"messages_sent":22087,"pending_blocking":0,"snapshot_updates":16279},"event":"CLIENT_HEALTH","player":"b","process_id":4048,"time_msec":832311}
[m7_client] {"details":{"async_rejections":0,"async_results":0,"buffered_results":0,"item_updates":1,"joined":true,"last_error_code":"","messages_received":16364,"messages_sent":22143,"pending_blocking":0,"snapshot_updates":16319},"event":"CLIENT_HEALTH","player":"b","process_id":4048,"time_msec":834314}
[m7_client] {"details":{"async_rejections":0,"async_results":0,"buffered_results":0,"item_updates":1,"joined":true,"last_error_code":"","messages_received":16404,"messages_sent":22200,"pending_blocking":0,"snapshot_updates":16359},"event":"CLIENT_HEALTH","player":"b","process_id":4048,"time_msec":836317}
[m7_client] {"details":{"async_rejections":0,"async_results":0,"buffered_results":0,"item_updates":1,"joined":true,"last_error_code":"","messages_received":16444,"messages_sent":22256,"pending_blocking":0,"snapshot_updates":16399},"event":"CLIENT_HEALTH","player":"b","process_id":4048,"time_msec":838317}
[m7_client] {"details":{"async_rejections":0,"async_results":0,"buffered_results":0,"item_updates":1,"joined":true,"last_error_code":"","messages_received":16484,"messages_sent":22313,"pending_blocking":0,"snapshot_updates":16439},"event":"CLIENT_HEALTH","player":"b","process_id":4048,"time_msec":840324}
[m7_client] {"details":{"async_rejections":0,"async_results":0,"buffered_results":0,"item_updates":1,"joined":true,"last_error_code":"","messages_received":16524,"messages_sent":22369,"pending_blocking":0,"snapshot_updates":16479},"event":"CLIENT_HEALTH","player":"b","process_id":4048,"time_msec":842329}
[m7_client] {"details":{"async_rejections":0,"async_results":0,"buffered_results":0,"item_updates":1,"joined":true,"last_error_code":"","messages_received":16564,"messages_sent":22425,"pending_blocking":0,"snapshot_updates":16519},"event":"CLIENT_HEALTH","player":"b","process_id":4048,"time_msec":844334}
[m7_client] {"details":{"async_rejections":0,"async_results":0,"buffered_results":0,"item_updates":1,"joined":true,"last_error_code":"","messages_received":16604,"messages_sent":22482,"pending_blocking":0,"snapshot_updates":16559},"event":"CLIENT_HEALTH","player":"b","process_id":4048,"time_msec":846334}
[m7_client] {"details":{"async_rejections":0,"async_results":0,"buffered_results":0,"item_updates":1,"joined":true,"last_error_code":"","messages_received":16644,"messages_sent":22538,"pending_blocking":0,"snapshot_updates":16599},"event":"CLIENT_HEALTH","player":"b","process_id":4048,"time_msec":848334}
[m7_client] {"details":{"async_rejections":0,"async_results":0,"buffered_results":0,"item_updates":1,"joined":true,"last_error_code":"","messages_received":16684,"messages_sent":22595,"pending_blocking":0,"snapshot_updates":16639},"event":"CLIENT_HEALTH","player":"b","process_id":4048,"time_msec":850334}
[m7_client] {"details":{"async_rejections":0,"async_results":0,"buffered_results":0,"item_updates":1,"joined":true,"last_error_code":"","messages_received":16724,"messages_sent":22651,"pending_blocking":0,"snapshot_updates":16679},"event":"CLIENT_HEALTH","player":"b","process_id":4048,"time_msec":852334}
[m7_client] {"details":{"async_rejections":0,"async_results":0,"buffered_results":0,"item_updates":1,"joined":true,"last_error_code":"","messages_received":16764,"messages_sent":22707,"pending_blocking":0,"snapshot_updates":16719},"event":"CLIENT_HEALTH","player":"b","process_id":4048,"time_msec":854334}
[m7_client] {"details":{"async_rejections":0,"async_results":0,"buffered_results":0,"item_updates":1,"joined":true,"last_error_code":"","messages_received":16804,"messages_sent":22763,"pending_blocking":0,"snapshot_updates":16759},"event":"CLIENT_HEALTH","player":"b","process_id":4048,"time_msec":856334}
[m7_client] {"details":{"async_rejections":0,"async_results":0,"buffered_results":0,"item_updates":1,"joined":true,"last_error_code":"","messages_received":16844,"messages_sent":22820,"pending_blocking":0,"snapshot_updates":16799},"event":"CLIENT_HEALTH","player":"b","process_id":4048,"time_msec":858339}
[m7_client] {"details":{"async_rejections":0,"async_results":0,"buffered_results":0,"item_updates":1,"joined":true,"last_error_code":"","messages_received":16884,"messages_sent":22877,"pending_blocking":0,"snapshot_updates":16839},"event":"CLIENT_HEALTH","player":"b","process_id":4048,"time_msec":860341}
[m7_client] {"details":{"async_rejections":0,"async_results":0,"buffered_results":0,"item_updates":1,"joined":true,"last_error_code":"","messages_received":16924,"messages_sent":22934,"pending_blocking":0,"snapshot_updates":16879},"event":"CLIENT_HEALTH","player":"b","process_id":4048,"time_msec":862347}
[m7_client] {"details":{"async_rejections":0,"async_results":0,"buffered_results":0,"item_updates":1,"joined":true,"last_error_code":"","messages_received":16964,"messages_sent":22990,"pending_blocking":0,"snapshot_updates":16919},"event":"CLIENT_HEALTH","player":"b","process_id":4048,"time_msec":864351}
[m7_client] {"details":{"async_rejections":0,"async_results":0,"buffered_results":0,"item_updates":1,"joined":true,"last_error_code":"","messages_received":17004,"messages_sent":23047,"pending_blocking":0,"snapshot_updates":16959},"event":"CLIENT_HEALTH","player":"b","process_id":4048,"time_msec":866353}
[m7_client] {"details":{"async_rejections":0,"async_results":0,"buffered_results":0,"item_updates":1,"joined":true,"last_error_code":"","messages_received":17044,"messages_sent":23103,"pending_blocking":0,"snapshot_updates":16999},"event":"CLIENT_HEALTH","player":"b","process_id":4048,"time_msec":868357}
[m7_client] {"details":{"async_rejections":0,"async_results":0,"buffered_results":0,"item_updates":1,"joined":true,"last_error_code":"","messages_received":17085,"messages_sent":23160,"pending_blocking":0,"snapshot_updates":17040},"event":"CLIENT_HEALTH","player":"b","process_id":4048,"time_msec":870360}
[m7_client] {"details":{"async_rejections":0,"async_results":0,"buffered_results":0,"item_updates":1,"joined":true,"last_error_code":"","messages_received":17125,"messages_sent":23217,"pending_blocking":0,"snapshot_updates":17080},"event":"CLIENT_HEALTH","player":"b","process_id":4048,"time_msec":872361}
[m7_client] {"details":{"async_rejections":0,"async_results":0,"buffered_results":0,"item_updates":1,"joined":true,"last_error_code":"","messages_received":17165,"messages_sent":23273,"pending_blocking":0,"snapshot_updates":17120},"event":"CLIENT_HEALTH","player":"b","process_id":4048,"time_msec":874363}
[m7_client] {"details":{"async_rejections":0,"async_results":0,"buffered_results":0,"item_updates":1,"joined":true,"last_error_code":"","messages_received":17205,"messages_sent":23329,"pending_blocking":0,"snapshot_updates":17160},"event":"CLIENT_HEALTH","player":"b","process_id":4048,"time_msec":876363}
[m7_client] {"details":{"async_rejections":0,"async_results":0,"buffered_results":0,"item_updates":1,"joined":true,"last_error_code":"","messages_received":17245,"messages_sent":23386,"pending_blocking":0,"snapshot_updates":17200},"event":"CLIENT_HEALTH","player":"b","process_id":4048,"time_msec":878365}
[m7_client] {"details":{"async_rejections":0,"async_results":0,"buffered_results":0,"item_updates":1,"joined":true,"last_error_code":"","messages_received":17285,"messages_sent":23442,"pending_blocking":0,"snapshot_updates":17240},"event":"CLIENT_HEALTH","player":"b","process_id":4048,"time_msec":880365}
[m7_client] {"details":{"async_rejections":0,"async_results":0,"buffered_results":0,"item_updates":1,"joined":true,"last_error_code":"","messages_received":17325,"messages_sent":23499,"pending_blocking":0,"snapshot_updates":17280},"event":"CLIENT_HEALTH","player":"b","process_id":4048,"time_msec":882368}
[m7_client] {"details":{"async_rejections":0,"async_results":0,"buffered_results":0,"item_updates":1,"joined":true,"last_error_code":"","messages_received":17365,"messages_sent":23556,"pending_blocking":0,"snapshot_updates":17320},"event":"CLIENT_HEALTH","player":"b","process_id":4048,"time_msec":884368}
[m7_client] {"details":{"async_rejections":0,"async_results":0,"buffered_results":0,"item_updates":1,"joined":true,"last_error_code":"","messages_received":17405,"messages_sent":23613,"pending_blocking":0,"snapshot_updates":17360},"event":"CLIENT_HEALTH","player":"b","process_id":4048,"time_msec":886369}
[m7_client] {"details":{"async_rejections":0,"async_results":0,"buffered_results":0,"item_updates":1,"joined":true,"last_error_code":"","messages_received":17445,"messages_sent":23669,"pending_blocking":0,"snapshot_updates":17400},"event":"CLIENT_HEALTH","player":"b","process_id":4048,"time_msec":888373}
[m7_client] {"details":{"async_rejections":0,"async_results":0,"buffered_results":0,"item_updates":1,"joined":true,"last_error_code":"","messages_received":17485,"messages_sent":23726,"pending_blocking":0,"snapshot_updates":17440},"event":"CLIENT_HEALTH","player":"b","process_id":4048,"time_msec":890373}
[m7_client] {"details":{"async_rejections":0,"async_results":0,"buffered_results":0,"item_updates":1,"joined":true,"last_error_code":"","messages_received":17525,"messages_sent":23783,"pending_blocking":0,"snapshot_updates":17480},"event":"CLIENT_HEALTH","player":"b","process_id":4048,"time_msec":892373}
[m7_client] {"details":{"async_rejections":0,"async_results":0,"buffered_results":0,"item_updates":1,"joined":true,"last_error_code":"","messages_received":17565,"messages_sent":23839,"pending_blocking":0,"snapshot_updates":17520},"event":"CLIENT_HEALTH","player":"b","process_id":4048,"time_msec":894373}
[m7_client] {"details":{"async_rejections":0,"async_results":0,"buffered_results":0,"item_updates":1,"joined":true,"last_error_code":"","messages_received":17605,"messages_sent":23896,"pending_blocking":0,"snapshot_updates":17560},"event":"CLIENT_HEALTH","player":"b","process_id":4048,"time_msec":896374}
[m7_client] {"details":{"async_rejections":0,"async_results":0,"buffered_results":0,"item_updates":1,"joined":true,"last_error_code":"","messages_received":17645,"messages_sent":23952,"pending_blocking":0,"snapshot_updates":17600},"event":"CLIENT_HEALTH","player":"b","process_id":4048,"time_msec":898379}
[m7_client] {"details":{"async_rejections":0,"async_results":0,"buffered_results":0,"item_updates":1,"joined":true,"last_error_code":"","messages_received":17685,"messages_sent":24009,"pending_blocking":0,"snapshot_updates":17640},"event":"CLIENT_HEALTH","player":"b","process_id":4048,"time_msec":900385}
[m7_client] {"details":{"async_rejections":0,"async_results":0,"buffered_results":0,"item_updates":1,"joined":true,"last_error_code":"","messages_received":17725,"messages_sent":24065,"pending_blocking":0,"snapshot_updates":17680},"event":"CLIENT_HEALTH","player":"b","process_id":4048,"time_msec":902390}
[m7_client] {"details":{"async_rejections":0,"async_results":0,"buffered_results":0,"item_updates":1,"joined":true,"last_error_code":"","messages_received":17765,"messages_sent":24122,"pending_blocking":0,"snapshot_updates":17720},"event":"CLIENT_HEALTH","player":"b","process_id":4048,"time_msec":904392}
[m7_client] {"details":{"async_rejections":0,"async_results":0,"buffered_results":0,"item_updates":1,"joined":true,"last_error_code":"","messages_received":17805,"messages_sent":24178,"pending_blocking":0,"snapshot_updates":17760},"event":"CLIENT_HEALTH","player":"b","process_id":4048,"time_msec":906396}
[m7_client] {"details":{"async_rejections":0,"async_results":0,"buffered_results":0,"item_updates":1,"joined":true,"last_error_code":"","messages_received":17845,"messages_sent":24235,"pending_blocking":0,"snapshot_updates":17800},"event":"CLIENT_HEALTH","player":"b","process_id":4048,"time_msec":908396}
[m7_client] {"details":{"async_rejections":0,"async_results":0,"buffered_results":0,"item_updates":1,"joined":true,"last_error_code":"","messages_received":17885,"messages_sent":24291,"pending_blocking":0,"snapshot_updates":17840},"event":"CLIENT_HEALTH","player":"b","process_id":4048,"time_msec":910396}
[m7_client] {"details":{"async_rejections":0,"async_results":0,"buffered_results":0,"item_updates":1,"joined":true,"last_error_code":"","messages_received":17925,"messages_sent":24348,"pending_blocking":0,"snapshot_updates":17880},"event":"CLIENT_HEALTH","player":"b","process_id":4048,"time_msec":912396}
[m7_client] {"details":{"async_rejections":0,"async_results":0,"buffered_results":0,"item_updates":1,"joined":true,"last_error_code":"","messages_received":17965,"messages_sent":24405,"pending_blocking":0,"snapshot_updates":17920},"event":"CLIENT_HEALTH","player":"b","process_id":4048,"time_msec":914396}
[m7_client] {"details":{"async_rejections":0,"async_results":0,"buffered_results":0,"item_updates":1,"joined":true,"last_error_code":"","messages_received":18005,"messages_sent":24462,"pending_blocking":0,"snapshot_updates":17960},"event":"CLIENT_HEALTH","player":"b","process_id":4048,"time_msec":916397}
[m7_client] {"details":{"async_rejections":0,"async_results":0,"buffered_results":0,"item_updates":1,"joined":true,"last_error_code":"","messages_received":18045,"messages_sent":24518,"pending_blocking":0,"snapshot_updates":18000},"event":"CLIENT_HEALTH","player":"b","process_id":4048,"time_msec":918401}
[m7_client] {"details":{"async_rejections":0,"async_results":0,"buffered_results":0,"item_updates":1,"joined":true,"last_error_code":"","messages_received":18085,"messages_sent":24575,"pending_blocking":0,"snapshot_updates":18040},"event":"CLIENT_HEALTH","player":"b","process_id":4048,"time_msec":920401}
[m7_client] {"details":{"async_rejections":0,"async_results":0,"buffered_results":0,"item_updates":1,"joined":true,"last_error_code":"","messages_received":18125,"messages_sent":24632,"pending_blocking":0,"snapshot_updates":18080},"event":"CLIENT_HEALTH","player":"b","process_id":4048,"time_msec":922403}
[m7_client] {"details":{"async_rejections":0,"async_results":0,"buffered_results":0,"item_updates":1,"joined":true,"last_error_code":"","messages_received":18166,"messages_sent":24688,"pending_blocking":0,"snapshot_updates":18121},"event":"CLIENT_HEALTH","player":"b","process_id":4048,"time_msec":924410}
[m7_client] {"details":{"async_rejections":0,"async_results":0,"buffered_results":0,"item_updates":1,"joined":true,"last_error_code":"","messages_received":18206,"messages_sent":24746,"pending_blocking":0,"snapshot_updates":18161},"event":"CLIENT_HEALTH","player":"b","process_id":4048,"time_msec":926417}
[m7_client] {"details":{"async_rejections":0,"async_results":0,"buffered_results":0,"item_updates":1,"joined":true,"last_error_code":"","messages_received":18246,"messages_sent":24802,"pending_blocking":0,"snapshot_updates":18201},"event":"CLIENT_HEALTH","player":"b","process_id":4048,"time_msec":928419}
[m7_client] {"details":{"async_rejections":0,"async_results":0,"buffered_results":0,"item_updates":1,"joined":true,"last_error_code":"","messages_received":18286,"messages_sent":24859,"pending_blocking":0,"snapshot_updates":18241},"event":"CLIENT_HEALTH","player":"b","process_id":4048,"time_msec":930419}
[m7_client] {"details":{"async_rejections":0,"async_results":0,"buffered_results":0,"item_updates":1,"joined":true,"last_error_code":"","messages_received":18326,"messages_sent":24916,"pending_blocking":0,"snapshot_updates":18281},"event":"CLIENT_HEALTH","player":"b","process_id":4048,"time_msec":932426}
[m7_client] {"details":{"async_rejections":0,"async_results":0,"buffered_results":0,"item_updates":1,"joined":true,"last_error_code":"","messages_received":18366,"messages_sent":24972,"pending_blocking":0,"snapshot_updates":18321},"event":"CLIENT_HEALTH","player":"b","process_id":4048,"time_msec":934430}
[m7_client] {"details":{"async_rejections":0,"async_results":0,"buffered_results":0,"item_updates":1,"joined":true,"last_error_code":"","messages_received":18406,"messages_sent":25029,"pending_blocking":0,"snapshot_updates":18361},"event":"CLIENT_HEALTH","player":"b","process_id":4048,"time_msec":936430}
[m7_client] {"details":{"async_rejections":0,"async_results":0,"buffered_results":0,"item_updates":1,"joined":true,"last_error_code":"","messages_received":18446,"messages_sent":25085,"pending_blocking":0,"snapshot_updates":18401},"event":"CLIENT_HEALTH","player":"b","process_id":4048,"time_msec":938430}
[m7_client] {"details":{"async_rejections":0,"async_results":0,"buffered_results":0,"item_updates":1,"joined":true,"last_error_code":"","messages_received":18486,"messages_sent":25141,"pending_blocking":0,"snapshot_updates":18441},"event":"CLIENT_HEALTH","player":"b","process_id":4048,"time_msec":940430}
[m7_client] {"details":{"async_rejections":0,"async_results":0,"buffered_results":0,"item_updates":1,"joined":true,"last_error_code":"","messages_received":18526,"messages_sent":25198,"pending_blocking":0,"snapshot_updates":18481},"event":"CLIENT_HEALTH","player":"b","process_id":4048,"time_msec":942430}
[m7_client] {"details":{"async_rejections":0,"async_results":0,"buffered_results":0,"item_updates":1,"joined":true,"last_error_code":"","messages_received":18566,"messages_sent":25255,"pending_blocking":0,"snapshot_updates":18521},"event":"CLIENT_HEALTH","player":"b","process_id":4048,"time_msec":944431}
[m7_client] {"details":{"async_rejections":0,"async_results":0,"buffered_results":0,"item_updates":1,"joined":true,"last_error_code":"","messages_received":18606,"messages_sent":25312,"pending_blocking":0,"snapshot_updates":18561},"event":"CLIENT_HEALTH","player":"b","process_id":4048,"time_msec":946437}
[m7_client] {"details":{"async_rejections":0,"async_results":0,"buffered_results":0,"item_updates":1,"joined":true,"last_error_code":"","messages_received":18646,"messages_sent":25368,"pending_blocking":0,"snapshot_updates":18601},"event":"CLIENT_HEALTH","player":"b","process_id":4048,"time_msec":948441}
[m7_client] {"details":{"async_rejections":0,"async_results":0,"buffered_results":0,"item_updates":1,"joined":true,"last_error_code":"","messages_received":18686,"messages_sent":25425,"pending_blocking":0,"snapshot_updates":18641},"event":"CLIENT_HEALTH","player":"b","process_id":4048,"time_msec":950441}
[m7_client] {"details":{"async_rejections":0,"async_results":0,"buffered_results":0,"item_updates":1,"joined":true,"last_error_code":"","messages_received":18726,"messages_sent":25482,"pending_blocking":0,"snapshot_updates":18681},"event":"CLIENT_HEALTH","player":"b","process_id":4048,"time_msec":952443}
[m7_client] {"details":{"async_rejections":0,"async_results":0,"buffered_results":0,"item_updates":1,"joined":true,"last_error_code":"","messages_received":18766,"messages_sent":25538,"pending_blocking":0,"snapshot_updates":18721},"event":"CLIENT_HEALTH","player":"b","process_id":4048,"time_msec":954447}
[m7_client] {"details":{"async_rejections":0,"async_results":0,"buffered_results":0,"item_updates":1,"joined":true,"last_error_code":"","messages_received":18806,"messages_sent":25595,"pending_blocking":0,"snapshot_updates":18761},"event":"CLIENT_HEALTH","player":"b","process_id":4048,"time_msec":956447}
[m7_client] {"details":{"async_rejections":0,"async_results":0,"buffered_results":0,"item_updates":1,"joined":true,"last_error_code":"","messages_received":18846,"messages_sent":25651,"pending_blocking":0,"snapshot_updates":18801},"event":"CLIENT_HEALTH","player":"b","process_id":4048,"time_msec":958447}
[m7_client] {"details":{"async_rejections":0,"async_results":0,"buffered_results":0,"item_updates":1,"joined":true,"last_error_code":"","messages_received":18886,"messages_sent":25708,"pending_blocking":0,"snapshot_updates":18841},"event":"CLIENT_HEALTH","player":"b","process_id":4048,"time_msec":960447}
[m7_client] {"details":{"async_rejections":0,"async_results":0,"buffered_results":0,"item_updates":1,"joined":true,"last_error_code":"","messages_received":18926,"messages_sent":25765,"pending_blocking":0,"snapshot_updates":18881},"event":"CLIENT_HEALTH","player":"b","process_id":4048,"time_msec":962447}
[m7_client] {"details":{"async_rejections":0,"async_results":0,"buffered_results":0,"item_updates":1,"joined":true,"last_error_code":"","messages_received":18967,"messages_sent":25821,"pending_blocking":0,"snapshot_updates":18922},"event":"CLIENT_HEALTH","player":"b","process_id":4048,"time_msec":964455}
[m7_client] {"details":{"async_rejections":0,"async_results":0,"buffered_results":0,"item_updates":1,"joined":true,"last_error_code":"","messages_received":19007,"messages_sent":25878,"pending_blocking":0,"snapshot_updates":18962},"event":"CLIENT_HEALTH","player":"b","process_id":4048,"time_msec":966456}
[m7_client] {"details":{"async_rejections":0,"async_results":0,"buffered_results":0,"item_updates":1,"joined":true,"last_error_code":"","messages_received":19047,"messages_sent":25934,"pending_blocking":0,"snapshot_updates":19002},"event":"CLIENT_HEALTH","player":"b","process_id":4048,"time_msec":968461}
[m7_client] {"details":{"async_rejections":0,"async_results":0,"buffered_results":0,"item_updates":1,"joined":true,"last_error_code":"","messages_received":19087,"messages_sent":25991,"pending_blocking":0,"snapshot_updates":19042},"event":"CLIENT_HEALTH","player":"b","process_id":4048,"time_msec":970464}
[m7_client] {"details":{"async_rejections":0,"async_results":0,"buffered_results":0,"item_updates":1,"joined":true,"last_error_code":"","messages_received":19127,"messages_sent":26047,"pending_blocking":0,"snapshot_updates":19082},"event":"CLIENT_HEALTH","player":"b","process_id":4048,"time_msec":972464}
[m7_client] {"details":{"async_rejections":0,"async_results":0,"buffered_results":0,"item_updates":1,"joined":true,"last_error_code":"","messages_received":19167,"messages_sent":26104,"pending_blocking":0,"snapshot_updates":19122},"event":"CLIENT_HEALTH","player":"b","process_id":4048,"time_msec":974464}
{"category":"atmosphere","data":{"altitude_m":4000.0,"instances":214,"patch_radius_m":70000.0,"plugin_id":"earth_low_clouds"},"event":"cloud_layer_rebuilt","level":"INFO","schema":"lunar.log.v1","session_id":"1790689269-3619","ticks_msec":974919,"timestamp_utc":"2026-09-29 13:57:20"}
[m7_client] {"details":{"async_rejections":0,"async_results":0,"buffered_results":0,"item_updates":1,"joined":true,"last_error_code":"","messages_received":19207,"messages_sent":26160,"pending_blocking":0,"snapshot_updates":19162},"event":"CLIENT_HEALTH","player":"b","process_id":4048,"time_msec":976464}
[m7_client] {"details":{"async_rejections":0,"async_results":0,"buffered_results":0,"item_updates":1,"joined":true,"last_error_code":"","messages_received":19247,"messages_sent":26217,"pending_blocking":0,"snapshot_updates":19202},"event":"CLIENT_HEALTH","player":"b","process_id":4048,"time_msec":978470}
[m7_client] {"details":{"async_rejections":0,"async_results":0,"buffered_results":0,"item_updates":1,"joined":true,"last_error_code":"","messages_received":19287,"messages_sent":26273,"pending_blocking":0,"snapshot_updates":19242},"event":"CLIENT_HEALTH","player":"b","process_id":4048,"time_msec":980469}
[m7_client] {"details":{"async_rejections":0,"async_results":0,"buffered_results":0,"item_updates":1,"joined":true,"last_error_code":"","messages_received":19327,"messages_sent":26330,"pending_blocking":0,"snapshot_updates":19282},"event":"CLIENT_HEALTH","player":"b","process_id":4048,"time_msec":982469}
[m7_client] {"details":{"async_rejections":0,"async_results":0,"buffered_results":0,"item_updates":1,"joined":true,"last_error_code":"","messages_received":19367,"messages_sent":26386,"pending_blocking":0,"snapshot_updates":19322},"event":"CLIENT_HEALTH","player":"b","process_id":4048,"time_msec":984469}
[m7_client] {"details":{"async_rejections":0,"async_results":0,"buffered_results":0,"item_updates":1,"joined":true,"last_error_code":"","messages_received":19407,"messages_sent":26442,"pending_blocking":0,"snapshot_updates":19362},"event":"CLIENT_HEALTH","player":"b","process_id":4048,"time_msec":986469}
[m7_client] {"details":{"async_rejections":0,"async_results":0,"buffered_results":0,"item_updates":1,"joined":true,"last_error_code":"","messages_received":19447,"messages_sent":26499,"pending_blocking":0,"snapshot_updates":19402},"event":"CLIENT_HEALTH","player":"b","process_id":4048,"time_msec":988469}
[m7_client] {"details":{"async_rejections":0,"async_results":0,"buffered_results":0,"item_updates":1,"joined":true,"last_error_code":"","messages_received":19487,"messages_sent":26555,"pending_blocking":0,"snapshot_updates":19442},"event":"CLIENT_HEALTH","player":"b","process_id":4048,"time_msec":990469}
[m7_client] {"details":{"async_rejections":0,"async_results":0,"buffered_results":0,"item_updates":1,"joined":true,"last_error_code":"","messages_received":19527,"messages_sent":26612,"pending_blocking":0,"snapshot_updates":19482},"event":"CLIENT_HEALTH","player":"b","process_id":4048,"time_msec":992474}
[m7_client] {"details":{"async_rejections":0,"async_results":0,"buffered_results":0,"item_updates":1,"joined":true,"last_error_code":"","messages_received":19567,"messages_sent":26669,"pending_blocking":0,"snapshot_updates":19522},"event":"CLIENT_HEALTH","player":"b","process_id":4048,"time_msec":994476}
[m7_client] {"details":{"async_rejections":0,"async_results":0,"buffered_results":0,"item_updates":1,"joined":true,"last_error_code":"","messages_received":19607,"messages_sent":26725,"pending_blocking":0,"snapshot_updates":19562},"event":"CLIENT_HEALTH","player":"b","process_id":4048,"time_msec":996480}
[m7_client] {"details":{"async_rejections":0,"async_results":0,"buffered_results":0,"item_updates":1,"joined":true,"last_error_code":"","messages_received":19647,"messages_sent":26782,"pending_blocking":0,"snapshot_updates":19602},"event":"CLIENT_HEALTH","player":"b","process_id":4048,"time_msec":998480}
[m7_client] {"details":{"async_rejections":0,"async_results":0,"buffered_results":0,"item_updates":1,"joined":true,"last_error_code":"","messages_received":19687,"messages_sent":26839,"pending_blocking":0,"snapshot_updates":19642},"event":"CLIENT_HEALTH","player":"b","process_id":4048,"time_msec":1000480}
[m7_client] {"details":{"async_rejections":0,"async_results":0,"buffered_results":0,"item_updates":1,"joined":true,"last_error_code":"","messages_received":19727,"messages_sent":26895,"pending_blocking":0,"snapshot_updates":19682},"event":"CLIENT_HEALTH","player":"b","process_id":4048,"time_msec":1002480}
[m7_client] {"details":{"async_rejections":0,"async_results":0,"buffered_results":0,"item_updates":1,"joined":true,"last_error_code":"","messages_received":19767,"messages_sent":26952,"pending_blocking":0,"snapshot_updates":19722},"event":"CLIENT_HEALTH","player":"b","process_id":4048,"time_msec":1004480}
[m7_client] {"details":{"async_rejections":0,"async_results":0,"buffered_results":0,"item_updates":1,"joined":true,"last_error_code":"","messages_received":19807,"messages_sent":27008,"pending_blocking":0,"snapshot_updates":19762},"event":"CLIENT_HEALTH","player":"b","process_id":4048,"time_msec":1006480}
[m7_client] {"details":{"async_rejections":0,"async_results":0,"buffered_results":0,"item_updates":1,"joined":true,"last_error_code":"","messages_received":19847,"messages_sent":27065,"pending_blocking":0,"snapshot_updates":19802},"event":"CLIENT_HEALTH","player":"b","process_id":4048,"time_msec":1008481}
[m7_client] {"details":{"async_rejections":0,"async_results":0,"buffered_results":0,"item_updates":1,"joined":true,"last_error_code":"","messages_received":19887,"messages_sent":27121,"pending_blocking":0,"snapshot_updates":19842},"event":"CLIENT_HEALTH","player":"b","process_id":4048,"time_msec":1010485}
[m7_client] {"details":{"async_rejections":0,"async_results":0,"buffered_results":0,"item_updates":1,"joined":true,"last_error_code":"","messages_received":19927,"messages_sent":27177,"pending_blocking":0,"snapshot_updates":19882},"event":"CLIENT_HEALTH","player":"b","process_id":4048,"time_msec":1012485}
[m7_client] {"details":{"async_rejections":0,"async_results":0,"buffered_results":0,"item_updates":1,"joined":true,"last_error_code":"","messages_received":19967,"messages_sent":27234,"pending_blocking":0,"snapshot_updates":19922},"event":"CLIENT_HEALTH","player":"b","process_id":4048,"time_msec":1014485}
[m7_client] {"details":{"async_rejections":0,"async_results":0,"buffered_results":0,"item_updates":1,"joined":true,"last_error_code":"","messages_received":20007,"messages_sent":27291,"pending_blocking":0,"snapshot_updates":19962},"event":"CLIENT_HEALTH","player":"b","process_id":4048,"time_msec":1016485}
[m7_client] {"details":{"async_rejections":0,"async_results":0,"buffered_results":0,"item_updates":1,"joined":true,"last_error_code":"","messages_received":20047,"messages_sent":27347,"pending_blocking":0,"snapshot_updates":20002},"event":"CLIENT_HEALTH","player":"b","process_id":4048,"time_msec":1018485}
[m7_client] {"details":{"async_rejections":0,"async_results":0,"buffered_results":0,"item_updates":1,"joined":true,"last_error_code":"","messages_received":20087,"messages_sent":27404,"pending_blocking":0,"snapshot_updates":20042},"event":"CLIENT_HEALTH","player":"b","process_id":4048,"time_msec":1020490}
[m7_client] {"details":{"async_rejections":0,"async_results":0,"buffered_results":0,"item_updates":1,"joined":true,"last_error_code":"","messages_received":20127,"messages_sent":27460,"pending_blocking":0,"snapshot_updates":20082},"event":"CLIENT_HEALTH","player":"b","process_id":4048,"time_msec":1022490}
[m7_client] {"details":{"async_rejections":0,"async_results":0,"buffered_results":0,"item_updates":1,"joined":true,"last_error_code":"","messages_received":20167,"messages_sent":27517,"pending_blocking":0,"snapshot_updates":20122},"event":"CLIENT_HEALTH","player":"b","process_id":4048,"time_msec":1024490}
[m7_client] {"details":{"async_rejections":0,"async_results":0,"buffered_results":0,"item_updates":1,"joined":true,"last_error_code":"","messages_received":20207,"messages_sent":27574,"pending_blocking":0,"snapshot_updates":20162},"event":"CLIENT_HEALTH","player":"b","process_id":4048,"time_msec":1026492}
[m7_client] {"details":{"async_rejections":0,"async_results":0,"buffered_results":0,"item_updates":1,"joined":true,"last_error_code":"","messages_received":20247,"messages_sent":27630,"pending_blocking":0,"snapshot_updates":20202},"event":"CLIENT_HEALTH","player":"b","process_id":4048,"time_msec":1028496}
[m7_client] {"details":{"async_rejections":0,"async_results":0,"buffered_results":0,"item_updates":1,"joined":true,"last_error_code":"","messages_received":20287,"messages_sent":27686,"pending_blocking":0,"snapshot_updates":20242},"event":"CLIENT_HEALTH","player":"b","process_id":4048,"time_msec":1030496}
[m7_client] {"details":{"async_rejections":0,"async_results":0,"buffered_results":0,"item_updates":1,"joined":true,"last_error_code":"","messages_received":20327,"messages_sent":27743,"pending_blocking":0,"snapshot_updates":20282},"event":"CLIENT_HEALTH","player":"b","process_id":4048,"time_msec":1032496}
[m7_client] {"details":{"async_rejections":0,"async_results":0,"buffered_results":0,"item_updates":1,"joined":true,"last_error_code":"","messages_received":20367,"messages_sent":27800,"pending_blocking":0,"snapshot_updates":20322},"event":"CLIENT_HEALTH","player":"b","process_id":4048,"time_msec":1034497}
[m7_client] {"details":{"async_rejections":0,"async_results":0,"buffered_results":0,"item_updates":1,"joined":true,"last_error_code":"","messages_received":20407,"messages_sent":27856,"pending_blocking":0,"snapshot_updates":20362},"event":"CLIENT_HEALTH","player":"b","process_id":4048,"time_msec":1036501}
[m7_client] {"details":{"async_rejections":0,"async_results":0,"buffered_results":0,"item_updates":1,"joined":true,"last_error_code":"","messages_received":20447,"messages_sent":27913,"pending_blocking":0,"snapshot_updates":20402},"event":"CLIENT_HEALTH","player":"b","process_id":4048,"time_msec":1038501}
[m7_client] {"details":{"async_rejections":0,"async_results":0,"buffered_results":0,"item_updates":1,"joined":true,"last_error_code":"","messages_received":20487,"messages_sent":27969,"pending_blocking":0,"snapshot_updates":20442},"event":"CLIENT_HEALTH","player":"b","process_id":4048,"time_msec":1040501}
[m7_client] {"details":{"async_rejections":0,"async_results":0,"buffered_results":0,"item_updates":1,"joined":true,"last_error_code":"","messages_received":20527,"messages_sent":28026,"pending_blocking":0,"snapshot_updates":20482},"event":"CLIENT_HEALTH","player":"b","process_id":4048,"time_msec":1042501}
[m7_client] {"details":{"async_rejections":0,"async_results":0,"buffered_results":0,"item_updates":1,"joined":true,"last_error_code":"","messages_received":20568,"messages_sent":28083,"pending_blocking":0,"snapshot_updates":20523},"event":"CLIENT_HEALTH","player":"b","process_id":4048,"time_msec":1044505}
[m7_client] {"details":{"async_rejections":0,"async_results":0,"buffered_results":0,"item_updates":1,"joined":true,"last_error_code":"","messages_received":20608,"messages_sent":28140,"pending_blocking":0,"snapshot_updates":20563},"event":"CLIENT_HEALTH","player":"b","process_id":4048,"time_msec":1046511}
[m7_client] {"details":{"async_rejections":0,"async_results":0,"buffered_results":0,"item_updates":1,"joined":true,"last_error_code":"","messages_received":20648,"messages_sent":28196,"pending_blocking":0,"snapshot_updates":20603},"event":"CLIENT_HEALTH","player":"b","process_id":4048,"time_msec":1048513}
[m7_client] {"details":{"async_rejections":0,"async_results":0,"buffered_results":0,"item_updates":1,"joined":true,"last_error_code":"","messages_received":20688,"messages_sent":28252,"pending_blocking":0,"snapshot_updates":20643},"event":"CLIENT_HEALTH","player":"b","process_id":4048,"time_msec":1050519}
[m7_client] {"details":{"async_rejections":0,"async_results":0,"buffered_results":0,"item_updates":1,"joined":true,"last_error_code":"","messages_received":20728,"messages_sent":28309,"pending_blocking":0,"snapshot_updates":20683},"event":"CLIENT_HEALTH","player":"b","process_id":4048,"time_msec":1052524}
[m7_client] {"details":{"async_rejections":0,"async_results":0,"buffered_results":0,"item_updates":1,"joined":true,"last_error_code":"","messages_received":20768,"messages_sent":28365,"pending_blocking":0,"snapshot_updates":20723},"event":"CLIENT_HEALTH","player":"b","process_id":4048,"time_msec":1054524}
[m7_client] {"details":{"async_rejections":0,"async_results":0,"buffered_results":0,"item_updates":1,"joined":true,"last_error_code":"","messages_received":20808,"messages_sent":28421,"pending_blocking":0,"snapshot_updates":20763},"event":"CLIENT_HEALTH","player":"b","process_id":4048,"time_msec":1056524}
[m7_client] {"details":{"async_rejections":0,"async_results":0,"buffered_results":0,"item_updates":1,"joined":true,"last_error_code":"","messages_received":20848,"messages_sent":28478,"pending_blocking":0,"snapshot_updates":20803},"event":"CLIENT_HEALTH","player":"b","process_id":4048,"time_msec":1058524}
[m7_client] {"details":{"async_rejections":0,"async_results":0,"buffered_results":0,"item_updates":1,"joined":true,"last_error_code":"","messages_received":20888,"messages_sent":28535,"pending_blocking":0,"snapshot_updates":20843},"event":"CLIENT_HEALTH","player":"b","process_id":4048,"time_msec":1060524}
[m7_client] {"details":{"async_rejections":0,"async_results":0,"buffered_results":0,"item_updates":1,"joined":true,"last_error_code":"","messages_received":20928,"messages_sent":28592,"pending_blocking":0,"snapshot_updates":20883},"event":"CLIENT_HEALTH","player":"b","process_id":4048,"time_msec":1062525}
[m7_client] {"details":{"async_rejections":0,"async_results":0,"buffered_results":0,"item_updates":1,"joined":true,"last_error_code":"","messages_received":20968,"messages_sent":28649,"pending_blocking":0,"snapshot_updates":20923},"event":"CLIENT_HEALTH","player":"b","process_id":4048,"time_msec":1064531}
[m7_client] {"details":{"async_rejections":0,"async_results":0,"buffered_results":0,"item_updates":1,"joined":true,"last_error_code":"","messages_received":21008,"messages_sent":28705,"pending_blocking":0,"snapshot_updates":20963},"event":"CLIENT_HEALTH","player":"b","process_id":4048,"time_msec":1066535}
[m7_client] {"details":{"async_rejections":0,"async_results":0,"buffered_results":0,"item_updates":1,"joined":true,"last_error_code":"","messages_received":21048,"messages_sent":28762,"pending_blocking":0,"snapshot_updates":21003},"event":"CLIENT_HEALTH","player":"b","process_id":4048,"time_msec":1068535}
[m7_client] {"details":{"async_rejections":0,"async_results":0,"buffered_results":0,"item_updates":1,"joined":true,"last_error_code":"","messages_received":21088,"messages_sent":28818,"pending_blocking":0,"snapshot_updates":21043},"event":"CLIENT_HEALTH","player":"b","process_id":4048,"time_msec":1070535}
[m7_client] {"details":{"async_rejections":0,"async_results":0,"buffered_results":0,"item_updates":1,"joined":true,"last_error_code":"","messages_received":21128,"messages_sent":28875,"pending_blocking":0,"snapshot_updates":21083},"event":"CLIENT_HEALTH","player":"b","process_id":4048,"time_msec":1072535}
[m7_client] {"details":{"async_rejections":0,"async_results":0,"buffered_results":0,"item_updates":1,"joined":true,"last_error_code":"","messages_received":21168,"messages_sent":28931,"pending_blocking":0,"snapshot_updates":21123},"event":"CLIENT_HEALTH","player":"b","process_id":4048,"time_msec":1074535}
[m7_client] {"details":{"async_rejections":0,"async_results":0,"buffered_results":0,"item_updates":1,"joined":true,"last_error_code":"","messages_received":21208,"messages_sent":28988,"pending_blocking":0,"snapshot_updates":21163},"event":"CLIENT_HEALTH","player":"b","process_id":4048,"time_msec":1076535}
[m7_client] {"details":{"async_rejections":0,"async_results":0,"buffered_results":0,"item_updates":1,"joined":true,"last_error_code":"","messages_received":21248,"messages_sent":29044,"pending_blocking":0,"snapshot_updates":21203},"event":"CLIENT_HEALTH","player":"b","process_id":4048,"time_msec":1078535}
[m7_client] {"details":{"async_rejections":0,"async_results":0,"buffered_results":0,"item_updates":1,"joined":true,"last_error_code":"","messages_received":21288,"messages_sent":29101,"pending_blocking":0,"snapshot_updates":21243},"event":"CLIENT_HEALTH","player":"b","process_id":4048,"time_msec":1080540}
[m7_client] {"details":{"async_rejections":0,"async_results":0,"buffered_results":0,"item_updates":1,"joined":true,"last_error_code":"","messages_received":21328,"messages_sent":29158,"pending_blocking":0,"snapshot_updates":21283},"event":"CLIENT_HEALTH","player":"b","process_id":4048,"time_msec":1082540}
[m7_client] {"details":{"async_rejections":0,"async_results":0,"buffered_results":0,"item_updates":1,"joined":true,"last_error_code":"","messages_received":21368,"messages_sent":29215,"pending_blocking":0,"snapshot_updates":21323},"event":"CLIENT_HEALTH","player":"b","process_id":4048,"time_msec":1084542}
[m7_client] {"details":{"async_rejections":0,"async_results":0,"buffered_results":0,"item_updates":1,"joined":true,"last_error_code":"","messages_received":21408,"messages_sent":29271,"pending_blocking":0,"snapshot_updates":21363},"event":"CLIENT_HEALTH","player":"b","process_id":4048,"time_msec":1086546}
[m7_client] {"details":{"async_rejections":0,"async_results":0,"buffered_results":0,"item_updates":1,"joined":true,"last_error_code":"","messages_received":21448,"messages_sent":29328,"pending_blocking":0,"snapshot_updates":21403},"event":"CLIENT_HEALTH","player":"b","process_id":4048,"time_msec":1088548}
[m7_client] {"details":{"async_rejections":0,"async_results":0,"buffered_results":0,"item_updates":1,"joined":true,"last_error_code":"","messages_received":21488,"messages_sent":29384,"pending_blocking":0,"snapshot_updates":21443},"event":"CLIENT_HEALTH","player":"b","process_id":4048,"time_msec":1090552}
[m7_client] {"details":{"async_rejections":0,"async_results":0,"buffered_results":0,"item_updates":1,"joined":true,"last_error_code":"","messages_received":21528,"messages_sent":29441,"pending_blocking":0,"snapshot_updates":21483},"event":"CLIENT_HEALTH","player":"b","process_id":4048,"time_msec":1092552}
[m7_client] {"details":{"async_rejections":0,"async_results":0,"buffered_results":0,"item_updates":1,"joined":true,"last_error_code":"","messages_received":21568,"messages_sent":29497,"pending_blocking":0,"snapshot_updates":21523},"event":"CLIENT_HEALTH","player":"b","process_id":4048,"time_msec":1094552}
[m7_client] {"details":{"async_rejections":0,"async_results":0,"buffered_results":0,"item_updates":1,"joined":true,"last_error_code":"","messages_received":21609,"messages_sent":29554,"pending_blocking":0,"snapshot_updates":21564},"event":"CLIENT_HEALTH","player":"b","process_id":4048,"time_msec":1096554}
[m7_client] {"details":{"async_rejections":0,"async_results":0,"buffered_results":0,"item_updates":1,"joined":true,"last_error_code":"","messages_received":21648,"messages_sent":29611,"pending_blocking":0,"snapshot_updates":21603},"event":"CLIENT_HEALTH","player":"b","process_id":4048,"time_msec":1098559}
[m7_client] {"details":{"async_rejections":0,"async_results":0,"buffered_results":0,"item_updates":1,"joined":true,"last_error_code":"","messages_received":21689,"messages_sent":29668,"pending_blocking":0,"snapshot_updates":21644},"event":"CLIENT_HEALTH","player":"b","process_id":4048,"time_msec":1100567}
[m7_client] {"details":{"async_rejections":0,"async_results":0,"buffered_results":0,"item_updates":1,"joined":true,"last_error_code":"","messages_received":21729,"messages_sent":29724,"pending_blocking":0,"snapshot_updates":21684},"event":"CLIENT_HEALTH","player":"b","process_id":4048,"time_msec":1102569}
[m7_client] {"details":{"async_rejections":0,"async_results":0,"buffered_results":0,"item_updates":1,"joined":true,"last_error_code":"","messages_received":21769,"messages_sent":29781,"pending_blocking":0,"snapshot_updates":21724},"event":"CLIENT_HEALTH","player":"b","process_id":4048,"time_msec":1104569}
[m7_client] {"details":{"async_rejections":0,"async_results":0,"buffered_results":0,"item_updates":1,"joined":true,"last_error_code":"","messages_received":21809,"messages_sent":29837,"pending_blocking":0,"snapshot_updates":21764},"event":"CLIENT_HEALTH","player":"b","process_id":4048,"time_msec":1106569}
[m7_client] {"details":{"async_rejections":0,"async_results":0,"buffered_results":0,"item_updates":1,"joined":true,"last_error_code":"","messages_received":21849,"messages_sent":29894,"pending_blocking":0,"snapshot_updates":21804},"event":"CLIENT_HEALTH","player":"b","process_id":4048,"time_msec":1108569}
[m7_client] {"details":{"async_rejections":0,"async_results":0,"buffered_results":0,"item_updates":1,"joined":true,"last_error_code":"","messages_received":21889,"messages_sent":29950,"pending_blocking":0,"snapshot_updates":21844},"event":"CLIENT_HEALTH","player":"b","process_id":4048,"time_msec":1110575}
[m7_client] {"details":{"async_rejections":0,"async_results":0,"buffered_results":0,"item_updates":1,"joined":true,"last_error_code":"","messages_received":21929,"messages_sent":30007,"pending_blocking":0,"snapshot_updates":21884},"event":"CLIENT_HEALTH","player":"b","process_id":4048,"time_msec":1112580}
[m7_client] {"details":{"async_rejections":0,"async_results":0,"buffered_results":0,"item_updates":1,"joined":true,"last_error_code":"","messages_received":21969,"messages_sent":30064,"pending_blocking":0,"snapshot_updates":21924},"event":"CLIENT_HEALTH","player":"b","process_id":4048,"time_msec":1114580}
[m7_client] {"details":{"async_rejections":0,"async_results":0,"buffered_results":0,"item_updates":1,"joined":true,"last_error_code":"","messages_received":22009,"messages_sent":30120,"pending_blocking":0,"snapshot_updates":21964},"event":"CLIENT_HEALTH","player":"b","process_id":4048,"time_msec":1116580}
[m7_client] {"details":{"async_rejections":0,"async_results":0,"buffered_results":0,"item_updates":1,"joined":true,"last_error_code":"","messages_received":22049,"messages_sent":30177,"pending_blocking":0,"snapshot_updates":22004},"event":"CLIENT_HEALTH","player":"b","process_id":4048,"time_msec":1118580}
[m7_client] {"details":{"async_rejections":0,"async_results":0,"buffered_results":0,"item_updates":1,"joined":true,"last_error_code":"","messages_received":22089,"messages_sent":30234,"pending_blocking":0,"snapshot_updates":22044},"event":"CLIENT_HEALTH","player":"b","process_id":4048,"time_msec":1120580}
[m7_client] {"details":{"async_rejections":0,"async_results":0,"buffered_results":0,"item_updates":1,"joined":true,"last_error_code":"","messages_received":22129,"messages_sent":30290,"pending_blocking":0,"snapshot_updates":22084},"event":"CLIENT_HEALTH","player":"b","process_id":4048,"time_msec":1122580}
[m7_client] {"details":{"async_rejections":0,"async_results":0,"buffered_results":0,"item_updates":1,"joined":true,"last_error_code":"","messages_received":22169,"messages_sent":30347,"pending_blocking":0,"snapshot_updates":22124},"event":"CLIENT_HEALTH","player":"b","process_id":4048,"time_msec":1124580}
[m7_client] {"details":{"async_rejections":0,"async_results":0,"buffered_results":0,"item_updates":1,"joined":true,"last_error_code":"","messages_received":22209,"messages_sent":30404,"pending_blocking":0,"snapshot_updates":22164},"event":"CLIENT_HEALTH","player":"b","process_id":4048,"time_msec":1126581}
[m7_client] {"details":{"async_rejections":0,"async_results":0,"buffered_results":0,"item_updates":1,"joined":true,"last_error_code":"","messages_received":22249,"messages_sent":30460,"pending_blocking":0,"snapshot_updates":22204},"event":"CLIENT_HEALTH","player":"b","process_id":4048,"time_msec":1128585}
[m7_client] {"details":{"async_rejections":0,"async_results":0,"buffered_results":0,"item_updates":1,"joined":true,"last_error_code":"","messages_received":22289,"messages_sent":30517,"pending_blocking":0,"snapshot_updates":22244},"event":"CLIENT_HEALTH","player":"b","process_id":4048,"time_msec":1130585}
[m7_client] {"details":{"async_rejections":0,"async_results":0,"buffered_results":0,"item_updates":1,"joined":true,"last_error_code":"","messages_received":22329,"messages_sent":30574,"pending_blocking":0,"snapshot_updates":22284},"event":"CLIENT_HEALTH","player":"b","process_id":4048,"time_msec":1132585}
[m7_client] {"details":{"async_rejections":0,"async_results":0,"buffered_results":0,"item_updates":1,"joined":true,"last_error_code":"","messages_received":22369,"messages_sent":30630,"pending_blocking":0,"snapshot_updates":22324},"event":"CLIENT_HEALTH","player":"b","process_id":4048,"time_msec":1134585}
[m7_client] {"details":{"async_rejections":0,"async_results":0,"buffered_results":0,"item_updates":1,"joined":true,"last_error_code":"","messages_received":22409,"messages_sent":30687,"pending_blocking":0,"snapshot_updates":22364},"event":"CLIENT_HEALTH","player":"b","process_id":4048,"time_msec":1136585}
[m7_client] {"details":{"async_rejections":0,"async_results":0,"buffered_results":0,"item_updates":1,"joined":true,"last_error_code":"","messages_received":22449,"messages_sent":30742,"pending_blocking":0,"snapshot_updates":22404},"event":"CLIENT_HEALTH","player":"b","process_id":4048,"time_msec":1138585}
[m7_client] {"details":{"async_rejections":0,"async_results":0,"buffered_results":0,"item_updates":1,"joined":true,"last_error_code":"","messages_received":22489,"messages_sent":30799,"pending_blocking":0,"snapshot_updates":22444},"event":"CLIENT_HEALTH","player":"b","process_id":4048,"time_msec":1140591}
[m7_client] {"details":{"async_rejections":0,"async_results":0,"buffered_results":0,"item_updates":1,"joined":true,"last_error_code":"","messages_received":22529,"messages_sent":30856,"pending_blocking":0,"snapshot_updates":22484},"event":"CLIENT_HEALTH","player":"b","process_id":4048,"time_msec":1142596}
[m7_client] {"details":{"async_rejections":0,"async_results":0,"buffered_results":0,"item_updates":1,"joined":true,"last_error_code":"","messages_received":22569,"messages_sent":30913,"pending_blocking":0,"snapshot_updates":22524},"event":"CLIENT_HEALTH","player":"b","process_id":4048,"time_msec":1144596}
[m7_client] {"details":{"async_rejections":0,"async_results":0,"buffered_results":0,"item_updates":1,"joined":true,"last_error_code":"","messages_received":22609,"messages_sent":30969,"pending_blocking":0,"snapshot_updates":22564},"event":"CLIENT_HEALTH","player":"b","process_id":4048,"time_msec":1146596}
[m7_client] {"details":{"async_rejections":0,"async_results":0,"buffered_results":0,"item_updates":1,"joined":true,"last_error_code":"","messages_received":22649,"messages_sent":31025,"pending_blocking":0,"snapshot_updates":22604},"event":"CLIENT_HEALTH","player":"b","process_id":4048,"time_msec":1148596}
[m7_client] {"details":{"async_rejections":0,"async_results":0,"buffered_results":0,"item_updates":1,"joined":true,"last_error_code":"","messages_received":22689,"messages_sent":31082,"pending_blocking":0,"snapshot_updates":22644},"event":"CLIENT_HEALTH","player":"b","process_id":4048,"time_msec":1150597}
[m7_client] {"details":{"async_rejections":0,"async_results":0,"buffered_results":0,"item_updates":1,"joined":true,"last_error_code":"","messages_received":22729,"messages_sent":31138,"pending_blocking":0,"snapshot_updates":22684},"event":"CLIENT_HEALTH","player":"b","process_id":4048,"time_msec":1152602}
[m7_client] {"details":{"async_rejections":0,"async_results":0,"buffered_results":0,"item_updates":1,"joined":true,"last_error_code":"","messages_received":22769,"messages_sent":31195,"pending_blocking":0,"snapshot_updates":22724},"event":"CLIENT_HEALTH","player":"b","process_id":4048,"time_msec":1154602}
[m7_client] {"details":{"async_rejections":0,"async_results":0,"buffered_results":0,"item_updates":1,"joined":true,"last_error_code":"","messages_received":22810,"messages_sent":31251,"pending_blocking":0,"snapshot_updates":22765},"event":"CLIENT_HEALTH","player":"b","process_id":4048,"time_msec":1156604}
[m7_client] {"details":{"async_rejections":0,"async_results":0,"buffered_results":0,"item_updates":1,"joined":true,"last_error_code":"","messages_received":22850,"messages_sent":31308,"pending_blocking":0,"snapshot_updates":22805},"event":"CLIENT_HEALTH","player":"b","process_id":4048,"time_msec":1158604}
[m7_client] {"details":{"async_rejections":0,"async_results":0,"buffered_results":0,"item_updates":1,"joined":true,"last_error_code":"","messages_received":22890,"messages_sent":31365,"pending_blocking":0,"snapshot_updates":22845},"event":"CLIENT_HEALTH","player":"b","process_id":4048,"time_msec":1160605}
[m7_client] {"details":{"async_rejections":0,"async_results":0,"buffered_results":0,"item_updates":1,"joined":true,"last_error_code":"","messages_received":22930,"messages_sent":31421,"pending_blocking":0,"snapshot_updates":22885},"event":"CLIENT_HEALTH","player":"b","process_id":4048,"time_msec":1162605}
[m7_client] {"details":{"async_rejections":0,"async_results":0,"buffered_results":0,"item_updates":1,"joined":true,"last_error_code":"","messages_received":22970,"messages_sent":31477,"pending_blocking":0,"snapshot_updates":22925},"event":"CLIENT_HEALTH","player":"b","process_id":4048,"time_msec":1164610}
[m7_client] {"details":{"async_rejections":0,"async_results":0,"buffered_results":0,"item_updates":1,"joined":true,"last_error_code":"","messages_received":23010,"messages_sent":31534,"pending_blocking":0,"snapshot_updates":22965},"event":"CLIENT_HEALTH","player":"b","process_id":4048,"time_msec":1166614}
[m7_client] {"details":{"async_rejections":0,"async_results":0,"buffered_results":0,"item_updates":1,"joined":true,"last_error_code":"","messages_received":23050,"messages_sent":31591,"pending_blocking":0,"snapshot_updates":23005},"event":"CLIENT_HEALTH","player":"b","process_id":4048,"time_msec":1168620}
[m7_client] {"details":{"async_rejections":0,"async_results":0,"buffered_results":0,"item_updates":1,"joined":true,"last_error_code":"","messages_received":23090,"messages_sent":31647,"pending_blocking":0,"snapshot_updates":23045},"event":"CLIENT_HEALTH","player":"b","process_id":4048,"time_msec":1170625}
[m7_client] {"details":{"async_rejections":0,"async_results":0,"buffered_results":0,"item_updates":1,"joined":true,"last_error_code":"","messages_received":23130,"messages_sent":31704,"pending_blocking":0,"snapshot_updates":23085},"event":"CLIENT_HEALTH","player":"b","process_id":4048,"time_msec":1172630}
[m7_client] {"details":{"async_rejections":0,"async_results":0,"buffered_results":0,"item_updates":1,"joined":true,"last_error_code":"","messages_received":23170,"messages_sent":31761,"pending_blocking":0,"snapshot_updates":23125},"event":"CLIENT_HEALTH","player":"b","process_id":4048,"time_msec":1174630}
[m7_client] {"details":{"async_rejections":0,"async_results":0,"buffered_results":0,"item_updates":1,"joined":true,"last_error_code":"","messages_received":23210,"messages_sent":31817,"pending_blocking":0,"snapshot_updates":23165},"event":"CLIENT_HEALTH","player":"b","process_id":4048,"time_msec":1176630}
[m7_client] {"details":{"async_rejections":0,"async_results":0,"buffered_results":0,"item_updates":1,"joined":true,"last_error_code":"","messages_received":23250,"messages_sent":31874,"pending_blocking":0,"snapshot_updates":23205},"event":"CLIENT_HEALTH","player":"b","process_id":4048,"time_msec":1178630}
[m7_client] {"details":{"async_rejections":0,"async_results":0,"buffered_results":0,"item_updates":1,"joined":true,"last_error_code":"","messages_received":23290,"messages_sent":31931,"pending_blocking":0,"snapshot_updates":23245},"event":"CLIENT_HEALTH","player":"b","process_id":4048,"time_msec":1180632}
[m7_client] {"details":{"async_rejections":0,"async_results":0,"buffered_results":0,"item_updates":1,"joined":true,"last_error_code":"","messages_received":23330,"messages_sent":31987,"pending_blocking":0,"snapshot_updates":23285},"event":"CLIENT_HEALTH","player":"b","process_id":4048,"time_msec":1182636}
[m7_client] {"details":{"async_rejections":0,"async_results":0,"buffered_results":0,"item_updates":1,"joined":true,"last_error_code":"","messages_received":23370,"messages_sent":32044,"pending_blocking":0,"snapshot_updates":23325},"event":"CLIENT_HEALTH","player":"b","process_id":4048,"time_msec":1184636}
[m7_client] {"details":{"async_rejections":0,"async_results":0,"buffered_results":0,"item_updates":1,"joined":true,"last_error_code":"","messages_received":23410,"messages_sent":32101,"pending_blocking":0,"snapshot_updates":23365},"event":"CLIENT_HEALTH","player":"b","process_id":4048,"time_msec":1186641}
[m7_client] {"details":{"async_rejections":0,"async_results":0,"buffered_results":0,"item_updates":1,"joined":true,"last_error_code":"","messages_received":23450,"messages_sent":32158,"pending_blocking":0,"snapshot_updates":23405},"event":"CLIENT_HEALTH","player":"b","process_id":4048,"time_msec":1188643}
[m7_client] {"details":{"async_rejections":0,"async_results":0,"buffered_results":0,"item_updates":1,"joined":true,"last_error_code":"","messages_received":23490,"messages_sent":32214,"pending_blocking":0,"snapshot_updates":23445},"event":"CLIENT_HEALTH","player":"b","process_id":4048,"time_msec":1190647}
[m7_client] {"details":{"async_rejections":0,"async_results":0,"buffered_results":0,"item_updates":1,"joined":true,"last_error_code":"","messages_received":23530,"messages_sent":32270,"pending_blocking":0,"snapshot_updates":23485},"event":"CLIENT_HEALTH","player":"b","process_id":4048,"time_msec":1192647}
[m7_client] {"details":{"async_rejections":0,"async_results":0,"buffered_results":0,"item_updates":1,"joined":true,"last_error_code":"","messages_received":23570,"messages_sent":32327,"pending_blocking":0,"snapshot_updates":23525},"event":"CLIENT_HEALTH","player":"b","process_id":4048,"time_msec":1194647}
[m7_client] {"details":{"async_rejections":0,"async_results":0,"buffered_results":0,"item_updates":1,"joined":true,"last_error_code":"","messages_received":23610,"messages_sent":32384,"pending_blocking":0,"snapshot_updates":23565},"event":"CLIENT_HEALTH","player":"b","process_id":4048,"time_msec":1196647}
[m7_client] {"details":{"async_rejections":0,"async_results":0,"buffered_results":0,"item_updates":1,"joined":true,"last_error_code":"","messages_received":23650,"messages_sent":32441,"pending_blocking":0,"snapshot_updates":23605},"event":"CLIENT_HEALTH","player":"b","process_id":4048,"time_msec":1198648}
[m7_client] {"details":{"async_rejections":0,"async_results":0,"buffered_results":0,"item_updates":1,"joined":true,"last_error_code":"","messages_received":23690,"messages_sent":32497,"pending_blocking":0,"snapshot_updates":23645},"event":"CLIENT_HEALTH","player":"b","process_id":4048,"time_msec":1200653}
[m7_client] {"details":{"async_rejections":0,"async_results":0,"buffered_results":0,"item_updates":1,"joined":true,"last_error_code":"","messages_received":23731,"messages_sent":32555,"pending_blocking":0,"snapshot_updates":23686},"event":"CLIENT_HEALTH","player":"b","process_id":4048,"time_msec":1202663}
[m7_client] {"details":{"async_rejections":0,"async_results":0,"buffered_results":0,"item_updates":1,"joined":true,"last_error_code":"","messages_received":23771,"messages_sent":32611,"pending_blocking":0,"snapshot_updates":23726},"event":"CLIENT_HEALTH","player":"b","process_id":4048,"time_msec":1204664}
[m7_client] {"details":{"async_rejections":0,"async_results":0,"buffered_results":0,"item_updates":1,"joined":true,"last_error_code":"","messages_received":23811,"messages_sent":32668,"pending_blocking":0,"snapshot_updates":23766},"event":"CLIENT_HEALTH","player":"b","process_id":4048,"time_msec":1206664}
[m7_client] {"details":{"async_rejections":0,"async_results":0,"buffered_results":0,"item_updates":1,"joined":true,"last_error_code":"","messages_received":23851,"messages_sent":32724,"pending_blocking":0,"snapshot_updates":23806},"event":"CLIENT_HEALTH","player":"b","process_id":4048,"time_msec":1208664}
[m7_client] {"details":{"async_rejections":0,"async_results":0,"buffered_results":0,"item_updates":1,"joined":true,"last_error_code":"","messages_received":23891,"messages_sent":32781,"pending_blocking":0,"snapshot_updates":23846},"event":"CLIENT_HEALTH","player":"b","process_id":4048,"time_msec":1210666}
[m7_client] {"details":{"async_rejections":0,"async_results":0,"buffered_results":0,"item_updates":1,"joined":true,"last_error_code":"","messages_received":23931,"messages_sent":32838,"pending_blocking":0,"snapshot_updates":23886},"event":"CLIENT_HEALTH","player":"b","process_id":4048,"time_msec":1212672}
[m7_client] {"details":{"async_rejections":0,"async_results":0,"buffered_results":0,"item_updates":1,"joined":true,"last_error_code":"","messages_received":23971,"messages_sent":32894,"pending_blocking":0,"snapshot_updates":23926},"event":"CLIENT_HEALTH","player":"b","process_id":4048,"time_msec":1214676}
[m7_client] {"details":{"async_rejections":0,"async_results":0,"buffered_results":0,"item_updates":1,"joined":true,"last_error_code":"","messages_received":24011,"messages_sent":32951,"pending_blocking":0,"snapshot_updates":23966},"event":"CLIENT_HEALTH","player":"b","process_id":4048,"time_msec":1216676}
[m7_client] {"details":{"async_rejections":0,"async_results":0,"buffered_results":0,"item_updates":1,"joined":true,"last_error_code":"","messages_received":24051,"messages_sent":33008,"pending_blocking":0,"snapshot_updates":24006},"event":"CLIENT_HEALTH","player":"b","process_id":4048,"time_msec":1218677}
[m7_client] {"details":{"async_rejections":0,"async_results":0,"buffered_results":0,"item_updates":1,"joined":true,"last_error_code":"","messages_received":24091,"messages_sent":33064,"pending_blocking":0,"snapshot_updates":24046},"event":"CLIENT_HEALTH","player":"b","process_id":4048,"time_msec":1220681}
[m7_client] {"details":{"async_rejections":0,"async_results":0,"buffered_results":0,"item_updates":1,"joined":true,"last_error_code":"","messages_received":24131,"messages_sent":33121,"pending_blocking":0,"snapshot_updates":24086},"event":"CLIENT_HEALTH","player":"b","process_id":4048,"time_msec":1222681}
[m7_client] {"details":{"async_rejections":0,"async_results":0,"buffered_results":0,"item_updates":1,"joined":true,"last_error_code":"","messages_received":24171,"messages_sent":33177,"pending_blocking":0,"snapshot_updates":24126},"event":"CLIENT_HEALTH","player":"b","process_id":4048,"time_msec":1224681}
[m7_client] {"details":{"async_rejections":0,"async_results":0,"buffered_results":0,"item_updates":1,"joined":true,"last_error_code":"","messages_received":24211,"messages_sent":33233,"pending_blocking":0,"snapshot_updates":24166},"event":"CLIENT_HEALTH","player":"b","process_id":4048,"time_msec":1226681}
[m7_client] {"details":{"async_rejections":0,"async_results":0,"buffered_results":0,"item_updates":1,"joined":true,"last_error_code":"","messages_received":24251,"messages_sent":33290,"pending_blocking":0,"snapshot_updates":24206},"event":"CLIENT_HEALTH","player":"b","process_id":4048,"time_msec":1228681}
[m7_client] {"details":{"async_rejections":0,"async_results":0,"buffered_results":0,"item_updates":1,"joined":true,"last_error_code":"","messages_received":24291,"messages_sent":33347,"pending_blocking":0,"snapshot_updates":24246},"event":"CLIENT_HEALTH","player":"b","process_id":4048,"time_msec":1230682}
[m7_client] {"details":{"async_rejections":0,"async_results":0,"buffered_results":0,"item_updates":1,"joined":true,"last_error_code":"","messages_received":24331,"messages_sent":33403,"pending_blocking":0,"snapshot_updates":24286},"event":"CLIENT_HEALTH","player":"b","process_id":4048,"time_msec":1232686}
[m7_client] {"details":{"async_rejections":0,"async_results":0,"buffered_results":0,"item_updates":1,"joined":true,"last_error_code":"","messages_received":24371,"messages_sent":33460,"pending_blocking":0,"snapshot_updates":24326},"event":"CLIENT_HEALTH","player":"b","process_id":4048,"time_msec":1234686}
[m7_client] {"details":{"async_rejections":0,"async_results":0,"buffered_results":0,"item_updates":1,"joined":true,"last_error_code":"","messages_received":24411,"messages_sent":33517,"pending_blocking":0,"snapshot_updates":24366},"event":"CLIENT_HEALTH","player":"b","process_id":4048,"time_msec":1236688}
[m7_client] {"details":{"async_rejections":0,"async_results":0,"buffered_results":0,"item_updates":1,"joined":true,"last_error_code":"","messages_received":24451,"messages_sent":33573,"pending_blocking":0,"snapshot_updates":24406},"event":"CLIENT_HEALTH","player":"b","process_id":4048,"time_msec":1238688}
[m7_client] {"details":{"async_rejections":0,"async_results":0,"buffered_results":0,"item_updates":1,"joined":true,"last_error_code":"","messages_received":24491,"messages_sent":33629,"pending_blocking":0,"snapshot_updates":24446},"event":"CLIENT_HEALTH","player":"b","process_id":4048,"time_msec":1240692}
[m7_client] {"details":{"async_rejections":0,"async_results":0,"buffered_results":0,"item_updates":1,"joined":true,"last_error_code":"","messages_received":24531,"messages_sent":33686,"pending_blocking":0,"snapshot_updates":24486},"event":"CLIENT_HEALTH","player":"b","process_id":4048,"time_msec":1242694}
[m7_client] {"details":{"async_rejections":0,"async_results":0,"buffered_results":0,"item_updates":1,"joined":true,"last_error_code":"","messages_received":24571,"messages_sent":33742,"pending_blocking":0,"snapshot_updates":24526},"event":"CLIENT_HEALTH","player":"b","process_id":4048,"time_msec":1244698}
[m7_client] {"details":{"async_rejections":0,"async_results":0,"buffered_results":0,"item_updates":1,"joined":true,"last_error_code":"","messages_received":24611,"messages_sent":33799,"pending_blocking":0,"snapshot_updates":24566},"event":"CLIENT_HEALTH","player":"b","process_id":4048,"time_msec":1246698}
[m7_client] {"details":{"async_rejections":0,"async_results":0,"buffered_results":0,"item_updates":1,"joined":true,"last_error_code":"","messages_received":24651,"messages_sent":33856,"pending_blocking":0,"snapshot_updates":24606},"event":"CLIENT_HEALTH","player":"b","process_id":4048,"time_msec":1248698}
[m7_client] {"details":{"async_rejections":0,"async_results":0,"buffered_results":0,"item_updates":1,"joined":true,"last_error_code":"","messages_received":24691,"messages_sent":33912,"pending_blocking":0,"snapshot_updates":24646},"event":"CLIENT_HEALTH","player":"b","process_id":4048,"time_msec":1250703}
[m7_client] {"details":{"async_rejections":0,"async_results":0,"buffered_results":0,"item_updates":1,"joined":true,"last_error_code":"","messages_received":24731,"messages_sent":33969,"pending_blocking":0,"snapshot_updates":24686},"event":"CLIENT_HEALTH","player":"b","process_id":4048,"time_msec":1252703}
[m7_client] {"details":{"async_rejections":0,"async_results":0,"buffered_results":0,"item_updates":1,"joined":true,"last_error_code":"","messages_received":24771,"messages_sent":34026,"pending_blocking":0,"snapshot_updates":24726},"event":"CLIENT_HEALTH","player":"b","process_id":4048,"time_msec":1254703}
[m7_client] {"details":{"async_rejections":0,"async_results":0,"buffered_results":0,"item_updates":1,"joined":true,"last_error_code":"","messages_received":24812,"messages_sent":34082,"pending_blocking":0,"snapshot_updates":24767},"event":"CLIENT_HEALTH","player":"b","process_id":4048,"time_msec":1256706}
[m7_client] {"details":{"async_rejections":0,"async_results":0,"buffered_results":0,"item_updates":1,"joined":true,"last_error_code":"","messages_received":24852,"messages_sent":34139,"pending_blocking":0,"snapshot_updates":24807},"event":"CLIENT_HEALTH","player":"b","process_id":4048,"time_msec":1258706}
[m7_client] {"details":{"async_rejections":0,"async_results":0,"buffered_results":0,"item_updates":1,"joined":true,"last_error_code":"","messages_received":24892,"messages_sent":34195,"pending_blocking":0,"snapshot_updates":24847},"event":"CLIENT_HEALTH","player":"b","process_id":4048,"time_msec":1260709}
[m7_client] {"details":{"async_rejections":0,"async_results":0,"buffered_results":0,"item_updates":1,"joined":true,"last_error_code":"","messages_received":24932,"messages_sent":34252,"pending_blocking":0,"snapshot_updates":24887},"event":"CLIENT_HEALTH","player":"b","process_id":4048,"time_msec":1262716}
[m7_client] {"details":{"async_rejections":0,"async_results":0,"buffered_results":0,"item_updates":1,"joined":true,"last_error_code":"","messages_received":24972,"messages_sent":34308,"pending_blocking":0,"snapshot_updates":24927},"event":"CLIENT_HEALTH","player":"b","process_id":4048,"time_msec":1264721}
[m7_client] {"details":{"async_rejections":0,"async_results":0,"buffered_results":0,"item_updates":1,"joined":true,"last_error_code":"","messages_received":25012,"messages_sent":34365,"pending_blocking":0,"snapshot_updates":24967},"event":"CLIENT_HEALTH","player":"b","process_id":4048,"time_msec":1266726}
[m7_client] {"details":{"async_rejections":0,"async_results":0,"buffered_results":0,"item_updates":1,"joined":true,"last_error_code":"","messages_received":25052,"messages_sent":34422,"pending_blocking":0,"snapshot_updates":25007},"event":"CLIENT_HEALTH","player":"b","process_id":4048,"time_msec":1268728}
[m7_client] {"details":{"async_rejections":0,"async_results":0,"buffered_results":0,"item_updates":1,"joined":true,"last_error_code":"","messages_received":25092,"messages_sent":34479,"pending_blocking":0,"snapshot_updates":25047},"event":"CLIENT_HEALTH","player":"b","process_id":4048,"time_msec":1270734}
[m7_client] {"details":{"async_rejections":0,"async_results":0,"buffered_results":0,"item_updates":1,"joined":true,"last_error_code":"","messages_received":25132,"messages_sent":34535,"pending_blocking":0,"snapshot_updates":25087},"event":"CLIENT_HEALTH","player":"b","process_id":4048,"time_msec":1272738}
[m7_client] {"details":{"async_rejections":0,"async_results":0,"buffered_results":0,"item_updates":1,"joined":true,"last_error_code":"","messages_received":25172,"messages_sent":34591,"pending_blocking":0,"snapshot_updates":25127},"event":"CLIENT_HEALTH","player":"b","process_id":4048,"time_msec":1274738}
[m7_client] {"details":{"async_rejections":0,"async_results":0,"buffered_results":0,"item_updates":1,"joined":true,"last_error_code":"","messages_received":25212,"messages_sent":34648,"pending_blocking":0,"snapshot_updates":25167},"event":"CLIENT_HEALTH","player":"b","process_id":4048,"time_msec":1276738}
[m7_client] {"details":{"async_rejections":0,"async_results":0,"buffered_results":0,"item_updates":1,"joined":true,"last_error_code":"","messages_received":25252,"messages_sent":34705,"pending_blocking":0,"snapshot_updates":25207},"event":"CLIENT_HEALTH","player":"b","process_id":4048,"time_msec":1278739}
[m7_client] {"details":{"async_rejections":0,"async_results":0,"buffered_results":0,"item_updates":1,"joined":true,"last_error_code":"","messages_received":25292,"messages_sent":34761,"pending_blocking":0,"snapshot_updates":25247},"event":"CLIENT_HEALTH","player":"b","process_id":4048,"time_msec":1280744}
[m7_client] {"details":{"async_rejections":0,"async_results":0,"buffered_results":0,"item_updates":1,"joined":true,"last_error_code":"","messages_received":25332,"messages_sent":34818,"pending_blocking":0,"snapshot_updates":25287},"event":"CLIENT_HEALTH","player":"b","process_id":4048,"time_msec":1282749}
[m7_client] {"details":{"async_rejections":0,"async_results":0,"buffered_results":0,"item_updates":1,"joined":true,"last_error_code":"","messages_received":25372,"messages_sent":34875,"pending_blocking":0,"snapshot_updates":25327},"event":"CLIENT_HEALTH","player":"b","process_id":4048,"time_msec":1284749}
[m7_client] {"details":{"async_rejections":0,"async_results":0,"buffered_results":0,"item_updates":1,"joined":true,"last_error_code":"","messages_received":25412,"messages_sent":34932,"pending_blocking":0,"snapshot_updates":25367},"event":"CLIENT_HEALTH","player":"b","process_id":4048,"time_msec":1286751}
[m7_client] {"details":{"async_rejections":0,"async_results":0,"buffered_results":0,"item_updates":1,"joined":true,"last_error_code":"","messages_received":25452,"messages_sent":34988,"pending_blocking":0,"snapshot_updates":25407},"event":"CLIENT_HEALTH","player":"b","process_id":4048,"time_msec":1288755}
[m7_client] {"details":{"async_rejections":0,"async_results":0,"buffered_results":0,"item_updates":1,"joined":true,"last_error_code":"","messages_received":25492,"messages_sent":35045,"pending_blocking":0,"snapshot_updates":25447},"event":"CLIENT_HEALTH","player":"b","process_id":4048,"time_msec":1290755}
[m7_client] {"details":{"async_rejections":0,"async_results":0,"buffered_results":0,"item_updates":1,"joined":true,"last_error_code":"","messages_received":25532,"messages_sent":35101,"pending_blocking":0,"snapshot_updates":25487},"event":"CLIENT_HEALTH","player":"b","process_id":4048,"time_msec":1292755}
[m7_client] {"details":{"async_rejections":0,"async_results":0,"buffered_results":0,"item_updates":1,"joined":true,"last_error_code":"","messages_received":25572,"messages_sent":35158,"pending_blocking":0,"snapshot_updates":25527},"event":"CLIENT_HEALTH","player":"b","process_id":4048,"time_msec":1294755}
[m7_client] {"details":{"async_rejections":0,"async_results":0,"buffered_results":0,"item_updates":1,"joined":true,"last_error_code":"","messages_received":25613,"messages_sent":35215,"pending_blocking":0,"snapshot_updates":25568},"event":"CLIENT_HEALTH","player":"b","process_id":4048,"time_msec":1296764}
[m7_client] {"details":{"async_rejections":0,"async_results":0,"buffered_results":0,"item_updates":1,"joined":true,"last_error_code":"","messages_received":25653,"messages_sent":35272,"pending_blocking":0,"snapshot_updates":25608},"event":"CLIENT_HEALTH","player":"b","process_id":4048,"time_msec":1298765}
[m7_client] {"details":{"async_rejections":0,"async_results":0,"buffered_results":0,"item_updates":1,"joined":true,"last_error_code":"","messages_received":25693,"messages_sent":35328,"pending_blocking":0,"snapshot_updates":25648},"event":"CLIENT_HEALTH","player":"b","process_id":4048,"time_msec":1300766}
[m7_client] {"details":{"async_rejections":0,"async_results":0,"buffered_results":0,"item_updates":1,"joined":true,"last_error_code":"","messages_received":25733,"messages_sent":35385,"pending_blocking":0,"snapshot_updates":25688},"event":"CLIENT_HEALTH","player":"b","process_id":4048,"time_msec":1302766}
[m7_client] {"details":{"async_rejections":0,"async_results":0,"buffered_results":0,"item_updates":1,"joined":true,"last_error_code":"","messages_received":25773,"messages_sent":35441,"pending_blocking":0,"snapshot_updates":25728},"event":"CLIENT_HEALTH","player":"b","process_id":4048,"time_msec":1304766}
[m7_client] {"details":{"async_rejections":0,"async_results":0,"buffered_results":0,"item_updates":1,"joined":true,"last_error_code":"","messages_received":25813,"messages_sent":35497,"pending_blocking":0,"snapshot_updates":25768},"event":"CLIENT_HEALTH","player":"b","process_id":4048,"time_msec":1306766}
[m7_client] {"details":{"async_rejections":0,"async_results":0,"buffered_results":0,"item_updates":1,"joined":true,"last_error_code":"","messages_received":25853,"messages_sent":35554,"pending_blocking":0,"snapshot_updates":25808},"event":"CLIENT_HEALTH","player":"b","process_id":4048,"time_msec":1308766}
[m7_client] {"details":{"async_rejections":0,"async_results":0,"buffered_results":0,"item_updates":1,"joined":true,"last_error_code":"","messages_received":25893,"messages_sent":35611,"pending_blocking":0,"snapshot_updates":25848},"event":"CLIENT_HEALTH","player":"b","process_id":4048,"time_msec":1310767}
[m7_client] {"details":{"async_rejections":0,"async_results":0,"buffered_results":0,"item_updates":1,"joined":true,"last_error_code":"","messages_received":25933,"messages_sent":35667,"pending_blocking":0,"snapshot_updates":25888},"event":"CLIENT_HEALTH","player":"b","process_id":4048,"time_msec":1312771}
[m7_client] {"details":{"async_rejections":0,"async_results":0,"buffered_results":0,"item_updates":1,"joined":true,"last_error_code":"","messages_received":25973,"messages_sent":35724,"pending_blocking":0,"snapshot_updates":25928},"event":"CLIENT_HEALTH","player":"b","process_id":4048,"time_msec":1314771}
[m7_client] {"details":{"async_rejections":0,"async_results":0,"buffered_results":0,"item_updates":1,"joined":true,"last_error_code":"","messages_received":26013,"messages_sent":35781,"pending_blocking":0,"snapshot_updates":25968},"event":"CLIENT_HEALTH","player":"b","process_id":4048,"time_msec":1316771}
[m7_client] {"details":{"async_rejections":0,"async_results":0,"buffered_results":0,"item_updates":1,"joined":true,"last_error_code":"","messages_received":26053,"messages_sent":35837,"pending_blocking":0,"snapshot_updates":26008},"event":"CLIENT_HEALTH","player":"b","process_id":4048,"time_msec":1318771}
[m7_client] {"details":{"async_rejections":0,"async_results":0,"buffered_results":0,"item_updates":1,"joined":true,"last_error_code":"","messages_received":26093,"messages_sent":35894,"pending_blocking":0,"snapshot_updates":26048},"event":"CLIENT_HEALTH","player":"b","process_id":4048,"time_msec":1320771}
[m7_client] {"details":{"async_rejections":0,"async_results":0,"buffered_results":0,"item_updates":1,"joined":true,"last_error_code":"","messages_received":26133,"messages_sent":35950,"pending_blocking":0,"snapshot_updates":26088},"event":"CLIENT_HEALTH","player":"b","process_id":4048,"time_msec":1322771}
[m7_client] {"details":{"async_rejections":0,"async_results":0,"buffered_results":0,"item_updates":1,"joined":true,"last_error_code":"","messages_received":26173,"messages_sent":36007,"pending_blocking":0,"snapshot_updates":26128},"event":"CLIENT_HEALTH","player":"b","process_id":4048,"time_msec":1324778}
[m7_client] {"details":{"async_rejections":0,"async_results":0,"buffered_results":0,"item_updates":1,"joined":true,"last_error_code":"","messages_received":26213,"messages_sent":36063,"pending_blocking":0,"snapshot_updates":26168},"event":"CLIENT_HEALTH","player":"b","process_id":4048,"time_msec":1326783}
[m7_client] {"details":{"async_rejections":0,"async_results":0,"buffered_results":0,"item_updates":1,"joined":true,"last_error_code":"","messages_received":26253,"messages_sent":36120,"pending_blocking":0,"snapshot_updates":26208},"event":"CLIENT_HEALTH","player":"b","process_id":4048,"time_msec":1328788}
[m7_client] {"details":{"async_rejections":0,"async_results":0,"buffered_results":0,"item_updates":1,"joined":true,"last_error_code":"","messages_received":26293,"messages_sent":36177,"pending_blocking":0,"snapshot_updates":26248},"event":"CLIENT_HEALTH","player":"b","process_id":4048,"time_msec":1330788}
[m7_client] {"details":{"async_rejections":0,"async_results":0,"buffered_results":0,"item_updates":1,"joined":true,"last_error_code":"","messages_received":26333,"messages_sent":36233,"pending_blocking":0,"snapshot_updates":26288},"event":"CLIENT_HEALTH","player":"b","process_id":4048,"time_msec":1332788}
[m7_client] {"details":{"async_rejections":0,"async_results":0,"buffered_results":0,"item_updates":1,"joined":true,"last_error_code":"","messages_received":26373,"messages_sent":36290,"pending_blocking":0,"snapshot_updates":26328},"event":"CLIENT_HEALTH","player":"b","process_id":4048,"time_msec":1334788}
[m7_client] {"details":{"async_rejections":0,"async_results":0,"buffered_results":0,"item_updates":1,"joined":true,"last_error_code":"","messages_received":26413,"messages_sent":36346,"pending_blocking":0,"snapshot_updates":26368},"event":"CLIENT_HEALTH","player":"b","process_id":4048,"time_msec":1336788}
[m7_client] {"details":{"async_rejections":0,"async_results":0,"buffered_results":0,"item_updates":1,"joined":true,"last_error_code":"","messages_received":26453,"messages_sent":36403,"pending_blocking":0,"snapshot_updates":26408},"event":"CLIENT_HEALTH","player":"b","process_id":4048,"time_msec":1338789}
[m7_client] {"details":{"async_rejections":0,"async_results":0,"buffered_results":0,"item_updates":1,"joined":true,"last_error_code":"","messages_received":26493,"messages_sent":36460,"pending_blocking":0,"snapshot_updates":26448},"event":"CLIENT_HEALTH","player":"b","process_id":4048,"time_msec":1340795}
[m7_client] {"details":{"async_rejections":0,"async_results":0,"buffered_results":0,"item_updates":1,"joined":true,"last_error_code":"","messages_received":26533,"messages_sent":36516,"pending_blocking":0,"snapshot_updates":26488},"event":"CLIENT_HEALTH","player":"b","process_id":4048,"time_msec":1342799}
[m7_client] {"details":{"async_rejections":0,"async_results":0,"buffered_results":0,"item_updates":1,"joined":true,"last_error_code":"","messages_received":26573,"messages_sent":36573,"pending_blocking":0,"snapshot_updates":26528},"event":"CLIENT_HEALTH","player":"b","process_id":4048,"time_msec":1344799}
[m7_client] {"details":{"async_rejections":0,"async_results":0,"buffered_results":0,"item_updates":1,"joined":true,"last_error_code":"","messages_received":26614,"messages_sent":36630,"pending_blocking":0,"snapshot_updates":26569},"event":"CLIENT_HEALTH","player":"b","process_id":4048,"time_msec":1346803}
[m7_client] {"details":{"async_rejections":0,"async_results":0,"buffered_results":0,"item_updates":1,"joined":true,"last_error_code":"","messages_received":26654,"messages_sent":36686,"pending_blocking":0,"snapshot_updates":26609},"event":"CLIENT_HEALTH","player":"b","process_id":4048,"time_msec":1348808}
[m7_client] {"details":{"async_rejections":0,"async_results":0,"buffered_results":0,"item_updates":1,"joined":true,"last_error_code":"","messages_received":26694,"messages_sent":36743,"pending_blocking":0,"snapshot_updates":26649},"event":"CLIENT_HEALTH","player":"b","process_id":4048,"time_msec":1350814}
[m7_client] {"details":{"async_rejections":0,"async_results":0,"buffered_results":0,"item_updates":1,"joined":true,"last_error_code":"","messages_received":26734,"messages_sent":36799,"pending_blocking":0,"snapshot_updates":26689},"event":"CLIENT_HEALTH","player":"b","process_id":4048,"time_msec":1352817}
[m7_client] {"details":{"async_rejections":0,"async_results":0,"buffered_results":0,"item_updates":1,"joined":true,"last_error_code":"","messages_received":26774,"messages_sent":36856,"pending_blocking":0,"snapshot_updates":26729},"event":"CLIENT_HEALTH","player":"b","process_id":4048,"time_msec":1354817}
[m7_client] {"details":{"async_rejections":0,"async_results":0,"buffered_results":0,"item_updates":1,"joined":true,"last_error_code":"","messages_received":26814,"messages_sent":36913,"pending_blocking":0,"snapshot_updates":26769},"event":"CLIENT_HEALTH","player":"b","process_id":4048,"time_msec":1356824}
[m7_client] {"details":{"async_rejections":0,"async_results":0,"buffered_results":0,"item_updates":1,"joined":true,"last_error_code":"","messages_received":26854,"messages_sent":36969,"pending_blocking":0,"snapshot_updates":26809},"event":"CLIENT_HEALTH","player":"b","process_id":4048,"time_msec":1358828}
[m7_client] {"details":{"async_rejections":0,"async_results":0,"buffered_results":0,"item_updates":1,"joined":true,"last_error_code":"","messages_received":26894,"messages_sent":37025,"pending_blocking":0,"snapshot_updates":26849},"event":"CLIENT_HEALTH","player":"b","process_id":4048,"time_msec":1360828}
[m7_client] {"details":{"async_rejections":0,"async_results":0,"buffered_results":0,"item_updates":1,"joined":true,"last_error_code":"","messages_received":26934,"messages_sent":37082,"pending_blocking":0,"snapshot_updates":26889},"event":"CLIENT_HEALTH","player":"b","process_id":4048,"time_msec":1362828}
[m7_client] {"details":{"async_rejections":0,"async_results":0,"buffered_results":0,"item_updates":1,"joined":true,"last_error_code":"","messages_received":26974,"messages_sent":37138,"pending_blocking":0,"snapshot_updates":26929},"event":"CLIENT_HEALTH","player":"b","process_id":4048,"time_msec":1364828}
[m7_client] {"details":{"async_rejections":0,"async_results":0,"buffered_results":0,"item_updates":1,"joined":true,"last_error_code":"","messages_received":27014,"messages_sent":37195,"pending_blocking":0,"snapshot_updates":26969},"event":"CLIENT_HEALTH","player":"b","process_id":4048,"time_msec":1366828}
[m7_client] {"details":{"async_rejections":0,"async_results":0,"buffered_results":0,"item_updates":1,"joined":true,"last_error_code":"","messages_received":27054,"messages_sent":37251,"pending_blocking":0,"snapshot_updates":27009},"event":"CLIENT_HEALTH","player":"b","process_id":4048,"time_msec":1368828}
[m7_client] {"details":{"async_rejections":0,"async_results":0,"buffered_results":0,"item_updates":1,"joined":true,"last_error_code":"","messages_received":27094,"messages_sent":37308,"pending_blocking":0,"snapshot_updates":27049},"event":"CLIENT_HEALTH","player":"b","process_id":4048,"time_msec":1370828}
[m7_client] {"details":{"async_rejections":0,"async_results":0,"buffered_results":0,"item_updates":1,"joined":true,"last_error_code":"","messages_received":27134,"messages_sent":37364,"pending_blocking":0,"snapshot_updates":27089},"event":"CLIENT_HEALTH","player":"b","process_id":4048,"time_msec":1372828}
[m7_client] {"details":{"async_rejections":0,"async_results":0,"buffered_results":0,"item_updates":1,"joined":true,"last_error_code":"","messages_received":27174,"messages_sent":37421,"pending_blocking":0,"snapshot_updates":27129},"event":"CLIENT_HEALTH","player":"b","process_id":4048,"time_msec":1374833}
[m7_client] {"details":{"async_rejections":0,"async_results":0,"buffered_results":0,"item_updates":1,"joined":true,"last_error_code":"","messages_received":27214,"messages_sent":37478,"pending_blocking":0,"snapshot_updates":27169},"event":"CLIENT_HEALTH","player":"b","process_id":4048,"time_msec":1376833}
[m7_client] {"details":{"async_rejections":0,"async_results":0,"buffered_results":0,"item_updates":1,"joined":true,"last_error_code":"","messages_received":27254,"messages_sent":37534,"pending_blocking":0,"snapshot_updates":27209},"event":"CLIENT_HEALTH","player":"b","process_id":4048,"time_msec":1378833}
[m7_client] {"details":{"async_rejections":0,"async_results":0,"buffered_results":0,"item_updates":1,"joined":true,"last_error_code":"","messages_received":27294,"messages_sent":37591,"pending_blocking":0,"snapshot_updates":27249},"event":"CLIENT_HEALTH","player":"b","process_id":4048,"time_msec":1380833}
[m7_client] {"details":{"async_rejections":0,"async_results":0,"buffered_results":0,"item_updates":1,"joined":true,"last_error_code":"","messages_received":27334,"messages_sent":37648,"pending_blocking":0,"snapshot_updates":27289},"event":"CLIENT_HEALTH","player":"b","process_id":4048,"time_msec":1382833}
[m7_client] {"details":{"async_rejections":0,"async_results":0,"buffered_results":0,"item_updates":1,"joined":true,"last_error_code":"","messages_received":27374,"messages_sent":37704,"pending_blocking":0,"snapshot_updates":27329},"event":"CLIENT_HEALTH","player":"b","process_id":4048,"time_msec":1384833}
[m7_client] {"details":{"async_rejections":0,"async_results":0,"buffered_results":0,"item_updates":1,"joined":true,"last_error_code":"","messages_received":27414,"messages_sent":37760,"pending_blocking":0,"snapshot_updates":27369},"event":"CLIENT_HEALTH","player":"b","process_id":4048,"time_msec":1386838}
[m7_client] {"details":{"async_rejections":0,"async_results":0,"buffered_results":0,"item_updates":1,"joined":true,"last_error_code":"","messages_received":27454,"messages_sent":37817,"pending_blocking":0,"snapshot_updates":27409},"event":"CLIENT_HEALTH","player":"b","process_id":4048,"time_msec":1388838}
[m7_client] {"details":{"async_rejections":0,"async_results":0,"buffered_results":0,"item_updates":1,"joined":true,"last_error_code":"","messages_received":27494,"messages_sent":37873,"pending_blocking":0,"snapshot_updates":27449},"event":"CLIENT_HEALTH","player":"b","process_id":4048,"time_msec":1390838}
[m7_client] {"details":{"async_rejections":0,"async_results":0,"buffered_results":0,"item_updates":1,"joined":true,"last_error_code":"","messages_received":27534,"messages_sent":37929,"pending_blocking":0,"snapshot_updates":27489},"event":"CLIENT_HEALTH","player":"b","process_id":4048,"time_msec":1392838}
[m7_client] {"details":{"async_rejections":0,"async_results":0,"buffered_results":0,"item_updates":1,"joined":true,"last_error_code":"","messages_received":27574,"messages_sent":37985,"pending_blocking":0,"snapshot_updates":27529},"event":"CLIENT_HEALTH","player":"b","process_id":4048,"time_msec":1394838}
[m7_client] {"details":{"async_rejections":0,"async_results":0,"buffered_results":0,"item_updates":1,"joined":true,"last_error_code":"","messages_received":27614,"messages_sent":38042,"pending_blocking":0,"snapshot_updates":27569},"event":"CLIENT_HEALTH","player":"b","process_id":4048,"time_msec":1396839}
[m7_client] {"details":{"async_rejections":0,"async_results":0,"buffered_results":0,"item_updates":1,"joined":true,"last_error_code":"","messages_received":27654,"messages_sent":38099,"pending_blocking":0,"snapshot_updates":27609},"event":"CLIENT_HEALTH","player":"b","process_id":4048,"time_msec":1398845}
[m7_client] {"details":{"async_rejections":0,"async_results":0,"buffered_results":0,"item_updates":1,"joined":true,"last_error_code":"","messages_received":27694,"messages_sent":38155,"pending_blocking":0,"snapshot_updates":27649},"event":"CLIENT_HEALTH","player":"b","process_id":4048,"time_msec":1400850}
[m7_client] {"details":{"async_rejections":0,"async_results":0,"buffered_results":0,"item_updates":1,"joined":true,"last_error_code":"","messages_received":27735,"messages_sent":38212,"pending_blocking":0,"snapshot_updates":27690},"event":"CLIENT_HEALTH","player":"b","process_id":4048,"time_msec":1402861}
[m7_client] {"details":{"async_rejections":0,"async_results":0,"buffered_results":0,"item_updates":1,"joined":true,"last_error_code":"","messages_received":27775,"messages_sent":38268,"pending_blocking":0,"snapshot_updates":27730},"event":"CLIENT_HEALTH","player":"b","process_id":4048,"time_msec":1404864}
[m7_client] {"details":{"async_rejections":0,"async_results":0,"buffered_results":0,"item_updates":1,"joined":true,"last_error_code":"","messages_received":27815,"messages_sent":38324,"pending_blocking":0,"snapshot_updates":27770},"event":"CLIENT_HEALTH","player":"b","process_id":4048,"time_msec":1406864}
[m7_client] {"details":{"async_rejections":0,"async_results":0,"buffered_results":0,"item_updates":1,"joined":true,"last_error_code":"","messages_received":27855,"messages_sent":38381,"pending_blocking":0,"snapshot_updates":27810},"event":"CLIENT_HEALTH","player":"b","process_id":4048,"time_msec":1408867}
[m7_client] {"details":{"async_rejections":0,"async_results":0,"buffered_results":0,"item_updates":1,"joined":true,"last_error_code":"","messages_received":27895,"messages_sent":38438,"pending_blocking":0,"snapshot_updates":27850},"event":"CLIENT_HEALTH","player":"b","process_id":4048,"time_msec":1410869}
[m7_client] {"details":{"async_rejections":0,"async_results":0,"buffered_results":0,"item_updates":1,"joined":true,"last_error_code":"","messages_received":27935,"messages_sent":38494,"pending_blocking":0,"snapshot_updates":27890},"event":"CLIENT_HEALTH","player":"b","process_id":4048,"time_msec":1412873}
[m7_client] {"details":{"async_rejections":0,"async_results":0,"buffered_results":0,"item_updates":1,"joined":true,"last_error_code":"","messages_received":27975,"messages_sent":38551,"pending_blocking":0,"snapshot_updates":27930},"event":"CLIENT_HEALTH","player":"b","process_id":4048,"time_msec":1414873}
[m7_client] {"details":{"async_rejections":0,"async_results":0,"buffered_results":0,"item_updates":1,"joined":true,"last_error_code":"","messages_received":28015,"messages_sent":38608,"pending_blocking":0,"snapshot_updates":27970},"event":"CLIENT_HEALTH","player":"b","process_id":4048,"time_msec":1416874}
[m7_client] {"details":{"async_rejections":0,"async_results":0,"buffered_results":0,"item_updates":1,"joined":true,"last_error_code":"","messages_received":28055,"messages_sent":38664,"pending_blocking":0,"snapshot_updates":28010},"event":"CLIENT_HEALTH","player":"b","process_id":4048,"time_msec":1418878}
[m7_client] {"details":{"async_rejections":0,"async_results":0,"buffered_results":0,"item_updates":1,"joined":true,"last_error_code":"","messages_received":28095,"messages_sent":38721,"pending_blocking":0,"snapshot_updates":28050},"event":"CLIENT_HEALTH","player":"b","process_id":4048,"time_msec":1420879}
[m7_client] {"details":{"async_rejections":0,"async_results":0,"buffered_results":0,"item_updates":1,"joined":true,"last_error_code":"","messages_received":28135,"messages_sent":38778,"pending_blocking":0,"snapshot_updates":28090},"event":"CLIENT_HEALTH","player":"b","process_id":4048,"time_msec":1422880}
[m7_client] {"details":{"async_rejections":0,"async_results":0,"buffered_results":0,"item_updates":1,"joined":true,"last_error_code":"","messages_received":28175,"messages_sent":38834,"pending_blocking":0,"snapshot_updates":28130},"event":"CLIENT_HEALTH","player":"b","process_id":4048,"time_msec":1424884}
[m7_client] {"details":{"async_rejections":0,"async_results":0,"buffered_results":0,"item_updates":1,"joined":true,"last_error_code":"","messages_received":28215,"messages_sent":38891,"pending_blocking":0,"snapshot_updates":28170},"event":"CLIENT_HEALTH","player":"b","process_id":4048,"time_msec":1426884}
[m7_client] {"details":{"async_rejections":0,"async_results":0,"buffered_results":0,"item_updates":1,"joined":true,"last_error_code":"","messages_received":28255,"messages_sent":38948,"pending_blocking":0,"snapshot_updates":28210},"event":"CLIENT_HEALTH","player":"b","process_id":4048,"time_msec":1428884}
[m7_client] {"details":{"async_rejections":0,"async_results":0,"buffered_results":0,"item_updates":1,"joined":true,"last_error_code":"","messages_received":28295,"messages_sent":39004,"pending_blocking":0,"snapshot_updates":28250},"event":"CLIENT_HEALTH","player":"b","process_id":4048,"time_msec":1430890}
[m7_client] {"details":{"async_rejections":0,"async_results":0,"buffered_results":0,"item_updates":1,"joined":true,"last_error_code":"","messages_received":28335,"messages_sent":39061,"pending_blocking":0,"snapshot_updates":28290},"event":"CLIENT_HEALTH","player":"b","process_id":4048,"time_msec":1432896}
[m7_client] {"details":{"async_rejections":0,"async_results":0,"buffered_results":0,"item_updates":1,"joined":true,"last_error_code":"","messages_received":28375,"messages_sent":39117,"pending_blocking":0,"snapshot_updates":28330},"event":"CLIENT_HEALTH","player":"b","process_id":4048,"time_msec":1434895}
[m7_client] {"details":{"async_rejections":0,"async_results":0,"buffered_results":0,"item_updates":1,"joined":true,"last_error_code":"","messages_received":28415,"messages_sent":39174,"pending_blocking":0,"snapshot_updates":28370},"event":"CLIENT_HEALTH","player":"b","process_id":4048,"time_msec":1436895}
[m7_client] {"details":{"async_rejections":0,"async_results":0,"buffered_results":0,"item_updates":1,"joined":true,"last_error_code":"","messages_received":28455,"messages_sent":39230,"pending_blocking":0,"snapshot_updates":28410},"event":"CLIENT_HEALTH","player":"b","process_id":4048,"time_msec":1438895}
[m7_client] {"details":{"async_rejections":0,"async_results":0,"buffered_results":0,"item_updates":1,"joined":true,"last_error_code":"","messages_received":28495,"messages_sent":39287,"pending_blocking":0,"snapshot_updates":28450},"event":"CLIENT_HEALTH","player":"b","process_id":4048,"time_msec":1440895}
[m7_client] {"details":{"async_rejections":0,"async_results":0,"buffered_results":0,"item_updates":1,"joined":true,"last_error_code":"","messages_received":28535,"messages_sent":39343,"pending_blocking":0,"snapshot_updates":28490},"event":"CLIENT_HEALTH","player":"b","process_id":4048,"time_msec":1442895}
[m7_client] {"details":{"async_rejections":0,"async_results":0,"buffered_results":0,"item_updates":1,"joined":true,"last_error_code":"","messages_received":28575,"messages_sent":39400,"pending_blocking":0,"snapshot_updates":28530},"event":"CLIENT_HEALTH","player":"b","process_id":4048,"time_msec":1444895}
[m7_client] {"details":{"async_rejections":0,"async_results":0,"buffered_results":0,"item_updates":1,"joined":true,"last_error_code":"","messages_received":28615,"messages_sent":39457,"pending_blocking":0,"snapshot_updates":28570},"event":"CLIENT_HEALTH","player":"b","process_id":4048,"time_msec":1446895}
[m7_client] {"details":{"async_rejections":0,"async_results":0,"buffered_results":0,"item_updates":1,"joined":true,"last_error_code":"","messages_received":28656,"messages_sent":39513,"pending_blocking":0,"snapshot_updates":28611},"event":"CLIENT_HEALTH","player":"b","process_id":4048,"time_msec":1448903}
[m7_client] {"details":{"async_rejections":0,"async_results":0,"buffered_results":0,"item_updates":1,"joined":true,"last_error_code":"","messages_received":28696,"messages_sent":39570,"pending_blocking":0,"snapshot_updates":28651},"event":"CLIENT_HEALTH","player":"b","process_id":4048,"time_msec":1450909}
[m7_client] {"details":{"async_rejections":0,"async_results":0,"buffered_results":0,"item_updates":1,"joined":true,"last_error_code":"","messages_received":28736,"messages_sent":39626,"pending_blocking":0,"snapshot_updates":28691},"event":"CLIENT_HEALTH","player":"b","process_id":4048,"time_msec":1452909}
[m7_client] {"details":{"async_rejections":0,"async_results":0,"buffered_results":0,"item_updates":1,"joined":true,"last_error_code":"","messages_received":28776,"messages_sent":39683,"pending_blocking":0,"snapshot_updates":28731},"event":"CLIENT_HEALTH","player":"b","process_id":4048,"time_msec":1454909}
[m7_client] {"details":{"async_rejections":0,"async_results":0,"buffered_results":0,"item_updates":1,"joined":true,"last_error_code":"","messages_received":28816,"messages_sent":39740,"pending_blocking":0,"snapshot_updates":28771},"event":"CLIENT_HEALTH","player":"b","process_id":4048,"time_msec":1456912}
[m7_client] {"details":{"async_rejections":0,"async_results":0,"buffered_results":0,"item_updates":1,"joined":true,"last_error_code":"","messages_received":28856,"messages_sent":39797,"pending_blocking":0,"snapshot_updates":28811},"event":"CLIENT_HEALTH","player":"b","process_id":4048,"time_msec":1458913}
[m7_client] {"details":{"async_rejections":0,"async_results":0,"buffered_results":0,"item_updates":1,"joined":true,"last_error_code":"","messages_received":28896,"messages_sent":39853,"pending_blocking":0,"snapshot_updates":28851},"event":"CLIENT_HEALTH","player":"b","process_id":4048,"time_msec":1460918}
[m7_client] {"details":{"async_rejections":0,"async_results":0,"buffered_results":0,"item_updates":1,"joined":true,"last_error_code":"","messages_received":28936,"messages_sent":39910,"pending_blocking":0,"snapshot_updates":28891},"event":"CLIENT_HEALTH","player":"b","process_id":4048,"time_msec":1462920}
[m7_client] {"details":{"async_rejections":0,"async_results":0,"buffered_results":0,"item_updates":1,"joined":true,"last_error_code":"","messages_received":28976,"messages_sent":39966,"pending_blocking":0,"snapshot_updates":28931},"event":"CLIENT_HEALTH","player":"b","process_id":4048,"time_msec":1464923}
[m7_client] {"details":{"async_rejections":0,"async_results":0,"buffered_results":0,"item_updates":1,"joined":true,"last_error_code":"","messages_received":29016,"messages_sent":40023,"pending_blocking":0,"snapshot_updates":28971},"event":"CLIENT_HEALTH","player":"b","process_id":4048,"time_msec":1466923}
[m7_client] {"details":{"async_rejections":0,"async_results":0,"buffered_results":0,"item_updates":1,"joined":true,"last_error_code":"","messages_received":29056,"messages_sent":40080,"pending_blocking":0,"snapshot_updates":29011},"event":"CLIENT_HEALTH","player":"b","process_id":4048,"time_msec":1468925}
[m7_client] {"details":{"async_rejections":0,"async_results":0,"buffered_results":0,"item_updates":1,"joined":true,"last_error_code":"","messages_received":29096,"messages_sent":40136,"pending_blocking":0,"snapshot_updates":29051},"event":"CLIENT_HEALTH","player":"b","process_id":4048,"time_msec":1470929}
[m7_client] {"details":{"async_rejections":0,"async_results":0,"buffered_results":0,"item_updates":1,"joined":true,"last_error_code":"","messages_received":29136,"messages_sent":40193,"pending_blocking":0,"snapshot_updates":29091},"event":"CLIENT_HEALTH","player":"b","process_id":4048,"time_msec":1472931}
[m7_client] {"details":{"async_rejections":0,"async_results":0,"buffered_results":0,"item_updates":1,"joined":true,"last_error_code":"","messages_received":29176,"messages_sent":40249,"pending_blocking":0,"snapshot_updates":29131},"event":"CLIENT_HEALTH","player":"b","process_id":4048,"time_msec":1474935}
[m7_client] {"details":{"async_rejections":0,"async_results":0,"buffered_results":0,"item_updates":1,"joined":true,"last_error_code":"","messages_received":29216,"messages_sent":40306,"pending_blocking":0,"snapshot_updates":29171},"event":"CLIENT_HEALTH","player":"b","process_id":4048,"time_msec":1476935}
[m7_client] {"details":{"async_rejections":0,"async_results":0,"buffered_results":0,"item_updates":1,"joined":true,"last_error_code":"","messages_received":29256,"messages_sent":40363,"pending_blocking":0,"snapshot_updates":29211},"event":"CLIENT_HEALTH","player":"b","process_id":4048,"time_msec":1478940}
[m7_client] {"details":{"async_rejections":0,"async_results":0,"buffered_results":0,"item_updates":1,"joined":true,"last_error_code":"","messages_received":29296,"messages_sent":40419,"pending_blocking":0,"snapshot_updates":29251},"event":"CLIENT_HEALTH","player":"b","process_id":4048,"time_msec":1480940}
[m7_client] {"details":{"async_rejections":0,"async_results":0,"buffered_results":0,"item_updates":1,"joined":true,"last_error_code":"","messages_received":29336,"messages_sent":40476,"pending_blocking":0,"snapshot_updates":29291},"event":"CLIENT_HEALTH","player":"b","process_id":4048,"time_msec":1482940}
[m7_client] {"details":{"async_rejections":0,"async_results":0,"buffered_results":0,"item_updates":1,"joined":true,"last_error_code":"","messages_received":29376,"messages_sent":40533,"pending_blocking":0,"snapshot_updates":29331},"event":"CLIENT_HEALTH","player":"b","process_id":4048,"time_msec":1484940}
[m7_client] {"details":{"async_rejections":0,"async_results":0,"buffered_results":0,"item_updates":1,"joined":true,"last_error_code":"","messages_received":29416,"messages_sent":40589,"pending_blocking":0,"snapshot_updates":29371},"event":"CLIENT_HEALTH","player":"b","process_id":4048,"time_msec":1486940}
[m7_client] {"details":{"async_rejections":0,"async_results":0,"buffered_results":0,"item_updates":1,"joined":true,"last_error_code":"","messages_received":29456,"messages_sent":40645,"pending_blocking":0,"snapshot_updates":29411},"event":"CLIENT_HEALTH","player":"b","process_id":4048,"time_msec":1488940}
[m7_client] {"details":{"async_rejections":0,"async_results":0,"buffered_results":0,"item_updates":1,"joined":true,"last_error_code":"","messages_received":29496,"messages_sent":40702,"pending_blocking":0,"snapshot_updates":29451},"event":"CLIENT_HEALTH","player":"b","process_id":4048,"time_msec":1490940}
[m7_client] {"details":{"async_rejections":0,"async_results":0,"buffered_results":0,"item_updates":1,"joined":true,"last_error_code":"","messages_received":29536,"messages_sent":40758,"pending_blocking":0,"snapshot_updates":29491},"event":"CLIENT_HEALTH","player":"b","process_id":4048,"time_msec":1492941}
[m7_client] {"details":{"async_rejections":0,"async_results":0,"buffered_results":0,"item_updates":1,"joined":true,"last_error_code":"","messages_received":29576,"messages_sent":40815,"pending_blocking":0,"snapshot_updates":29531},"event":"CLIENT_HEALTH","player":"b","process_id":4048,"time_msec":1494947}
[m7_client] {"details":{"async_rejections":0,"async_results":0,"buffered_results":0,"item_updates":1,"joined":true,"last_error_code":"","messages_received":29616,"messages_sent":40871,"pending_blocking":0,"snapshot_updates":29571},"event":"CLIENT_HEALTH","player":"b","process_id":4048,"time_msec":1496951}
[m7_client] {"details":{"async_rejections":0,"async_results":0,"buffered_results":0,"item_updates":1,"joined":true,"last_error_code":"","messages_received":29656,"messages_sent":40928,"pending_blocking":0,"snapshot_updates":29611},"event":"CLIENT_HEALTH","player":"b","process_id":4048,"time_msec":1498951}
[m7_client] {"details":{"async_rejections":0,"async_results":0,"buffered_results":0,"item_updates":1,"joined":true,"last_error_code":"","messages_received":29697,"messages_sent":40985,"pending_blocking":0,"snapshot_updates":29652},"event":"CLIENT_HEALTH","player":"b","process_id":4048,"time_msec":1500956}
[m7_client] {"details":{"async_rejections":0,"async_results":0,"buffered_results":0,"item_updates":1,"joined":true,"last_error_code":"","messages_received":29737,"messages_sent":41041,"pending_blocking":0,"snapshot_updates":29692},"event":"CLIENT_HEALTH","player":"b","process_id":4048,"time_msec":1502957}
[m7_client] {"details":{"async_rejections":0,"async_results":0,"buffered_results":0,"item_updates":1,"joined":true,"last_error_code":"","messages_received":29777,"messages_sent":41098,"pending_blocking":0,"snapshot_updates":29732},"event":"CLIENT_HEALTH","player":"b","process_id":4048,"time_msec":1504960}
[m7_client] {"details":{"async_rejections":0,"async_results":0,"buffered_results":0,"item_updates":1,"joined":true,"last_error_code":"","messages_received":29817,"messages_sent":41155,"pending_blocking":0,"snapshot_updates":29772},"event":"CLIENT_HEALTH","player":"b","process_id":4048,"time_msec":1506961}
[m7_client] {"details":{"async_rejections":0,"async_results":0,"buffered_results":0,"item_updates":1,"joined":true,"last_error_code":"","messages_received":29857,"messages_sent":41211,"pending_blocking":0,"snapshot_updates":29812},"event":"CLIENT_HEALTH","player":"b","process_id":4048,"time_msec":1508963}
[m7_client] {"details":{"async_rejections":0,"async_results":0,"buffered_results":0,"item_updates":1,"joined":true,"last_error_code":"","messages_received":29897,"messages_sent":41268,"pending_blocking":0,"snapshot_updates":29852},"event":"CLIENT_HEALTH","player":"b","process_id":4048,"time_msec":1510968}
[m7_client] {"details":{"async_rejections":0,"async_results":0,"buffered_results":0,"item_updates":1,"joined":true,"last_error_code":"","messages_received":29937,"messages_sent":41325,"pending_blocking":0,"snapshot_updates":29892},"event":"CLIENT_HEALTH","player":"b","process_id":4048,"time_msec":1512968}
[m7_client] {"details":{"async_rejections":0,"async_results":0,"buffered_results":0,"item_updates":1,"joined":true,"last_error_code":"","messages_received":29977,"messages_sent":41381,"pending_blocking":0,"snapshot_updates":29932},"event":"CLIENT_HEALTH","player":"b","process_id":4048,"time_msec":1514968}
[m7_client] {"details":{"async_rejections":0,"async_results":0,"buffered_results":0,"item_updates":1,"joined":true,"last_error_code":"","messages_received":30017,"messages_sent":41438,"pending_blocking":0,"snapshot_updates":29972},"event":"CLIENT_HEALTH","player":"b","process_id":4048,"time_msec":1516968}
[m7_client] {"details":{"async_rejections":0,"async_results":0,"buffered_results":0,"item_updates":1,"joined":true,"last_error_code":"","messages_received":30057,"messages_sent":41495,"pending_blocking":0,"snapshot_updates":30012},"event":"CLIENT_HEALTH","player":"b","process_id":4048,"time_msec":1518968}
[m7_client] {"details":{"async_rejections":0,"async_results":0,"buffered_results":0,"item_updates":1,"joined":true,"last_error_code":"","messages_received":30097,"messages_sent":41552,"pending_blocking":0,"snapshot_updates":30052},"event":"CLIENT_HEALTH","player":"b","process_id":4048,"time_msec":1520968}
[m7_client] {"details":{"async_rejections":0,"async_results":0,"buffered_results":0,"item_updates":1,"joined":true,"last_error_code":"","messages_received":30137,"messages_sent":41609,"pending_blocking":0,"snapshot_updates":30092},"event":"CLIENT_HEALTH","player":"b","process_id":4048,"time_msec":1522970}
[m7_client] {"details":{"async_rejections":0,"async_results":0,"buffered_results":0,"item_updates":1,"joined":true,"last_error_code":"","messages_received":30177,"messages_sent":41665,"pending_blocking":0,"snapshot_updates":30132},"event":"CLIENT_HEALTH","player":"b","process_id":4048,"time_msec":1524973}
[m7_client] {"details":{"async_rejections":0,"async_results":0,"buffered_results":0,"item_updates":1,"joined":true,"last_error_code":"","messages_received":30217,"messages_sent":41722,"pending_blocking":0,"snapshot_updates":30172},"event":"CLIENT_HEALTH","player":"b","process_id":4048,"time_msec":1526973}
[m7_client] {"details":{"async_rejections":0,"async_results":0,"buffered_results":0,"item_updates":1,"joined":true,"last_error_code":"","messages_received":30257,"messages_sent":41778,"pending_blocking":0,"snapshot_updates":30212},"event":"CLIENT_HEALTH","player":"b","process_id":4048,"time_msec":1528973}
[m7_client] {"details":{"async_rejections":0,"async_results":0,"buffered_results":0,"item_updates":1,"joined":true,"last_error_code":"","messages_received":30297,"messages_sent":41835,"pending_blocking":0,"snapshot_updates":30252},"event":"CLIENT_HEALTH","player":"b","process_id":4048,"time_msec":1530973}
[m7_client] {"details":{"async_rejections":0,"async_results":0,"buffered_results":0,"item_updates":1,"joined":true,"last_error_code":"","messages_received":30337,"messages_sent":41892,"pending_blocking":0,"snapshot_updates":30292},"event":"CLIENT_HEALTH","player":"b","process_id":4048,"time_msec":1532973}
[m7_client] {"details":{"async_rejections":0,"async_results":0,"buffered_results":0,"item_updates":1,"joined":true,"last_error_code":"","messages_received":30377,"messages_sent":41949,"pending_blocking":0,"snapshot_updates":30332},"event":"CLIENT_HEALTH","player":"b","process_id":4048,"time_msec":1534974}
[m7_client] {"details":{"async_rejections":0,"async_results":0,"buffered_results":0,"item_updates":1,"joined":true,"last_error_code":"","messages_received":30417,"messages_sent":42005,"pending_blocking":0,"snapshot_updates":30372},"event":"CLIENT_HEALTH","player":"b","process_id":4048,"time_msec":1536979}
[m7_client] {"details":{"async_rejections":0,"async_results":0,"buffered_results":0,"item_updates":1,"joined":true,"last_error_code":"","messages_received":30457,"messages_sent":42062,"pending_blocking":0,"snapshot_updates":30412},"event":"CLIENT_HEALTH","player":"b","process_id":4048,"time_msec":1538984}
[m7_client] {"details":{"async_rejections":0,"async_results":0,"buffered_results":0,"item_updates":1,"joined":true,"last_error_code":"","messages_received":30497,"messages_sent":42119,"pending_blocking":0,"snapshot_updates":30452},"event":"CLIENT_HEALTH","player":"b","process_id":4048,"time_msec":1540986}
[m7_client] {"details":{"async_rejections":0,"async_results":0,"buffered_results":0,"item_updates":1,"joined":true,"last_error_code":"","messages_received":30537,"messages_sent":42175,"pending_blocking":0,"snapshot_updates":30492},"event":"CLIENT_HEALTH","player":"b","process_id":4048,"time_msec":1542990}
[m7_client] {"details":{"async_rejections":0,"async_results":0,"buffered_results":0,"item_updates":1,"joined":true,"last_error_code":"","messages_received":30577,"messages_sent":42232,"pending_blocking":0,"snapshot_updates":30532},"event":"CLIENT_HEALTH","player":"b","process_id":4048,"time_msec":1544990}
[m7_client] {"details":{"async_rejections":0,"async_results":0,"buffered_results":0,"item_updates":1,"joined":true,"last_error_code":"","messages_received":30617,"messages_sent":42289,"pending_blocking":0,"snapshot_updates":30572},"event":"CLIENT_HEALTH","player":"b","process_id":4048,"time_msec":1546992}
[m7_client] {"details":{"async_rejections":0,"async_results":0,"buffered_results":0,"item_updates":1,"joined":true,"last_error_code":"","messages_received":30657,"messages_sent":42345,"pending_blocking":0,"snapshot_updates":30612},"event":"CLIENT_HEALTH","player":"b","process_id":4048,"time_msec":1548996}
[m7_client] {"details":{"async_rejections":0,"async_results":0,"buffered_results":0,"item_updates":1,"joined":true,"last_error_code":"","messages_received":30697,"messages_sent":42402,"pending_blocking":0,"snapshot_updates":30652},"event":"CLIENT_HEALTH","player":"b","process_id":4048,"time_msec":1550996}
[m7_client] {"details":{"async_rejections":0,"async_results":0,"buffered_results":0,"item_updates":1,"joined":true,"last_error_code":"","messages_received":30738,"messages_sent":42459,"pending_blocking":0,"snapshot_updates":30693},"event":"CLIENT_HEALTH","player":"b","process_id":4048,"time_msec":1553004}
[m7_client] {"details":{"async_rejections":0,"async_results":0,"buffered_results":0,"item_updates":1,"joined":true,"last_error_code":"","messages_received":30778,"messages_sent":42516,"pending_blocking":0,"snapshot_updates":30733},"event":"CLIENT_HEALTH","player":"b","process_id":4048,"time_msec":1555010}
[m7_client] {"details":{"async_rejections":0,"async_results":0,"buffered_results":0,"item_updates":1,"joined":true,"last_error_code":"","messages_received":30818,"messages_sent":42572,"pending_blocking":0,"snapshot_updates":30773},"event":"CLIENT_HEALTH","player":"b","process_id":4048,"time_msec":1557016}
[m7_client] {"details":{"async_rejections":0,"async_results":0,"buffered_results":0,"item_updates":1,"joined":true,"last_error_code":"","messages_received":30858,"messages_sent":42629,"pending_blocking":0,"snapshot_updates":30813},"event":"CLIENT_HEALTH","player":"b","process_id":4048,"time_msec":1559016}
[m7_client] {"details":{"async_rejections":0,"async_results":0,"buffered_results":0,"item_updates":1,"joined":true,"last_error_code":"","messages_received":30898,"messages_sent":42685,"pending_blocking":0,"snapshot_updates":30853},"event":"CLIENT_HEALTH","player":"b","process_id":4048,"time_msec":1561019}
[m7_client] {"details":{"async_rejections":0,"async_results":0,"buffered_results":0,"item_updates":1,"joined":true,"last_error_code":"","messages_received":30938,"messages_sent":42742,"pending_blocking":0,"snapshot_updates":30893},"event":"CLIENT_HEALTH","player":"b","process_id":4048,"time_msec":1563019}
[m7_client] {"details":{"async_rejections":0,"async_results":0,"buffered_results":0,"item_updates":1,"joined":true,"last_error_code":"","messages_received":30978,"messages_sent":42798,"pending_blocking":0,"snapshot_updates":30933},"event":"CLIENT_HEALTH","player":"b","process_id":4048,"time_msec":1565019}
[m7_client] {"details":{"async_rejections":0,"async_results":0,"buffered_results":0,"item_updates":1,"joined":true,"last_error_code":"","messages_received":31018,"messages_sent":42855,"pending_blocking":0,"snapshot_updates":30973},"event":"CLIENT_HEALTH","player":"b","process_id":4048,"time_msec":1567019}
[m7_client] {"details":{"async_rejections":0,"async_results":0,"buffered_results":0,"item_updates":1,"joined":true,"last_error_code":"","messages_received":31058,"messages_sent":42912,"pending_blocking":0,"snapshot_updates":31013},"event":"CLIENT_HEALTH","player":"b","process_id":4048,"time_msec":1569020}
[m7_client] {"details":{"async_rejections":0,"async_results":0,"buffered_results":0,"item_updates":1,"joined":true,"last_error_code":"","messages_received":31098,"messages_sent":42968,"pending_blocking":0,"snapshot_updates":31053},"event":"CLIENT_HEALTH","player":"b","process_id":4048,"time_msec":1571024}
[m7_client] {"details":{"async_rejections":0,"async_results":0,"buffered_results":0,"item_updates":1,"joined":true,"last_error_code":"","messages_received":31138,"messages_sent":43025,"pending_blocking":0,"snapshot_updates":31093},"event":"CLIENT_HEALTH","player":"b","process_id":4048,"time_msec":1573024}
[m7_client] {"details":{"async_rejections":0,"async_results":0,"buffered_results":0,"item_updates":1,"joined":true,"last_error_code":"","messages_received":31178,"messages_sent":43081,"pending_blocking":0,"snapshot_updates":31133},"event":"CLIENT_HEALTH","player":"b","process_id":4048,"time_msec":1575024}
[m7_client] {"details":{"async_rejections":0,"async_results":0,"buffered_results":0,"item_updates":1,"joined":true,"last_error_code":"","messages_received":31218,"messages_sent":43138,"pending_blocking":0,"snapshot_updates":31173},"event":"CLIENT_HEALTH","player":"b","process_id":4048,"time_msec":1577024}
[m7_client] {"details":{"async_rejections":0,"async_results":0,"buffered_results":0,"item_updates":1,"joined":true,"last_error_code":"","messages_received":31258,"messages_sent":43194,"pending_blocking":0,"snapshot_updates":31213},"event":"CLIENT_HEALTH","player":"b","process_id":4048,"time_msec":1579024}
[m7_client] {"details":{"async_rejections":0,"async_results":0,"buffered_results":0,"item_updates":1,"joined":true,"last_error_code":"","messages_received":31298,"messages_sent":43251,"pending_blocking":0,"snapshot_updates":31253},"event":"CLIENT_HEALTH","player":"b","process_id":4048,"time_msec":1581024}
[m7_client] {"details":{"async_rejections":0,"async_results":0,"buffered_results":0,"item_updates":1,"joined":true,"last_error_code":"","messages_received":31338,"messages_sent":43308,"pending_blocking":0,"snapshot_updates":31293},"event":"CLIENT_HEALTH","player":"b","process_id":4048,"time_msec":1583031}
[m7_client] {"details":{"async_rejections":0,"async_results":0,"buffered_results":0,"item_updates":1,"joined":true,"last_error_code":"","messages_received":31378,"messages_sent":43364,"pending_blocking":0,"snapshot_updates":31333},"event":"CLIENT_HEALTH","player":"b","process_id":4048,"time_msec":1585035}
[m7_client] {"details":{"async_rejections":0,"async_results":0,"buffered_results":0,"item_updates":1,"joined":true,"last_error_code":"","messages_received":31418,"messages_sent":43421,"pending_blocking":0,"snapshot_updates":31373},"event":"CLIENT_HEALTH","player":"b","process_id":4048,"time_msec":1587035}
[m7_client] {"details":{"async_rejections":0,"async_results":0,"buffered_results":0,"item_updates":1,"joined":true,"last_error_code":"","messages_received":31458,"messages_sent":43478,"pending_blocking":0,"snapshot_updates":31413},"event":"CLIENT_HEALTH","player":"b","process_id":4048,"time_msec":1589037}
[m7_client] {"details":{"async_rejections":0,"async_results":0,"buffered_results":0,"item_updates":1,"joined":true,"last_error_code":"","messages_received":31498,"messages_sent":43535,"pending_blocking":0,"snapshot_updates":31453},"event":"CLIENT_HEALTH","player":"b","process_id":4048,"time_msec":1591043}
[m7_client] {"details":{"async_rejections":0,"async_results":0,"buffered_results":0,"item_updates":1,"joined":true,"last_error_code":"","messages_received":31538,"messages_sent":43591,"pending_blocking":0,"snapshot_updates":31493},"event":"CLIENT_HEALTH","player":"b","process_id":4048,"time_msec":1593047}
[m7_client] {"details":{"async_rejections":0,"async_results":0,"buffered_results":0,"item_updates":1,"joined":true,"last_error_code":"","messages_received":31578,"messages_sent":43648,"pending_blocking":0,"snapshot_updates":31533},"event":"CLIENT_HEALTH","player":"b","process_id":4048,"time_msec":1595047}
[m7_client] {"details":{"async_rejections":0,"async_results":0,"buffered_results":0,"item_updates":1,"joined":true,"last_error_code":"","messages_received":31619,"messages_sent":43704,"pending_blocking":0,"snapshot_updates":31574},"event":"CLIENT_HEALTH","player":"b","process_id":4048,"time_msec":1597055}
[m7_client] {"details":{"async_rejections":0,"async_results":0,"buffered_results":0,"item_updates":1,"joined":true,"last_error_code":"","messages_received":31659,"messages_sent":43761,"pending_blocking":0,"snapshot_updates":31614},"event":"CLIENT_HEALTH","player":"b","process_id":4048,"time_msec":1599062}
[m7_client] {"details":{"async_rejections":0,"async_results":0,"buffered_results":0,"item_updates":1,"joined":true,"last_error_code":"","messages_received":31699,"messages_sent":43818,"pending_blocking":0,"snapshot_updates":31654},"event":"CLIENT_HEALTH","player":"b","process_id":4048,"time_msec":1601064}
[m7_client] {"details":{"async_rejections":0,"async_results":0,"buffered_results":0,"item_updates":1,"joined":true,"last_error_code":"","messages_received":31739,"messages_sent":43875,"pending_blocking":0,"snapshot_updates":31694},"event":"CLIENT_HEALTH","player":"b","process_id":4048,"time_msec":1603066}
[m7_client] {"details":{"async_rejections":0,"async_results":0,"buffered_results":0,"item_updates":1,"joined":true,"last_error_code":"","messages_received":31779,"messages_sent":43931,"pending_blocking":0,"snapshot_updates":31734},"event":"CLIENT_HEALTH","player":"b","process_id":4048,"time_msec":1605070}
[m7_client] {"details":{"async_rejections":0,"async_results":0,"buffered_results":0,"item_updates":1,"joined":true,"last_error_code":"","messages_received":31819,"messages_sent":43988,"pending_blocking":0,"snapshot_updates":31774},"event":"CLIENT_HEALTH","player":"b","process_id":4048,"time_msec":1607073}
[m7_client] {"details":{"async_rejections":0,"async_results":0,"buffered_results":0,"item_updates":1,"joined":true,"last_error_code":"","messages_received":31859,"messages_sent":44045,"pending_blocking":0,"snapshot_updates":31814},"event":"CLIENT_HEALTH","player":"b","process_id":4048,"time_msec":1609078}
[m7_client] {"details":{"async_rejections":0,"async_results":0,"buffered_results":0,"item_updates":1,"joined":true,"last_error_code":"","messages_received":31899,"messages_sent":44101,"pending_blocking":0,"snapshot_updates":31854},"event":"CLIENT_HEALTH","player":"b","process_id":4048,"time_msec":1611082}
[m7_client] {"details":{"async_rejections":0,"async_results":0,"buffered_results":0,"item_updates":1,"joined":true,"last_error_code":"","messages_received":31939,"messages_sent":44157,"pending_blocking":0,"snapshot_updates":31894},"event":"CLIENT_HEALTH","player":"b","process_id":4048,"time_msec":1613082}
[m7_client] {"details":{"async_rejections":0,"async_results":0,"buffered_results":0,"item_updates":1,"joined":true,"last_error_code":"","messages_received":31979,"messages_sent":44214,"pending_blocking":0,"snapshot_updates":31934},"event":"CLIENT_HEALTH","player":"b","process_id":4048,"time_msec":1615082}
[m7_client] {"details":{"async_rejections":0,"async_results":0,"buffered_results":0,"item_updates":1,"joined":true,"last_error_code":"","messages_received":32019,"messages_sent":44271,"pending_blocking":0,"snapshot_updates":31974},"event":"CLIENT_HEALTH","player":"b","process_id":4048,"time_msec":1617088}
[m7_client] {"details":{"async_rejections":0,"async_results":0,"buffered_results":0,"item_updates":1,"joined":true,"last_error_code":"","messages_received":32059,"messages_sent":44328,"pending_blocking":0,"snapshot_updates":32014},"event":"CLIENT_HEALTH","player":"b","process_id":4048,"time_msec":1619089}
[m7_client] {"details":{"async_rejections":0,"async_results":0,"buffered_results":0,"item_updates":1,"joined":true,"last_error_code":"","messages_received":32099,"messages_sent":44384,"pending_blocking":0,"snapshot_updates":32054},"event":"CLIENT_HEALTH","player":"b","process_id":4048,"time_msec":1621093}
[m7_client] {"details":{"async_rejections":0,"async_results":0,"buffered_results":0,"item_updates":1,"joined":true,"last_error_code":"","messages_received":32139,"messages_sent":44441,"pending_blocking":0,"snapshot_updates":32094},"event":"CLIENT_HEALTH","player":"b","process_id":4048,"time_msec":1623093}
[m7_client] {"details":{"async_rejections":0,"async_results":0,"buffered_results":0,"item_updates":1,"joined":true,"last_error_code":"","messages_received":32179,"messages_sent":44497,"pending_blocking":0,"snapshot_updates":32134},"event":"CLIENT_HEALTH","player":"b","process_id":4048,"time_msec":1625093}
[m7_client] {"details":{"async_rejections":0,"async_results":0,"buffered_results":0,"item_updates":1,"joined":true,"last_error_code":"","messages_received":32219,"messages_sent":44554,"pending_blocking":0,"snapshot_updates":32174},"event":"CLIENT_HEALTH","player":"b","process_id":4048,"time_msec":1627095}
[m7_client] {"details":{"async_rejections":0,"async_results":0,"buffered_results":0,"item_updates":1,"joined":true,"last_error_code":"","messages_received":32259,"messages_sent":44611,"pending_blocking":0,"snapshot_updates":32214},"event":"CLIENT_HEALTH","player":"b","process_id":4048,"time_msec":1629099}
[m7_client] {"details":{"async_rejections":0,"async_results":0,"buffered_results":0,"item_updates":1,"joined":true,"last_error_code":"","messages_received":32300,"messages_sent":44668,"pending_blocking":0,"snapshot_updates":32255},"event":"CLIENT_HEALTH","player":"b","process_id":4048,"time_msec":1631109}
[m7_client] {"details":{"async_rejections":0,"async_results":0,"buffered_results":0,"item_updates":1,"joined":true,"last_error_code":"","messages_received":32340,"messages_sent":44724,"pending_blocking":0,"snapshot_updates":32295},"event":"CLIENT_HEALTH","player":"b","process_id":4048,"time_msec":1633114}
[m7_client] {"details":{"async_rejections":0,"async_results":0,"buffered_results":0,"item_updates":1,"joined":true,"last_error_code":"","messages_received":32380,"messages_sent":44780,"pending_blocking":0,"snapshot_updates":32335},"event":"CLIENT_HEALTH","player":"b","process_id":4048,"time_msec":1635118}
[m7_client] {"details":{"async_rejections":0,"async_results":0,"buffered_results":0,"item_updates":1,"joined":true,"last_error_code":"","messages_received":32420,"messages_sent":44836,"pending_blocking":0,"snapshot_updates":32375},"event":"CLIENT_HEALTH","player":"b","process_id":4048,"time_msec":1637122}
[m7_client] {"details":{"async_rejections":0,"async_results":0,"buffered_results":0,"item_updates":1,"joined":true,"last_error_code":"","messages_received":32460,"messages_sent":44892,"pending_blocking":0,"snapshot_updates":32415},"event":"CLIENT_HEALTH","player":"b","process_id":4048,"time_msec":1639122}
[m7_client] {"details":{"async_rejections":0,"async_results":0,"buffered_results":0,"item_updates":1,"joined":true,"last_error_code":"","messages_received":32500,"messages_sent":44949,"pending_blocking":0,"snapshot_updates":32455},"event":"CLIENT_HEALTH","player":"b","process_id":4048,"time_msec":1641122}
[m7_client] {"details":{"async_rejections":0,"async_results":0,"buffered_results":0,"item_updates":1,"joined":true,"last_error_code":"","messages_received":32540,"messages_sent":45006,"pending_blocking":0,"snapshot_updates":32495},"event":"CLIENT_HEALTH","player":"b","process_id":4048,"time_msec":1643122}
[m7_client] {"details":{"async_rejections":0,"async_results":0,"buffered_results":0,"item_updates":1,"joined":true,"last_error_code":"","messages_received":32580,"messages_sent":45063,"pending_blocking":0,"snapshot_updates":32535},"event":"CLIENT_HEALTH","player":"b","process_id":4048,"time_msec":1645123}
[m7_client] {"details":{"async_rejections":0,"async_results":0,"buffered_results":0,"item_updates":1,"joined":true,"last_error_code":"","messages_received":32620,"messages_sent":45119,"pending_blocking":0,"snapshot_updates":32575},"event":"CLIENT_HEALTH","player":"b","process_id":4048,"time_msec":1647128}
[m7_client] {"details":{"async_rejections":0,"async_results":0,"buffered_results":0,"item_updates":1,"joined":true,"last_error_code":"","messages_received":32660,"messages_sent":45176,"pending_blocking":0,"snapshot_updates":32615},"event":"CLIENT_HEALTH","player":"b","process_id":4048,"time_msec":1649128}
[m7_client] {"details":{"async_rejections":0,"async_results":0,"buffered_results":0,"item_updates":1,"joined":true,"last_error_code":"","messages_received":32700,"messages_sent":45232,"pending_blocking":0,"snapshot_updates":32655},"event":"CLIENT_HEALTH","player":"b","process_id":4048,"time_msec":1651133}
[m7_client] {"details":{"async_rejections":0,"async_results":0,"buffered_results":0,"item_updates":1,"joined":true,"last_error_code":"","messages_received":32740,"messages_sent":45289,"pending_blocking":0,"snapshot_updates":32695},"event":"CLIENT_HEALTH","player":"b","process_id":4048,"time_msec":1653133}
[m7_client] {"details":{"async_rejections":0,"async_results":0,"buffered_results":0,"item_updates":1,"joined":true,"last_error_code":"","messages_received":32780,"messages_sent":45346,"pending_blocking":0,"snapshot_updates":32735},"event":"CLIENT_HEALTH","player":"b","process_id":4048,"time_msec":1655133}
[m7_client] {"details":{"async_rejections":0,"async_results":0,"buffered_results":0,"item_updates":1,"joined":true,"last_error_code":"","messages_received":32820,"messages_sent":45402,"pending_blocking":0,"snapshot_updates":32775},"event":"CLIENT_HEALTH","player":"b","process_id":4048,"time_msec":1657133}
[m7_client] {"details":{"async_rejections":0,"async_results":0,"buffered_results":0,"item_updates":1,"joined":true,"last_error_code":"","messages_received":32860,"messages_sent":45459,"pending_blocking":0,"snapshot_updates":32815},"event":"CLIENT_HEALTH","player":"b","process_id":4048,"time_msec":1659133}
[m7_client] {"details":{"async_rejections":0,"async_results":0,"buffered_results":0,"item_updates":1,"joined":true,"last_error_code":"","messages_received":32900,"messages_sent":45516,"pending_blocking":0,"snapshot_updates":32855},"event":"CLIENT_HEALTH","player":"b","process_id":4048,"time_msec":1661135}
[m7_client] {"details":{"async_rejections":0,"async_results":0,"buffered_results":0,"item_updates":1,"joined":true,"last_error_code":"","messages_received":32940,"messages_sent":45572,"pending_blocking":0,"snapshot_updates":32895},"event":"CLIENT_HEALTH","player":"b","process_id":4048,"time_msec":1663139}
[m7_client] {"details":{"async_rejections":0,"async_results":0,"buffered_results":0,"item_updates":1,"joined":true,"last_error_code":"","messages_received":32980,"messages_sent":45629,"pending_blocking":0,"snapshot_updates":32935},"event":"CLIENT_HEALTH","player":"b","process_id":4048,"time_msec":1665146}
[m7_client] {"details":{"async_rejections":0,"async_results":0,"buffered_results":0,"item_updates":1,"joined":true,"last_error_code":"","messages_received":33020,"messages_sent":45685,"pending_blocking":0,"snapshot_updates":32975},"event":"CLIENT_HEALTH","player":"b","process_id":4048,"time_msec":1667150}
[m7_client] {"details":{"async_rejections":0,"async_results":0,"buffered_results":0,"item_updates":1,"joined":true,"last_error_code":"","messages_received":33060,"messages_sent":45741,"pending_blocking":0,"snapshot_updates":33015},"event":"CLIENT_HEALTH","player":"b","process_id":4048,"time_msec":1669150}
[m7_client] {"details":{"async_rejections":0,"async_results":0,"buffered_results":0,"item_updates":1,"joined":true,"last_error_code":"","messages_received":33100,"messages_sent":45798,"pending_blocking":0,"snapshot_updates":33055},"event":"CLIENT_HEALTH","player":"b","process_id":4048,"time_msec":1671150}
[m7_client] {"details":{"async_rejections":0,"async_results":0,"buffered_results":0,"item_updates":1,"joined":true,"last_error_code":"","messages_received":33140,"messages_sent":45854,"pending_blocking":0,"snapshot_updates":33095},"event":"CLIENT_HEALTH","player":"b","process_id":4048,"time_msec":1673150}
[m7_client] {"details":{"async_rejections":0,"async_results":0,"buffered_results":0,"item_updates":1,"joined":true,"last_error_code":"","messages_received":33181,"messages_sent":45911,"pending_blocking":0,"snapshot_updates":33136},"event":"CLIENT_HEALTH","player":"b","process_id":4048,"time_msec":1675154}
[m7_client] {"details":{"async_rejections":0,"async_results":0,"buffered_results":0,"item_updates":1,"joined":true,"last_error_code":"","messages_received":33221,"messages_sent":45967,"pending_blocking":0,"snapshot_updates":33176},"event":"CLIENT_HEALTH","player":"b","process_id":4048,"time_msec":1677159}
[m7_client] {"details":{"async_rejections":0,"async_results":0,"buffered_results":0,"item_updates":1,"joined":true,"last_error_code":"","messages_received":33261,"messages_sent":46024,"pending_blocking":0,"snapshot_updates":33216},"event":"CLIENT_HEALTH","player":"b","process_id":4048,"time_msec":1679163}
[m7_client] {"details":{"async_rejections":0,"async_results":0,"buffered_results":0,"item_updates":1,"joined":true,"last_error_code":"","messages_received":33301,"messages_sent":46081,"pending_blocking":0,"snapshot_updates":33256},"event":"CLIENT_HEALTH","player":"b","process_id":4048,"time_msec":1681169}
[m7_client] {"details":{"async_rejections":0,"async_results":0,"buffered_results":0,"item_updates":1,"joined":true,"last_error_code":"","messages_received":33341,"messages_sent":46137,"pending_blocking":0,"snapshot_updates":33296},"event":"CLIENT_HEALTH","player":"b","process_id":4048,"time_msec":1683174}
[m7_client] {"details":{"async_rejections":0,"async_results":0,"buffered_results":0,"item_updates":1,"joined":true,"last_error_code":"","messages_received":33381,"messages_sent":46194,"pending_blocking":0,"snapshot_updates":33336},"event":"CLIENT_HEALTH","player":"b","process_id":4048,"time_msec":1685179}
[m7_client] {"details":{"async_rejections":0,"async_results":0,"buffered_results":0,"item_updates":1,"joined":true,"last_error_code":"","messages_received":33421,"messages_sent":46251,"pending_blocking":0,"snapshot_updates":33376},"event":"CLIENT_HEALTH","player":"b","process_id":4048,"time_msec":1687185}
[m7_client] {"details":{"async_rejections":0,"async_results":0,"buffered_results":0,"item_updates":1,"joined":true,"last_error_code":"","messages_received":33461,"messages_sent":46307,"pending_blocking":0,"snapshot_updates":33416},"event":"CLIENT_HEALTH","player":"b","process_id":4048,"time_msec":1689185}
[m7_client] {"details":{"async_rejections":0,"async_results":0,"buffered_results":0,"item_updates":1,"joined":true,"last_error_code":"","messages_received":33501,"messages_sent":46364,"pending_blocking":0,"snapshot_updates":33456},"event":"CLIENT_HEALTH","player":"b","process_id":4048,"time_msec":1691185}
[m7_client] {"details":{"async_rejections":0,"async_results":0,"buffered_results":0,"item_updates":1,"joined":true,"last_error_code":"","messages_received":33541,"messages_sent":46420,"pending_blocking":0,"snapshot_updates":33496},"event":"CLIENT_HEALTH","player":"b","process_id":4048,"time_msec":1693185}
[m7_client] {"details":{"async_rejections":0,"async_results":0,"buffered_results":0,"item_updates":1,"joined":true,"last_error_code":"","messages_received":33581,"messages_sent":46477,"pending_blocking":0,"snapshot_updates":33536},"event":"CLIENT_HEALTH","player":"b","process_id":4048,"time_msec":1695185}
[m7_client] {"details":{"async_rejections":0,"async_results":0,"buffered_results":0,"item_updates":1,"joined":true,"last_error_code":"","messages_received":33621,"messages_sent":46534,"pending_blocking":0,"snapshot_updates":33576},"event":"CLIENT_HEALTH","player":"b","process_id":4048,"time_msec":1697186}
[m7_client] {"details":{"async_rejections":0,"async_results":0,"buffered_results":0,"item_updates":1,"joined":true,"last_error_code":"","messages_received":33661,"messages_sent":46590,"pending_blocking":0,"snapshot_updates":33616},"event":"CLIENT_HEALTH","player":"b","process_id":4048,"time_msec":1699190}
[m7_client] {"details":{"async_rejections":0,"async_results":0,"buffered_results":0,"item_updates":1,"joined":true,"last_error_code":"","messages_received":33701,"messages_sent":46647,"pending_blocking":0,"snapshot_updates":33656},"event":"CLIENT_HEALTH","player":"b","process_id":4048,"time_msec":1701192}
[m7_client] {"details":{"async_rejections":0,"async_results":0,"buffered_results":0,"item_updates":1,"joined":true,"last_error_code":"","messages_received":33741,"messages_sent":46703,"pending_blocking":0,"snapshot_updates":33696},"event":"CLIENT_HEALTH","player":"b","process_id":4048,"time_msec":1703196}
[m7_client] {"details":{"async_rejections":0,"async_results":0,"buffered_results":0,"item_updates":1,"joined":true,"last_error_code":"","messages_received":33781,"messages_sent":46760,"pending_blocking":0,"snapshot_updates":33736},"event":"CLIENT_HEALTH","player":"b","process_id":4048,"time_msec":1705196}
[m7_client] {"details":{"async_rejections":0,"async_results":0,"buffered_results":0,"item_updates":1,"joined":true,"last_error_code":"","messages_received":33821,"messages_sent":46816,"pending_blocking":0,"snapshot_updates":33776},"event":"CLIENT_HEALTH","player":"b","process_id":4048,"time_msec":1707196}
[m7_client] {"details":{"async_rejections":0,"async_results":0,"buffered_results":0,"item_updates":1,"joined":true,"last_error_code":"","messages_received":33861,"messages_sent":46872,"pending_blocking":0,"snapshot_updates":33816},"event":"CLIENT_HEALTH","player":"b","process_id":4048,"time_msec":1709196}
[m7_client] {"details":{"async_rejections":0,"async_results":0,"buffered_results":0,"item_updates":1,"joined":true,"last_error_code":"","messages_received":33901,"messages_sent":46928,"pending_blocking":0,"snapshot_updates":33856},"event":"CLIENT_HEALTH","player":"b","process_id":4048,"time_msec":1711196}
[m7_client] {"details":{"async_rejections":0,"async_results":0,"buffered_results":0,"item_updates":1,"joined":true,"last_error_code":"","messages_received":33941,"messages_sent":46985,"pending_blocking":0,"snapshot_updates":33896},"event":"CLIENT_HEALTH","player":"b","process_id":4048,"time_msec":1713201}
[m7_client] {"details":{"async_rejections":0,"async_results":0,"buffered_results":0,"item_updates":1,"joined":true,"last_error_code":"","messages_received":33981,"messages_sent":47042,"pending_blocking":0,"snapshot_updates":33936},"event":"CLIENT_HEALTH","player":"b","process_id":4048,"time_msec":1715203}
[m7_client] {"details":{"async_rejections":0,"async_results":0,"buffered_results":0,"item_updates":1,"joined":true,"last_error_code":"","messages_received":34022,"messages_sent":47098,"pending_blocking":0,"snapshot_updates":33977},"event":"CLIENT_HEALTH","player":"b","process_id":4048,"time_msec":1717210}
[m7_client] {"details":{"async_rejections":0,"async_results":0,"buffered_results":0,"item_updates":1,"joined":true,"last_error_code":"","messages_received":34062,"messages_sent":47154,"pending_blocking":0,"snapshot_updates":34017},"event":"CLIENT_HEALTH","player":"b","process_id":4048,"time_msec":1719216}
[m7_client] {"details":{"async_rejections":0,"async_results":0,"buffered_results":0,"item_updates":1,"joined":true,"last_error_code":"","messages_received":34102,"messages_sent":47211,"pending_blocking":0,"snapshot_updates":34057},"event":"CLIENT_HEALTH","player":"b","process_id":4048,"time_msec":1721216}
[m7_client] {"details":{"async_rejections":0,"async_results":0,"buffered_results":0,"item_updates":1,"joined":true,"last_error_code":"","messages_received":34142,"messages_sent":47268,"pending_blocking":0,"snapshot_updates":34097},"event":"CLIENT_HEALTH","player":"b","process_id":4048,"time_msec":1723216}
[m7_client] {"details":{"async_rejections":0,"async_results":0,"buffered_results":0,"item_updates":1,"joined":true,"last_error_code":"","messages_received":34182,"messages_sent":47324,"pending_blocking":0,"snapshot_updates":34137},"event":"CLIENT_HEALTH","player":"b","process_id":4048,"time_msec":1725219}
[m7_client] {"details":{"async_rejections":0,"async_results":0,"buffered_results":0,"item_updates":1,"joined":true,"last_error_code":"","messages_received":34222,"messages_sent":47380,"pending_blocking":0,"snapshot_updates":34177},"event":"CLIENT_HEALTH","player":"b","process_id":4048,"time_msec":1727219}
[m7_client] {"details":{"async_rejections":0,"async_results":0,"buffered_results":0,"item_updates":1,"joined":true,"last_error_code":"","messages_received":34262,"messages_sent":47437,"pending_blocking":0,"snapshot_updates":34217},"event":"CLIENT_HEALTH","player":"b","process_id":4048,"time_msec":1729224}
[m7_client] {"details":{"async_rejections":0,"async_results":0,"buffered_results":0,"item_updates":1,"joined":true,"last_error_code":"","messages_received":34302,"messages_sent":47494,"pending_blocking":0,"snapshot_updates":34257},"event":"CLIENT_HEALTH","player":"b","process_id":4048,"time_msec":1731226}
[m7_client] {"details":{"async_rejections":0,"async_results":0,"buffered_results":0,"item_updates":1,"joined":true,"last_error_code":"","messages_received":34342,"messages_sent":47551,"pending_blocking":0,"snapshot_updates":34297},"event":"CLIENT_HEALTH","player":"b","process_id":4048,"time_msec":1733232}
[m7_client] {"details":{"async_rejections":0,"async_results":0,"buffered_results":0,"item_updates":1,"joined":true,"last_error_code":"","messages_received":34382,"messages_sent":47607,"pending_blocking":0,"snapshot_updates":34337},"event":"CLIENT_HEALTH","player":"b","process_id":4048,"time_msec":1735236}
[m7_client] {"details":{"async_rejections":0,"async_results":0,"buffered_results":0,"item_updates":1,"joined":true,"last_error_code":"","messages_received":34422,"messages_sent":47664,"pending_blocking":0,"snapshot_updates":34377},"event":"CLIENT_HEALTH","player":"b","process_id":4048,"time_msec":1737236}
[m7_client] {"details":{"async_rejections":0,"async_results":0,"buffered_results":0,"item_updates":1,"joined":true,"last_error_code":"","messages_received":34462,"messages_sent":47721,"pending_blocking":0,"snapshot_updates":34417},"event":"CLIENT_HEALTH","player":"b","process_id":4048,"time_msec":1739236}
[m7_client] {"details":{"async_rejections":0,"async_results":0,"buffered_results":0,"item_updates":1,"joined":true,"last_error_code":"","messages_received":34502,"messages_sent":47777,"pending_blocking":0,"snapshot_updates":34457},"event":"CLIENT_HEALTH","player":"b","process_id":4048,"time_msec":1741236}
[m7_client] {"details":{"async_rejections":0,"async_results":0,"buffered_results":0,"item_updates":1,"joined":true,"last_error_code":"","messages_received":34542,"messages_sent":47834,"pending_blocking":0,"snapshot_updates":34497},"event":"CLIENT_HEALTH","player":"b","process_id":4048,"time_msec":1743236}
[m7_client] {"details":{"async_rejections":0,"async_results":0,"buffered_results":0,"item_updates":1,"joined":true,"last_error_code":"","messages_received":34582,"messages_sent":47891,"pending_blocking":0,"snapshot_updates":34537},"event":"CLIENT_HEALTH","player":"b","process_id":4048,"time_msec":1745241}
[m7_client] {"details":{"async_rejections":0,"async_results":0,"buffered_results":0,"item_updates":1,"joined":true,"last_error_code":"","messages_received":34622,"messages_sent":47948,"pending_blocking":0,"snapshot_updates":34577},"event":"CLIENT_HEALTH","player":"b","process_id":4048,"time_msec":1747243}
[m7_client] {"details":{"async_rejections":0,"async_results":0,"buffered_results":0,"item_updates":1,"joined":true,"last_error_code":"","messages_received":34662,"messages_sent":48005,"pending_blocking":0,"snapshot_updates":34617},"event":"CLIENT_HEALTH","player":"b","process_id":4048,"time_msec":1749249}
[m7_client] {"details":{"async_rejections":0,"async_results":0,"buffered_results":0,"item_updates":1,"joined":true,"last_error_code":"","messages_received":34702,"messages_sent":48061,"pending_blocking":0,"snapshot_updates":34657},"event":"CLIENT_HEALTH","player":"b","process_id":4048,"time_msec":1751253}
[m7_client] {"details":{"async_rejections":0,"async_results":0,"buffered_results":0,"item_updates":1,"joined":true,"last_error_code":"","messages_received":34742,"messages_sent":48118,"pending_blocking":0,"snapshot_updates":34697},"event":"CLIENT_HEALTH","player":"b","process_id":4048,"time_msec":1753253}
[m7_client] {"details":{"async_rejections":0,"async_results":0,"buffered_results":0,"item_updates":1,"joined":true,"last_error_code":"","messages_received":34783,"messages_sent":48174,"pending_blocking":0,"snapshot_updates":34738},"event":"CLIENT_HEALTH","player":"b","process_id":4048,"time_msec":1755255}
[m7_client] {"details":{"async_rejections":0,"async_results":0,"buffered_results":0,"item_updates":1,"joined":true,"last_error_code":"","messages_received":34823,"messages_sent":48231,"pending_blocking":0,"snapshot_updates":34778},"event":"CLIENT_HEALTH","player":"b","process_id":4048,"time_msec":1757257}
[m7_client] {"details":{"async_rejections":0,"async_results":0,"buffered_results":0,"item_updates":1,"joined":true,"last_error_code":"","messages_received":34863,"messages_sent":48287,"pending_blocking":0,"snapshot_updates":34818},"event":"CLIENT_HEALTH","player":"b","process_id":4048,"time_msec":1759261}
[m7_client] {"details":{"async_rejections":0,"async_results":0,"buffered_results":0,"item_updates":1,"joined":true,"last_error_code":"","messages_received":34903,"messages_sent":48343,"pending_blocking":0,"snapshot_updates":34858},"event":"CLIENT_HEALTH","player":"b","process_id":4048,"time_msec":1761261}
[m7_client] {"details":{"async_rejections":0,"async_results":0,"buffered_results":0,"item_updates":1,"joined":true,"last_error_code":"","messages_received":34943,"messages_sent":48400,"pending_blocking":0,"snapshot_updates":34898},"event":"CLIENT_HEALTH","player":"b","process_id":4048,"time_msec":1763261}
[m7_client] {"details":{"async_rejections":0,"async_results":0,"buffered_results":0,"item_updates":1,"joined":true,"last_error_code":"","messages_received":34983,"messages_sent":48456,"pending_blocking":0,"snapshot_updates":34938},"event":"CLIENT_HEALTH","player":"b","process_id":4048,"time_msec":1765261}
[m7_client] {"details":{"async_rejections":0,"async_results":0,"buffered_results":0,"item_updates":1,"joined":true,"last_error_code":"","messages_received":35023,"messages_sent":48513,"pending_blocking":0,"snapshot_updates":34978},"event":"CLIENT_HEALTH","player":"b","process_id":4048,"time_msec":1767261}
[m7_client] {"details":{"async_rejections":0,"async_results":0,"buffered_results":0,"item_updates":1,"joined":true,"last_error_code":"","messages_received":35063,"messages_sent":48570,"pending_blocking":0,"snapshot_updates":35018},"event":"CLIENT_HEALTH","player":"b","process_id":4048,"time_msec":1769265}
[m7_client] {"details":{"async_rejections":0,"async_results":0,"buffered_results":0,"item_updates":1,"joined":true,"last_error_code":"","messages_received":35103,"messages_sent":48626,"pending_blocking":0,"snapshot_updates":35058},"event":"CLIENT_HEALTH","player":"b","process_id":4048,"time_msec":1771270}
[m7_client] {"details":{"async_rejections":0,"async_results":0,"buffered_results":0,"item_updates":1,"joined":true,"last_error_code":"","messages_received":35143,"messages_sent":48683,"pending_blocking":0,"snapshot_updates":35098},"event":"CLIENT_HEALTH","player":"b","process_id":4048,"time_msec":1773270}
[m7_client] {"details":{"async_rejections":0,"async_results":0,"buffered_results":0,"item_updates":1,"joined":true,"last_error_code":"","messages_received":35183,"messages_sent":48740,"pending_blocking":0,"snapshot_updates":35138},"event":"CLIENT_HEALTH","player":"b","process_id":4048,"time_msec":1775277}
[m7_client] {"details":{"async_rejections":0,"async_results":0,"buffered_results":0,"item_updates":1,"joined":true,"last_error_code":"","messages_received":35223,"messages_sent":48796,"pending_blocking":0,"snapshot_updates":35178},"event":"CLIENT_HEALTH","player":"b","process_id":4048,"time_msec":1777282}
[m7_client] {"details":{"async_rejections":0,"async_results":0,"buffered_results":0,"item_updates":1,"joined":true,"last_error_code":"","messages_received":35263,"messages_sent":48852,"pending_blocking":0,"snapshot_updates":35218},"event":"CLIENT_HEALTH","player":"b","process_id":4048,"time_msec":1779287}
[m7_client] {"details":{"async_rejections":0,"async_results":0,"buffered_results":0,"item_updates":1,"joined":true,"last_error_code":"","messages_received":35303,"messages_sent":48909,"pending_blocking":0,"snapshot_updates":35258},"event":"CLIENT_HEALTH","player":"b","process_id":4048,"time_msec":1781287}
[m7_client] {"details":{"async_rejections":0,"async_results":0,"buffered_results":0,"item_updates":1,"joined":true,"last_error_code":"","messages_received":35343,"messages_sent":48965,"pending_blocking":0,"snapshot_updates":35298},"event":"CLIENT_HEALTH","player":"b","process_id":4048,"time_msec":1783287}
[m7_client] {"details":{"async_rejections":0,"async_results":0,"buffered_results":0,"item_updates":1,"joined":true,"last_error_code":"","messages_received":35383,"messages_sent":49022,"pending_blocking":0,"snapshot_updates":35338},"event":"CLIENT_HEALTH","player":"b","process_id":4048,"time_msec":1785287}
[m7_client] {"details":{"async_rejections":0,"async_results":0,"buffered_results":0,"item_updates":1,"joined":true,"last_error_code":"","messages_received":35423,"messages_sent":49079,"pending_blocking":0,"snapshot_updates":35378},"event":"CLIENT_HEALTH","player":"b","process_id":4048,"time_msec":1787288}
[m7_client] {"details":{"async_rejections":0,"async_results":0,"buffered_results":0,"item_updates":1,"joined":true,"last_error_code":"","messages_received":35463,"messages_sent":49136,"pending_blocking":0,"snapshot_updates":35418},"event":"CLIENT_HEALTH","player":"b","process_id":4048,"time_msec":1789294}
[m7_client] {"details":{"async_rejections":0,"async_results":0,"buffered_results":0,"item_updates":1,"joined":true,"last_error_code":"","messages_received":35503,"messages_sent":49192,"pending_blocking":0,"snapshot_updates":35458},"event":"CLIENT_HEALTH","player":"b","process_id":4048,"time_msec":1791299}
[m7_client] {"details":{"async_rejections":0,"async_results":0,"buffered_results":0,"item_updates":1,"joined":true,"last_error_code":"","messages_received":35543,"messages_sent":49249,"pending_blocking":0,"snapshot_updates":35498},"event":"CLIENT_HEALTH","player":"b","process_id":4048,"time_msec":1793304}
[m7_client] {"details":{"async_rejections":0,"async_results":0,"buffered_results":0,"item_updates":1,"joined":true,"last_error_code":"","messages_received":35583,"messages_sent":49306,"pending_blocking":0,"snapshot_updates":35538},"event":"CLIENT_HEALTH","player":"b","process_id":4048,"time_msec":1795304}
[m7_client] {"details":{"async_rejections":0,"async_results":0,"buffered_results":0,"item_updates":1,"joined":true,"last_error_code":"","messages_received":35624,"messages_sent":49363,"pending_blocking":0,"snapshot_updates":35579},"event":"CLIENT_HEALTH","player":"b","process_id":4048,"time_msec":1797308}
[m7_client] {"details":{"async_rejections":0,"async_results":0,"buffered_results":0,"item_updates":1,"joined":true,"last_error_code":"","messages_received":35664,"messages_sent":49419,"pending_blocking":0,"snapshot_updates":35619},"event":"CLIENT_HEALTH","player":"b","process_id":4048,"time_msec":1799310}
[m7_client] {"details":{"async_rejections":0,"async_results":0,"buffered_results":0,"item_updates":1,"joined":true,"last_error_code":"","messages_received":35704,"messages_sent":49476,"pending_blocking":0,"snapshot_updates":35659},"event":"CLIENT_HEALTH","player":"b","process_id":4048,"time_msec":1801313}
[m7_client] {"details":{"async_rejections":0,"async_results":0,"buffered_results":0,"item_updates":1,"joined":true,"last_error_code":"","messages_received":35744,"messages_sent":49532,"pending_blocking":0,"snapshot_updates":35699},"event":"CLIENT_HEALTH","player":"b","process_id":4048,"time_msec":1803313}
[m7_client] {"details":{"async_rejections":0,"async_results":0,"buffered_results":0,"item_updates":1,"joined":true,"last_error_code":"","messages_received":35784,"messages_sent":49589,"pending_blocking":0,"snapshot_updates":35739},"event":"CLIENT_HEALTH","player":"b","process_id":4048,"time_msec":1805313}
[m7_client] {"details":{"async_rejections":0,"async_results":0,"buffered_results":0,"item_updates":1,"joined":true,"last_error_code":"","messages_received":35824,"messages_sent":49646,"pending_blocking":0,"snapshot_updates":35779},"event":"CLIENT_HEALTH","player":"b","process_id":4048,"time_msec":1807314}
[m7_client] {"details":{"async_rejections":0,"async_results":0,"buffered_results":0,"item_updates":1,"joined":true,"last_error_code":"","messages_received":35864,"messages_sent":49702,"pending_blocking":0,"snapshot_updates":35819},"event":"CLIENT_HEALTH","player":"b","process_id":4048,"time_msec":1809315}
[m7_client] {"details":{"async_rejections":0,"async_results":0,"buffered_results":0,"item_updates":1,"joined":true,"last_error_code":"","messages_received":35904,"messages_sent":49759,"pending_blocking":0,"snapshot_updates":35859},"event":"CLIENT_HEALTH","player":"b","process_id":4048,"time_msec":1811315}
[m7_client] {"details":{"async_rejections":0,"async_results":0,"buffered_results":0,"item_updates":1,"joined":true,"last_error_code":"","messages_received":35944,"messages_sent":49816,"pending_blocking":0,"snapshot_updates":35899},"event":"CLIENT_HEALTH","player":"b","process_id":4048,"time_msec":1813315}
[m7_client] {"details":{"async_rejections":0,"async_results":0,"buffered_results":0,"item_updates":1,"joined":true,"last_error_code":"","messages_received":35984,"messages_sent":49872,"pending_blocking":0,"snapshot_updates":35939},"event":"CLIENT_HEALTH","player":"b","process_id":4048,"time_msec":1815315}
[m7_client] {"details":{"async_rejections":0,"async_results":0,"buffered_results":0,"item_updates":1,"joined":true,"last_error_code":"","messages_received":36024,"messages_sent":49929,"pending_blocking":0,"snapshot_updates":35979},"event":"CLIENT_HEALTH","player":"b","process_id":4048,"time_msec":1817316}
[m7_client] {"details":{"async_rejections":0,"async_results":0,"buffered_results":0,"item_updates":1,"joined":true,"last_error_code":"","messages_received":36064,"messages_sent":49986,"pending_blocking":0,"snapshot_updates":36019},"event":"CLIENT_HEALTH","player":"b","process_id":4048,"time_msec":1819322}
[m7_client] {"details":{"async_rejections":0,"async_results":0,"buffered_results":0,"item_updates":1,"joined":true,"last_error_code":"","messages_received":36104,"messages_sent":50042,"pending_blocking":0,"snapshot_updates":36059},"event":"CLIENT_HEALTH","player":"b","process_id":4048,"time_msec":1821326}
[m7_client] {"details":{"async_rejections":0,"async_results":0,"buffered_results":0,"item_updates":1,"joined":true,"last_error_code":"","messages_received":36144,"messages_sent":50099,"pending_blocking":0,"snapshot_updates":36099},"event":"CLIENT_HEALTH","player":"b","process_id":4048,"time_msec":1823326}
[m7_client] {"details":{"async_rejections":0,"async_results":0,"buffered_results":0,"item_updates":1,"joined":true,"last_error_code":"","messages_received":36184,"messages_sent":50155,"pending_blocking":0,"snapshot_updates":36139},"event":"CLIENT_HEALTH","player":"b","process_id":4048,"time_msec":1825326}
[m7_client] {"details":{"async_rejections":0,"async_results":0,"buffered_results":0,"item_updates":1,"joined":true,"last_error_code":"","messages_received":36224,"messages_sent":50211,"pending_blocking":0,"snapshot_updates":36179},"event":"CLIENT_HEALTH","player":"b","process_id":4048,"time_msec":1827326}
[m7_client] {"details":{"async_rejections":0,"async_results":0,"buffered_results":0,"item_updates":1,"joined":true,"last_error_code":"","messages_received":36264,"messages_sent":50268,"pending_blocking":0,"snapshot_updates":36219},"event":"CLIENT_HEALTH","player":"b","process_id":4048,"time_msec":1829326}
[m7_client] {"details":{"async_rejections":0,"async_results":0,"buffered_results":0,"item_updates":1,"joined":true,"last_error_code":"","messages_received":36304,"messages_sent":50324,"pending_blocking":0,"snapshot_updates":36259},"event":"CLIENT_HEALTH","player":"b","process_id":4048,"time_msec":1831326}
[m7_client] {"details":{"async_rejections":0,"async_results":0,"buffered_results":0,"item_updates":1,"joined":true,"last_error_code":"","messages_received":36344,"messages_sent":50381,"pending_blocking":0,"snapshot_updates":36299},"event":"CLIENT_HEALTH","player":"b","process_id":4048,"time_msec":1833326}
[m7_client] {"details":{"async_rejections":0,"async_results":0,"buffered_results":0,"item_updates":1,"joined":true,"last_error_code":"","messages_received":36384,"messages_sent":50438,"pending_blocking":0,"snapshot_updates":36339},"event":"CLIENT_HEALTH","player":"b","process_id":4048,"time_msec":1835328}
[m7_client] {"details":{"async_rejections":0,"async_results":0,"buffered_results":0,"item_updates":1,"joined":true,"last_error_code":"","messages_received":36424,"messages_sent":50494,"pending_blocking":0,"snapshot_updates":36379},"event":"CLIENT_HEALTH","player":"b","process_id":4048,"time_msec":1837332}
[m7_client] {"details":{"async_rejections":0,"async_results":0,"buffered_results":0,"item_updates":1,"joined":true,"last_error_code":"","messages_received":36464,"messages_sent":50551,"pending_blocking":0,"snapshot_updates":36419},"event":"CLIENT_HEALTH","player":"b","process_id":4048,"time_msec":1839337}
[m7_client] {"details":{"async_rejections":0,"async_results":0,"buffered_results":0,"item_updates":1,"joined":true,"last_error_code":"","messages_received":36504,"messages_sent":50607,"pending_blocking":0,"snapshot_updates":36459},"event":"CLIENT_HEALTH","player":"b","process_id":4048,"time_msec":1841337}
[m7_client] {"details":{"async_rejections":0,"async_results":0,"buffered_results":0,"item_updates":1,"joined":true,"last_error_code":"","messages_received":36544,"messages_sent":50664,"pending_blocking":0,"snapshot_updates":36499},"event":"CLIENT_HEALTH","player":"b","process_id":4048,"time_msec":1843337}
[m7_client] {"details":{"async_rejections":0,"async_results":0,"buffered_results":0,"item_updates":1,"joined":true,"last_error_code":"","messages_received":36584,"messages_sent":50720,"pending_blocking":0,"snapshot_updates":36539},"event":"CLIENT_HEALTH","player":"b","process_id":4048,"time_msec":1845337}
[m7_client] {"details":{"async_rejections":0,"async_results":0,"buffered_results":0,"item_updates":1,"joined":true,"last_error_code":"","messages_received":36624,"messages_sent":50777,"pending_blocking":0,"snapshot_updates":36579},"event":"CLIENT_HEALTH","player":"b","process_id":4048,"time_msec":1847337}
[m7_client] {"details":{"async_rejections":0,"async_results":0,"buffered_results":0,"item_updates":1,"joined":true,"last_error_code":"","messages_received":36664,"messages_sent":50834,"pending_blocking":0,"snapshot_updates":36619},"event":"CLIENT_HEALTH","player":"b","process_id":4048,"time_msec":1849337}
[m7_client] {"details":{"async_rejections":0,"async_results":0,"buffered_results":0,"item_updates":1,"joined":true,"last_error_code":"","messages_received":36704,"messages_sent":50891,"pending_blocking":0,"snapshot_updates":36659},"event":"CLIENT_HEALTH","player":"b","process_id":4048,"time_msec":1851338}
[m7_client] {"details":{"async_rejections":0,"async_results":0,"buffered_results":0,"item_updates":1,"joined":true,"last_error_code":"","messages_received":36744,"messages_sent":50947,"pending_blocking":0,"snapshot_updates":36699},"event":"CLIENT_HEALTH","player":"b","process_id":4048,"time_msec":1853342}
[m7_client] {"details":{"async_rejections":0,"async_results":0,"buffered_results":0,"item_updates":1,"joined":true,"last_error_code":"","messages_received":36784,"messages_sent":51003,"pending_blocking":0,"snapshot_updates":36739},"event":"CLIENT_HEALTH","player":"b","process_id":4048,"time_msec":1855342}
[m7_client] {"details":{"async_rejections":0,"async_results":0,"buffered_results":0,"item_updates":1,"joined":true,"last_error_code":"","messages_received":36824,"messages_sent":51060,"pending_blocking":0,"snapshot_updates":36779},"event":"CLIENT_HEALTH","player":"b","process_id":4048,"time_msec":1857342}
[m7_client] {"details":{"async_rejections":0,"async_results":0,"buffered_results":0,"item_updates":1,"joined":true,"last_error_code":"","messages_received":36864,"messages_sent":51117,"pending_blocking":0,"snapshot_updates":36819},"event":"CLIENT_HEALTH","player":"b","process_id":4048,"time_msec":1859344}
[m7_client] {"details":{"async_rejections":0,"async_results":0,"buffered_results":0,"item_updates":1,"joined":true,"last_error_code":"","messages_received":36904,"messages_sent":51173,"pending_blocking":0,"snapshot_updates":36859},"event":"CLIENT_HEALTH","player":"b","process_id":4048,"time_msec":1861348}
[m7_client] {"details":{"async_rejections":0,"async_results":0,"buffered_results":0,"item_updates":1,"joined":true,"last_error_code":"","messages_received":36944,"messages_sent":51229,"pending_blocking":0,"snapshot_updates":36899},"event":"CLIENT_HEALTH","player":"b","process_id":4048,"time_msec":1863348}
[m7_client] {"details":{"async_rejections":0,"async_results":0,"buffered_results":0,"item_updates":1,"joined":true,"last_error_code":"","messages_received":36984,"messages_sent":51286,"pending_blocking":0,"snapshot_updates":36939},"event":"CLIENT_HEALTH","player":"b","process_id":4048,"time_msec":1865348}
[m7_client] {"details":{"async_rejections":0,"async_results":0,"buffered_results":0,"item_updates":1,"joined":true,"last_error_code":"","messages_received":37024,"messages_sent":51343,"pending_blocking":0,"snapshot_updates":36979},"event":"CLIENT_HEALTH","player":"b","process_id":4048,"time_msec":1867348}
[m7_client] {"details":{"async_rejections":0,"async_results":0,"buffered_results":0,"item_updates":1,"joined":true,"last_error_code":"","messages_received":37065,"messages_sent":51400,"pending_blocking":0,"snapshot_updates":37020},"event":"CLIENT_HEALTH","player":"b","process_id":4048,"time_msec":1869356}
[m7_client] {"details":{"async_rejections":0,"async_results":0,"buffered_results":0,"item_updates":1,"joined":true,"last_error_code":"","messages_received":37105,"messages_sent":51457,"pending_blocking":0,"snapshot_updates":37060},"event":"CLIENT_HEALTH","player":"b","process_id":4048,"time_msec":1871358}
[m7_client] {"details":{"async_rejections":0,"async_results":0,"buffered_results":0,"item_updates":1,"joined":true,"last_error_code":"","messages_received":37145,"messages_sent":51513,"pending_blocking":0,"snapshot_updates":37100},"event":"CLIENT_HEALTH","player":"b","process_id":4048,"time_msec":1873362}
[m7_client] {"details":{"async_rejections":0,"async_results":0,"buffered_results":0,"item_updates":1,"joined":true,"last_error_code":"","messages_received":37185,"messages_sent":51569,"pending_blocking":0,"snapshot_updates":37140},"event":"CLIENT_HEALTH","player":"b","process_id":4048,"time_msec":1875362}
[m7_client] {"details":{"async_rejections":0,"async_results":0,"buffered_results":0,"item_updates":1,"joined":true,"last_error_code":"","messages_received":37225,"messages_sent":51626,"pending_blocking":0,"snapshot_updates":37180},"event":"CLIENT_HEALTH","player":"b","process_id":4048,"time_msec":1877365}
[m7_client] {"details":{"async_rejections":0,"async_results":0,"buffered_results":0,"item_updates":1,"joined":true,"last_error_code":"","messages_received":37265,"messages_sent":51683,"pending_blocking":0,"snapshot_updates":37220},"event":"CLIENT_HEALTH","player":"b","process_id":4048,"time_msec":1879366}
[m7_client] {"details":{"async_rejections":0,"async_results":0,"buffered_results":0,"item_updates":1,"joined":true,"last_error_code":"","messages_received":37305,"messages_sent":51739,"pending_blocking":0,"snapshot_updates":37260},"event":"CLIENT_HEALTH","player":"b","process_id":4048,"time_msec":1881371}
[m7_client] {"details":{"async_rejections":0,"async_results":0,"buffered_results":0,"item_updates":1,"joined":true,"last_error_code":"","messages_received":37345,"messages_sent":51796,"pending_blocking":0,"snapshot_updates":37300},"event":"CLIENT_HEALTH","player":"b","process_id":4048,"time_msec":1883372}
[m7_client] {"details":{"async_rejections":0,"async_results":0,"buffered_results":0,"item_updates":1,"joined":true,"last_error_code":"","messages_received":37385,"messages_sent":51852,"pending_blocking":0,"snapshot_updates":37340},"event":"CLIENT_HEALTH","player":"b","process_id":4048,"time_msec":1885376}
[m7_client] {"details":{"async_rejections":0,"async_results":0,"buffered_results":0,"item_updates":1,"joined":true,"last_error_code":"","messages_received":37425,"messages_sent":51909,"pending_blocking":0,"snapshot_updates":37380},"event":"CLIENT_HEALTH","player":"b","process_id":4048,"time_msec":1887377}
[m7_client] {"details":{"async_rejections":0,"async_results":0,"buffered_results":0,"item_updates":1,"joined":true,"last_error_code":"","messages_received":37465,"messages_sent":51966,"pending_blocking":0,"snapshot_updates":37420},"event":"CLIENT_HEALTH","player":"b","process_id":4048,"time_msec":1889378}
[m7_client] {"details":{"async_rejections":0,"async_results":0,"buffered_results":0,"item_updates":1,"joined":true,"last_error_code":"","messages_received":37505,"messages_sent":52022,"pending_blocking":0,"snapshot_updates":37460},"event":"CLIENT_HEALTH","player":"b","process_id":4048,"time_msec":1891382}
[m7_client] {"details":{"async_rejections":0,"async_results":0,"buffered_results":0,"item_updates":1,"joined":true,"last_error_code":"","messages_received":37545,"messages_sent":52079,"pending_blocking":0,"snapshot_updates":37500},"event":"CLIENT_HEALTH","player":"b","process_id":4048,"time_msec":1893382}
[m7_client] {"details":{"async_rejections":0,"async_results":0,"buffered_results":0,"item_updates":1,"joined":true,"last_error_code":"","messages_received":37585,"messages_sent":52136,"pending_blocking":0,"snapshot_updates":37540},"event":"CLIENT_HEALTH","player":"b","process_id":4048,"time_msec":1895382}
[m7_client] {"details":{"async_rejections":0,"async_results":0,"buffered_results":0,"item_updates":1,"joined":true,"last_error_code":"","messages_received":37625,"messages_sent":52192,"pending_blocking":0,"snapshot_updates":37580},"event":"CLIENT_HEALTH","player":"b","process_id":4048,"time_msec":1897382}
[m7_client] {"details":{"async_rejections":0,"async_results":0,"buffered_results":0,"item_updates":1,"joined":true,"last_error_code":"","messages_received":37665,"messages_sent":52249,"pending_blocking":0,"snapshot_updates":37620},"event":"CLIENT_HEALTH","player":"b","process_id":4048,"time_msec":1899387}
[m7_client] {"details":{"async_rejections":0,"async_results":0,"buffered_results":0,"item_updates":1,"joined":true,"last_error_code":"","messages_received":37705,"messages_sent":52306,"pending_blocking":0,"snapshot_updates":37660},"event":"CLIENT_HEALTH","player":"b","process_id":4048,"time_msec":1901387}
[m7_client] {"details":{"async_rejections":0,"async_results":0,"buffered_results":0,"item_updates":1,"joined":true,"last_error_code":"","messages_received":37745,"messages_sent":52362,"pending_blocking":0,"snapshot_updates":37700},"event":"CLIENT_HEALTH","player":"b","process_id":4048,"time_msec":1903387}
[m7_client] {"details":{"async_rejections":0,"async_results":0,"buffered_results":0,"item_updates":1,"joined":true,"last_error_code":"","messages_received":37785,"messages_sent":52419,"pending_blocking":0,"snapshot_updates":37740},"event":"CLIENT_HEALTH","player":"b","process_id":4048,"time_msec":1905388}
[m7_client] {"details":{"async_rejections":0,"async_results":0,"buffered_results":0,"item_updates":1,"joined":true,"last_error_code":"","messages_received":37825,"messages_sent":52476,"pending_blocking":0,"snapshot_updates":37780},"event":"CLIENT_HEALTH","player":"b","process_id":4048,"time_msec":1907394}
[m7_client] {"details":{"async_rejections":0,"async_results":0,"buffered_results":0,"item_updates":1,"joined":true,"last_error_code":"","messages_received":37865,"messages_sent":52532,"pending_blocking":0,"snapshot_updates":37820},"event":"CLIENT_HEALTH","player":"b","process_id":4048,"time_msec":1909399}
[m7_client] {"details":{"async_rejections":0,"async_results":0,"buffered_results":0,"item_updates":1,"joined":true,"last_error_code":"","messages_received":37905,"messages_sent":52589,"pending_blocking":0,"snapshot_updates":37860},"event":"CLIENT_HEALTH","player":"b","process_id":4048,"time_msec":1911399}
[m7_client] {"details":{"async_rejections":0,"async_results":0,"buffered_results":0,"item_updates":1,"joined":true,"last_error_code":"","messages_received":37945,"messages_sent":52645,"pending_blocking":0,"snapshot_updates":37900},"event":"CLIENT_HEALTH","player":"b","process_id":4048,"time_msec":1913399}
[m7_client] {"details":{"async_rejections":0,"async_results":0,"buffered_results":0,"item_updates":1,"joined":true,"last_error_code":"","messages_received":37985,"messages_sent":52702,"pending_blocking":0,"snapshot_updates":37940},"event":"CLIENT_HEALTH","player":"b","process_id":4048,"time_msec":1915404}
[m7_client] {"details":{"async_rejections":0,"async_results":0,"buffered_results":0,"item_updates":1,"joined":true,"last_error_code":"","messages_received":38026,"messages_sent":52759,"pending_blocking":0,"snapshot_updates":37981},"event":"CLIENT_HEALTH","player":"b","process_id":4048,"time_msec":1917407}
[m7_client] {"details":{"async_rejections":0,"async_results":0,"buffered_results":0,"item_updates":1,"joined":true,"last_error_code":"","messages_received":38066,"messages_sent":52816,"pending_blocking":0,"snapshot_updates":38021},"event":"CLIENT_HEALTH","player":"b","process_id":4048,"time_msec":1919409}
[m7_client] {"details":{"async_rejections":0,"async_results":0,"buffered_results":0,"item_updates":1,"joined":true,"last_error_code":"","messages_received":38106,"messages_sent":52872,"pending_blocking":0,"snapshot_updates":38061},"event":"CLIENT_HEALTH","player":"b","process_id":4048,"time_msec":1921413}
[m7_client] {"details":{"async_rejections":0,"async_results":0,"buffered_results":0,"item_updates":1,"joined":true,"last_error_code":"","messages_received":38146,"messages_sent":52929,"pending_blocking":0,"snapshot_updates":38101},"event":"CLIENT_HEALTH","player":"b","process_id":4048,"time_msec":1923417}
[m7_client] {"details":{"async_rejections":0,"async_results":0,"buffered_results":0,"item_updates":1,"joined":true,"last_error_code":"","messages_received":38186,"messages_sent":52985,"pending_blocking":0,"snapshot_updates":38141},"event":"CLIENT_HEALTH","player":"b","process_id":4048,"time_msec":1925422}
[m7_client] {"details":{"async_rejections":0,"async_results":0,"buffered_results":0,"item_updates":1,"joined":true,"last_error_code":"","messages_received":38226,"messages_sent":53042,"pending_blocking":0,"snapshot_updates":38181},"event":"CLIENT_HEALTH","player":"b","process_id":4048,"time_msec":1927428}
[m7_client] {"details":{"async_rejections":0,"async_results":0,"buffered_results":0,"item_updates":1,"joined":true,"last_error_code":"","messages_received":38266,"messages_sent":53099,"pending_blocking":0,"snapshot_updates":38221},"event":"CLIENT_HEALTH","player":"b","process_id":4048,"time_msec":1929429}
[m7_client] {"details":{"async_rejections":0,"async_results":0,"buffered_results":0,"item_updates":1,"joined":true,"last_error_code":"","messages_received":38306,"messages_sent":53155,"pending_blocking":0,"snapshot_updates":38261},"event":"CLIENT_HEALTH","player":"b","process_id":4048,"time_msec":1931433}
[m7_client] {"details":{"async_rejections":0,"async_results":0,"buffered_results":0,"item_updates":1,"joined":true,"last_error_code":"","messages_received":38346,"messages_sent":53212,"pending_blocking":0,"snapshot_updates":38301},"event":"CLIENT_HEALTH","player":"b","process_id":4048,"time_msec":1933433}
[m7_client] {"details":{"async_rejections":0,"async_results":0,"buffered_results":0,"item_updates":1,"joined":true,"last_error_code":"","messages_received":38386,"messages_sent":53269,"pending_blocking":0,"snapshot_updates":38341},"event":"CLIENT_HEALTH","player":"b","process_id":4048,"time_msec":1935435}
{"category":"atmosphere","data":{"altitude_m":4000.0,"instances":214,"patch_radius_m":70000.0,"plugin_id":"earth_low_clouds"},"event":"cloud_layer_rebuilt","level":"INFO","schema":"lunar.log.v1","session_id":"1790689269-3619","ticks_msec":1936446,"timestamp_utc":"2026-09-29 14:13:22"}
[m7_client] {"details":{"async_rejections":0,"async_results":0,"buffered_results":0,"item_updates":1,"joined":true,"last_error_code":"","messages_received":38426,"messages_sent":53325,"pending_blocking":0,"snapshot_updates":38381},"event":"CLIENT_HEALTH","player":"b","process_id":4048,"time_msec":1937439}
[m7_client] {"details":{"async_rejections":0,"async_results":0,"buffered_results":0,"item_updates":1,"joined":true,"last_error_code":"","messages_received":38466,"messages_sent":53382,"pending_blocking":0,"snapshot_updates":38421},"event":"CLIENT_HEALTH","player":"b","process_id":4048,"time_msec":1939441}
[m7_client] {"details":{"async_rejections":0,"async_results":0,"buffered_results":0,"item_updates":1,"joined":true,"last_error_code":"","messages_received":38506,"messages_sent":53439,"pending_blocking":0,"snapshot_updates":38461},"event":"CLIENT_HEALTH","player":"b","process_id":4048,"time_msec":1941445}
[m7_client] {"details":{"async_rejections":0,"async_results":0,"buffered_results":0,"item_updates":1,"joined":true,"last_error_code":"","messages_received":38546,"messages_sent":53495,"pending_blocking":0,"snapshot_updates":38501},"event":"CLIENT_HEALTH","player":"b","process_id":4048,"time_msec":1943445}
[m7_client] {"details":{"async_rejections":0,"async_results":0,"buffered_results":0,"item_updates":1,"joined":true,"last_error_code":"","messages_received":38587,"messages_sent":53552,"pending_blocking":0,"snapshot_updates":38542},"event":"CLIENT_HEALTH","player":"b","process_id":4048,"time_msec":1945455}
[m7_client] {"details":{"async_rejections":0,"async_results":0,"buffered_results":0,"item_updates":1,"joined":true,"last_error_code":"","messages_received":38627,"messages_sent":53608,"pending_blocking":0,"snapshot_updates":38582},"event":"CLIENT_HEALTH","player":"b","process_id":4048,"time_msec":1947456}
[m7_client] {"details":{"async_rejections":0,"async_results":0,"buffered_results":0,"item_updates":1,"joined":true,"last_error_code":"","messages_received":38667,"messages_sent":53665,"pending_blocking":0,"snapshot_updates":38622},"event":"CLIENT_HEALTH","player":"b","process_id":4048,"time_msec":1949458}
[m7_client] {"details":{"async_rejections":0,"async_results":0,"buffered_results":0,"item_updates":1,"joined":true,"last_error_code":"","messages_received":38707,"messages_sent":53721,"pending_blocking":0,"snapshot_updates":38662},"event":"CLIENT_HEALTH","player":"b","process_id":4048,"time_msec":1951462}
[m7_client] {"details":{"async_rejections":0,"async_results":0,"buffered_results":0,"item_updates":1,"joined":true,"last_error_code":"","messages_received":38747,"messages_sent":53777,"pending_blocking":0,"snapshot_updates":38702},"event":"CLIENT_HEALTH","player":"b","process_id":4048,"time_msec":1953462}
[m7_client] {"details":{"async_rejections":0,"async_results":0,"buffered_results":0,"item_updates":1,"joined":true,"last_error_code":"","messages_received":38787,"messages_sent":53834,"pending_blocking":0,"snapshot_updates":38742},"event":"CLIENT_HEALTH","player":"b","process_id":4048,"time_msec":1955462}
[m7_client] {"details":{"async_rejections":0,"async_results":0,"buffered_results":0,"item_updates":1,"joined":true,"last_error_code":"","messages_received":38827,"messages_sent":53891,"pending_blocking":0,"snapshot_updates":38782},"event":"CLIENT_HEALTH","player":"b","process_id":4048,"time_msec":1957464}
[m7_client] {"details":{"async_rejections":0,"async_results":0,"buffered_results":0,"item_updates":1,"joined":true,"last_error_code":"","messages_received":38867,"messages_sent":53947,"pending_blocking":0,"snapshot_updates":38822},"event":"CLIENT_HEALTH","player":"b","process_id":4048,"time_msec":1959468}
[m7_client] {"details":{"async_rejections":0,"async_results":0,"buffered_results":0,"item_updates":1,"joined":true,"last_error_code":"","messages_received":38907,"messages_sent":54004,"pending_blocking":0,"snapshot_updates":38862},"event":"CLIENT_HEALTH","player":"b","process_id":4048,"time_msec":1961473}
[m7_client] {"details":{"async_rejections":0,"async_results":0,"buffered_results":0,"item_updates":1,"joined":true,"last_error_code":"","messages_received":38947,"messages_sent":54061,"pending_blocking":0,"snapshot_updates":38902},"event":"CLIENT_HEALTH","player":"b","process_id":4048,"time_msec":1963473}
[m7_client] {"details":{"async_rejections":0,"async_results":0,"buffered_results":0,"item_updates":1,"joined":true,"last_error_code":"","messages_received":38987,"messages_sent":54118,"pending_blocking":0,"snapshot_updates":38942},"event":"CLIENT_HEALTH","player":"b","process_id":4048,"time_msec":1965473}
[m7_client] {"details":{"async_rejections":0,"async_results":0,"buffered_results":0,"item_updates":1,"joined":true,"last_error_code":"","messages_received":39027,"messages_sent":54174,"pending_blocking":0,"snapshot_updates":38982},"event":"CLIENT_HEALTH","player":"b","process_id":4048,"time_msec":1967473}
[m7_client] {"details":{"async_rejections":0,"async_results":0,"buffered_results":0,"item_updates":1,"joined":true,"last_error_code":"","messages_received":39067,"messages_sent":54231,"pending_blocking":0,"snapshot_updates":39022},"event":"CLIENT_HEALTH","player":"b","process_id":4048,"time_msec":1969473}
[m7_client] {"details":{"async_rejections":0,"async_results":0,"buffered_results":0,"item_updates":1,"joined":true,"last_error_code":"","messages_received":39107,"messages_sent":54287,"pending_blocking":0,"snapshot_updates":39062},"event":"CLIENT_HEALTH","player":"b","process_id":4048,"time_msec":1971473}
[m7_client] {"details":{"async_rejections":0,"async_results":0,"buffered_results":0,"item_updates":1,"joined":true,"last_error_code":"","messages_received":39147,"messages_sent":54343,"pending_blocking":0,"snapshot_updates":39102},"event":"CLIENT_HEALTH","player":"b","process_id":4048,"time_msec":1973473}
[m7_client] {"details":{"async_rejections":0,"async_results":0,"buffered_results":0,"item_updates":1,"joined":true,"last_error_code":"","messages_received":39187,"messages_sent":54400,"pending_blocking":0,"snapshot_updates":39142},"event":"CLIENT_HEALTH","player":"b","process_id":4048,"time_msec":1975478}
[m7_client] {"details":{"async_rejections":0,"async_results":0,"buffered_results":0,"item_updates":1,"joined":true,"last_error_code":"","messages_received":39227,"messages_sent":54457,"pending_blocking":0,"snapshot_updates":39182},"event":"CLIENT_HEALTH","player":"b","process_id":4048,"time_msec":1977478}
[m7_client] {"details":{"async_rejections":0,"async_results":0,"buffered_results":0,"item_updates":1,"joined":true,"last_error_code":"","messages_received":39267,"messages_sent":54514,"pending_blocking":0,"snapshot_updates":39222},"event":"CLIENT_HEALTH","player":"b","process_id":4048,"time_msec":1979480}
[m7_client] {"details":{"async_rejections":0,"async_results":0,"buffered_results":0,"item_updates":1,"joined":true,"last_error_code":"","messages_received":39307,"messages_sent":54570,"pending_blocking":0,"snapshot_updates":39262},"event":"CLIENT_HEALTH","player":"b","process_id":4048,"time_msec":1981484}
[m7_client] {"details":{"async_rejections":0,"async_results":0,"buffered_results":0,"item_updates":1,"joined":true,"last_error_code":"","messages_received":39347,"messages_sent":54626,"pending_blocking":0,"snapshot_updates":39302},"event":"CLIENT_HEALTH","player":"b","process_id":4048,"time_msec":1983484}
[m7_client] {"details":{"async_rejections":0,"async_results":0,"buffered_results":0,"item_updates":1,"joined":true,"last_error_code":"","messages_received":39387,"messages_sent":54683,"pending_blocking":0,"snapshot_updates":39342},"event":"CLIENT_HEALTH","player":"b","process_id":4048,"time_msec":1985484}
[m7_client] {"details":{"async_rejections":0,"async_results":0,"buffered_results":0,"item_updates":1,"joined":true,"last_error_code":"","messages_received":39427,"messages_sent":54739,"pending_blocking":0,"snapshot_updates":39382},"event":"CLIENT_HEALTH","player":"b","process_id":4048,"time_msec":1987484}
[m7_client] {"details":{"async_rejections":0,"async_results":0,"buffered_results":0,"item_updates":1,"joined":true,"last_error_code":"","messages_received":39467,"messages_sent":54796,"pending_blocking":0,"snapshot_updates":39422},"event":"CLIENT_HEALTH","player":"b","process_id":4048,"time_msec":1989490}
[m7_client] {"details":{"async_rejections":0,"async_results":0,"buffered_results":0,"item_updates":1,"joined":true,"last_error_code":"","messages_received":39507,"messages_sent":54853,"pending_blocking":0,"snapshot_updates":39462},"event":"CLIENT_HEALTH","player":"b","process_id":4048,"time_msec":1991495}
[m7_client] {"details":{"async_rejections":0,"async_results":0,"buffered_results":0,"item_updates":1,"joined":true,"last_error_code":"","messages_received":39547,"messages_sent":54909,"pending_blocking":0,"snapshot_updates":39502},"event":"CLIENT_HEALTH","player":"b","process_id":4048,"time_msec":1993495}
[m7_client] {"details":{"async_rejections":0,"async_results":0,"buffered_results":0,"item_updates":1,"joined":true,"last_error_code":"","messages_received":39587,"messages_sent":54966,"pending_blocking":0,"snapshot_updates":39542},"event":"CLIENT_HEALTH","player":"b","process_id":4048,"time_msec":1995497}
[m7_client] {"details":{"async_rejections":0,"async_results":0,"buffered_results":0,"item_updates":1,"joined":true,"last_error_code":"","messages_received":39627,"messages_sent":55022,"pending_blocking":0,"snapshot_updates":39582},"event":"CLIENT_HEALTH","player":"b","process_id":4048,"time_msec":1997501}
[m7_client] {"details":{"async_rejections":0,"async_results":0,"buffered_results":0,"item_updates":1,"joined":true,"last_error_code":"","messages_received":39667,"messages_sent":55079,"pending_blocking":0,"snapshot_updates":39622},"event":"CLIENT_HEALTH","player":"b","process_id":4048,"time_msec":1999501}
[m7_client] {"details":{"async_rejections":0,"async_results":0,"buffered_results":0,"item_updates":1,"joined":true,"last_error_code":"","messages_received":39707,"messages_sent":55136,"pending_blocking":0,"snapshot_updates":39662},"event":"CLIENT_HEALTH","player":"b","process_id":4048,"time_msec":2001501}
[m7_client] {"details":{"async_rejections":0,"async_results":0,"buffered_results":0,"item_updates":1,"joined":true,"last_error_code":"","messages_received":39748,"messages_sent":55193,"pending_blocking":0,"snapshot_updates":39703},"event":"CLIENT_HEALTH","player":"b","process_id":4048,"time_msec":2003511}
[m7_client] {"details":{"async_rejections":0,"async_results":0,"buffered_results":0,"item_updates":1,"joined":true,"last_error_code":"","messages_received":39788,"messages_sent":55249,"pending_blocking":0,"snapshot_updates":39743},"event":"CLIENT_HEALTH","player":"b","process_id":4048,"time_msec":2005513}
[m7_client] {"details":{"async_rejections":0,"async_results":0,"buffered_results":0,"item_updates":1,"joined":true,"last_error_code":"","messages_received":39828,"messages_sent":55305,"pending_blocking":0,"snapshot_updates":39783},"event":"CLIENT_HEALTH","player":"b","process_id":4048,"time_msec":2007513}
[m7_client] {"details":{"async_rejections":0,"async_results":0,"buffered_results":0,"item_updates":1,"joined":true,"last_error_code":"","messages_received":39868,"messages_sent":55362,"pending_blocking":0,"snapshot_updates":39823},"event":"CLIENT_HEALTH","player":"b","process_id":4048,"time_msec":2009518}
[m7_client] {"details":{"async_rejections":0,"async_results":0,"buffered_results":0,"item_updates":1,"joined":true,"last_error_code":"","messages_received":39908,"messages_sent":55418,"pending_blocking":0,"snapshot_updates":39863},"event":"CLIENT_HEALTH","player":"b","process_id":4048,"time_msec":2011518}
[m7_client] {"details":{"async_rejections":0,"async_results":0,"buffered_results":0,"item_updates":1,"joined":true,"last_error_code":"","messages_received":39948,"messages_sent":55474,"pending_blocking":0,"snapshot_updates":39903},"event":"CLIENT_HEALTH","player":"b","process_id":4048,"time_msec":2013518}
[m7_client] {"details":{"async_rejections":0,"async_results":0,"buffered_results":0,"item_updates":1,"joined":true,"last_error_code":"","messages_received":39988,"messages_sent":55530,"pending_blocking":0,"snapshot_updates":39943},"event":"CLIENT_HEALTH","player":"b","process_id":4048,"time_msec":2015518}
[m7_client] {"details":{"async_rejections":0,"async_results":0,"buffered_results":0,"item_updates":1,"joined":true,"last_error_code":"","messages_received":40028,"messages_sent":55587,"pending_blocking":0,"snapshot_updates":39983},"event":"CLIENT_HEALTH","player":"b","process_id":4048,"time_msec":2017518}
[m7_client] {"details":{"async_rejections":0,"async_results":0,"buffered_results":0,"item_updates":1,"joined":true,"last_error_code":"","messages_received":40068,"messages_sent":55644,"pending_blocking":0,"snapshot_updates":40023},"event":"CLIENT_HEALTH","player":"b","process_id":4048,"time_msec":2019519}
[m7_client] {"details":{"async_rejections":0,"async_results":0,"buffered_results":0,"item_updates":1,"joined":true,"last_error_code":"","messages_received":40108,"messages_sent":55701,"pending_blocking":0,"snapshot_updates":40063},"event":"CLIENT_HEALTH","player":"b","process_id":4048,"time_msec":2021525}
[m7_client] {"details":{"async_rejections":0,"async_results":0,"buffered_results":0,"item_updates":1,"joined":true,"last_error_code":"","messages_received":40148,"messages_sent":55757,"pending_blocking":0,"snapshot_updates":40103},"event":"CLIENT_HEALTH","player":"b","process_id":4048,"time_msec":2023529}
[m7_client] {"details":{"async_rejections":0,"async_results":0,"buffered_results":0,"item_updates":1,"joined":true,"last_error_code":"","messages_received":40188,"messages_sent":55814,"pending_blocking":0,"snapshot_updates":40143},"event":"CLIENT_HEALTH","player":"b","process_id":4048,"time_msec":2025531}
[m7_client] {"details":{"async_rejections":0,"async_results":0,"buffered_results":0,"item_updates":1,"joined":true,"last_error_code":"","messages_received":40228,"messages_sent":55870,"pending_blocking":0,"snapshot_updates":40183},"event":"CLIENT_HEALTH","player":"b","process_id":4048,"time_msec":2027535}
[m7_client] {"details":{"async_rejections":0,"async_results":0,"buffered_results":0,"item_updates":1,"joined":true,"last_error_code":"","messages_received":40268,"messages_sent":55927,"pending_blocking":0,"snapshot_updates":40223},"event":"CLIENT_HEALTH","player":"b","process_id":4048,"time_msec":2029535}
[m7_client] {"details":{"async_rejections":0,"async_results":0,"buffered_results":0,"item_updates":1,"joined":true,"last_error_code":"","messages_received":40308,"messages_sent":55983,"pending_blocking":0,"snapshot_updates":40263},"event":"CLIENT_HEALTH","player":"b","process_id":4048,"time_msec":2031535}
[m7_client] {"details":{"async_rejections":0,"async_results":0,"buffered_results":0,"item_updates":1,"joined":true,"last_error_code":"","messages_received":40348,"messages_sent":56040,"pending_blocking":0,"snapshot_updates":40303},"event":"CLIENT_HEALTH","player":"b","process_id":4048,"time_msec":2033535}
[m7_client] {"details":{"async_rejections":0,"async_results":0,"buffered_results":0,"item_updates":1,"joined":true,"last_error_code":"","messages_received":40388,"messages_sent":56097,"pending_blocking":0,"snapshot_updates":40343},"event":"CLIENT_HEALTH","player":"b","process_id":4048,"time_msec":2035540}
[m7_client] {"details":{"async_rejections":0,"async_results":0,"buffered_results":0,"item_updates":1,"joined":true,"last_error_code":"","messages_received":40428,"messages_sent":56154,"pending_blocking":0,"snapshot_updates":40383},"event":"CLIENT_HEALTH","player":"b","process_id":4048,"time_msec":2037542}
[m7_client] {"details":{"async_rejections":0,"async_results":0,"buffered_results":0,"item_updates":1,"joined":true,"last_error_code":"","messages_received":40468,"messages_sent":56210,"pending_blocking":0,"snapshot_updates":40423},"event":"CLIENT_HEALTH","player":"b","process_id":4048,"time_msec":2039546}
[m7_client] {"details":{"async_rejections":0,"async_results":0,"buffered_results":0,"item_updates":1,"joined":true,"last_error_code":"","messages_received":40508,"messages_sent":56267,"pending_blocking":0,"snapshot_updates":40463},"event":"CLIENT_HEALTH","player":"b","process_id":4048,"time_msec":2041548}
[m7_client] {"details":{"async_rejections":0,"async_results":0,"buffered_results":0,"item_updates":1,"joined":true,"last_error_code":"","messages_received":40548,"messages_sent":56323,"pending_blocking":0,"snapshot_updates":40503},"event":"CLIENT_HEALTH","player":"b","process_id":4048,"time_msec":2043552}
[m7_client] {"details":{"async_rejections":0,"async_results":0,"buffered_results":0,"item_updates":1,"joined":true,"last_error_code":"","messages_received":40588,"messages_sent":56380,"pending_blocking":0,"snapshot_updates":40543},"event":"CLIENT_HEALTH","player":"b","process_id":4048,"time_msec":2045552}
[m7_client] {"details":{"async_rejections":0,"async_results":0,"buffered_results":0,"item_updates":1,"joined":true,"last_error_code":"","messages_received":40628,"messages_sent":56437,"pending_blocking":0,"snapshot_updates":40583},"event":"CLIENT_HEALTH","player":"b","process_id":4048,"time_msec":2047552}
[m7_client] {"details":{"async_rejections":0,"async_results":0,"buffered_results":0,"item_updates":1,"joined":true,"last_error_code":"","messages_received":40668,"messages_sent":56493,"pending_blocking":0,"snapshot_updates":40623},"event":"CLIENT_HEALTH","player":"b","process_id":4048,"time_msec":2049552}
[m7_client] {"details":{"async_rejections":0,"async_results":0,"buffered_results":0,"item_updates":1,"joined":true,"last_error_code":"","messages_received":40708,"messages_sent":56550,"pending_blocking":0,"snapshot_updates":40663},"event":"CLIENT_HEALTH","player":"b","process_id":4048,"time_msec":2051557}
[m7_client] {"details":{"async_rejections":0,"async_results":0,"buffered_results":0,"item_updates":1,"joined":true,"last_error_code":"","messages_received":40748,"messages_sent":56606,"pending_blocking":0,"snapshot_updates":40703},"event":"CLIENT_HEALTH","player":"b","process_id":4048,"time_msec":2053557}
[m7_client] {"details":{"async_rejections":0,"async_results":0,"buffered_results":0,"item_updates":1,"joined":true,"last_error_code":"","messages_received":40789,"messages_sent":56662,"pending_blocking":0,"snapshot_updates":40744},"event":"CLIENT_HEALTH","player":"b","process_id":4048,"time_msec":2055560}
[m7_client] {"details":{"async_rejections":0,"async_results":0,"buffered_results":0,"item_updates":1,"joined":true,"last_error_code":"","messages_received":40829,"messages_sent":56719,"pending_blocking":0,"snapshot_updates":40784},"event":"CLIENT_HEALTH","player":"b","process_id":4048,"time_msec":2057560}
[m7_client] {"details":{"async_rejections":0,"async_results":0,"buffered_results":0,"item_updates":1,"joined":true,"last_error_code":"","messages_received":40869,"messages_sent":56776,"pending_blocking":0,"snapshot_updates":40824},"event":"CLIENT_HEALTH","player":"b","process_id":4048,"time_msec":2059564}
[m7_client] {"details":{"async_rejections":0,"async_results":0,"buffered_results":0,"item_updates":1,"joined":true,"last_error_code":"","messages_received":40909,"messages_sent":56833,"pending_blocking":0,"snapshot_updates":40864},"event":"CLIENT_HEALTH","player":"b","process_id":4048,"time_msec":2061564}
[m7_client] {"details":{"async_rejections":0,"async_results":0,"buffered_results":0,"item_updates":1,"joined":true,"last_error_code":"","messages_received":40949,"messages_sent":56889,"pending_blocking":0,"snapshot_updates":40904},"event":"CLIENT_HEALTH","player":"b","process_id":4048,"time_msec":2063567}
[m7_client] {"details":{"async_rejections":0,"async_results":0,"buffered_results":0,"item_updates":1,"joined":true,"last_error_code":"","messages_received":40989,"messages_sent":56945,"pending_blocking":0,"snapshot_updates":40944},"event":"CLIENT_HEALTH","player":"b","process_id":4048,"time_msec":2065568}
[m7_client] {"details":{"async_rejections":0,"async_results":0,"buffered_results":0,"item_updates":1,"joined":true,"last_error_code":"","messages_received":41029,"messages_sent":57002,"pending_blocking":0,"snapshot_updates":40984},"event":"CLIENT_HEALTH","player":"b","process_id":4048,"time_msec":2067568}
[m7_client] {"details":{"async_rejections":0,"async_results":0,"buffered_results":0,"item_updates":1,"joined":true,"last_error_code":"","messages_received":41069,"messages_sent":57058,"pending_blocking":0,"snapshot_updates":41024},"event":"CLIENT_HEALTH","player":"b","process_id":4048,"time_msec":2069568}
[m7_client] {"details":{"async_rejections":0,"async_results":0,"buffered_results":0,"item_updates":1,"joined":true,"last_error_code":"","messages_received":41109,"messages_sent":57115,"pending_blocking":0,"snapshot_updates":41064},"event":"CLIENT_HEALTH","player":"b","process_id":4048,"time_msec":2071568}
[m7_client] {"details":{"async_rejections":0,"async_results":0,"buffered_results":0,"item_updates":1,"joined":true,"last_error_code":"","messages_received":41149,"messages_sent":57171,"pending_blocking":0,"snapshot_updates":41104},"event":"CLIENT_HEALTH","player":"b","process_id":4048,"time_msec":2073568}
[m7_client] {"details":{"async_rejections":0,"async_results":0,"buffered_results":0,"item_updates":1,"joined":true,"last_error_code":"","messages_received":41189,"messages_sent":57228,"pending_blocking":0,"snapshot_updates":41144},"event":"CLIENT_HEALTH","player":"b","process_id":4048,"time_msec":2075568}
[m7_client] {"details":{"async_rejections":0,"async_results":0,"buffered_results":0,"item_updates":1,"joined":true,"last_error_code":"","messages_received":41229,"messages_sent":57284,"pending_blocking":0,"snapshot_updates":41184},"event":"CLIENT_HEALTH","player":"b","process_id":4048,"time_msec":2077568}
[m7_client] {"details":{"async_rejections":0,"async_results":0,"buffered_results":0,"item_updates":1,"joined":true,"last_error_code":"","messages_received":41269,"messages_sent":57341,"pending_blocking":0,"snapshot_updates":41224},"event":"CLIENT_HEALTH","player":"b","process_id":4048,"time_msec":2079573}
[m7_client] {"details":{"async_rejections":0,"async_results":0,"buffered_results":0,"item_updates":1,"joined":true,"last_error_code":"","messages_received":41309,"messages_sent":57398,"pending_blocking":0,"snapshot_updates":41264},"event":"CLIENT_HEALTH","player":"b","process_id":4048,"time_msec":2081573}
[m7_client] {"details":{"async_rejections":0,"async_results":0,"buffered_results":0,"item_updates":1,"joined":true,"last_error_code":"","messages_received":41349,"messages_sent":57455,"pending_blocking":0,"snapshot_updates":41304},"event":"CLIENT_HEALTH","player":"b","process_id":4048,"time_msec":2083573}
[m7_client] {"details":{"async_rejections":0,"async_results":0,"buffered_results":0,"item_updates":1,"joined":true,"last_error_code":"","messages_received":41389,"messages_sent":57511,"pending_blocking":0,"snapshot_updates":41344},"event":"CLIENT_HEALTH","player":"b","process_id":4048,"time_msec":2085575}
[m7_client] {"details":{"async_rejections":0,"async_results":0,"buffered_results":0,"item_updates":1,"joined":true,"last_error_code":"","messages_received":41429,"messages_sent":57567,"pending_blocking":0,"snapshot_updates":41384},"event":"CLIENT_HEALTH","player":"b","process_id":4048,"time_msec":2087579}
[m7_client] {"details":{"async_rejections":0,"async_results":0,"buffered_results":0,"item_updates":1,"joined":true,"last_error_code":"","messages_received":41469,"messages_sent":57624,"pending_blocking":0,"snapshot_updates":41424},"event":"CLIENT_HEALTH","player":"b","process_id":4048,"time_msec":2089579}
[m7_client] {"details":{"async_rejections":0,"async_results":0,"buffered_results":0,"item_updates":1,"joined":true,"last_error_code":"","messages_received":41509,"messages_sent":57680,"pending_blocking":0,"snapshot_updates":41464},"event":"CLIENT_HEALTH","player":"b","process_id":4048,"time_msec":2091579}
[m7_client] {"details":{"async_rejections":0,"async_results":0,"buffered_results":0,"item_updates":1,"joined":true,"last_error_code":"","messages_received":41549,"messages_sent":57737,"pending_blocking":0,"snapshot_updates":41504},"event":"CLIENT_HEALTH","player":"b","process_id":4048,"time_msec":2093585}
[m7_client] {"details":{"async_rejections":0,"async_results":0,"buffered_results":0,"item_updates":1,"joined":true,"last_error_code":"","messages_received":41589,"messages_sent":57794,"pending_blocking":0,"snapshot_updates":41544},"event":"CLIENT_HEALTH","player":"b","process_id":4048,"time_msec":2095585}
[m7_client] {"details":{"async_rejections":0,"async_results":0,"buffered_results":0,"item_updates":1,"joined":true,"last_error_code":"","messages_received":41629,"messages_sent":57850,"pending_blocking":0,"snapshot_updates":41584},"event":"CLIENT_HEALTH","player":"b","process_id":4048,"time_msec":2097590}
[m7_client] {"details":{"async_rejections":0,"async_results":0,"buffered_results":0,"item_updates":1,"joined":true,"last_error_code":"","messages_received":41669,"messages_sent":57906,"pending_blocking":0,"snapshot_updates":41624},"event":"CLIENT_HEALTH","player":"b","process_id":4048,"time_msec":2099590}
[m7_client] {"details":{"async_rejections":0,"async_results":0,"buffered_results":0,"item_updates":1,"joined":true,"last_error_code":"","messages_received":41709,"messages_sent":57963,"pending_blocking":0,"snapshot_updates":41664},"event":"CLIENT_HEALTH","player":"b","process_id":4048,"time_msec":2101590}
[m7_client] {"details":{"async_rejections":0,"async_results":0,"buffered_results":0,"item_updates":1,"joined":true,"last_error_code":"","messages_received":41749,"messages_sent":58019,"pending_blocking":0,"snapshot_updates":41704},"event":"CLIENT_HEALTH","player":"b","process_id":4048,"time_msec":2103590}
[m7_client] {"details":{"async_rejections":0,"async_results":0,"buffered_results":0,"item_updates":1,"joined":true,"last_error_code":"","messages_received":41789,"messages_sent":58076,"pending_blocking":0,"snapshot_updates":41744},"event":"CLIENT_HEALTH","player":"b","process_id":4048,"time_msec":2105590}
[m7_client] {"details":{"async_rejections":0,"async_results":0,"buffered_results":0,"item_updates":1,"joined":true,"last_error_code":"","messages_received":41829,"messages_sent":58133,"pending_blocking":0,"snapshot_updates":41784},"event":"CLIENT_HEALTH","player":"b","process_id":4048,"time_msec":2107591}
[m7_client] {"details":{"async_rejections":0,"async_results":0,"buffered_results":0,"item_updates":1,"joined":true,"last_error_code":"","messages_received":41869,"messages_sent":58189,"pending_blocking":0,"snapshot_updates":41824},"event":"CLIENT_HEALTH","player":"b","process_id":4048,"time_msec":2109595}
[m7_client] {"details":{"async_rejections":0,"async_results":0,"buffered_results":0,"item_updates":1,"joined":true,"last_error_code":"","messages_received":41909,"messages_sent":58246,"pending_blocking":0,"snapshot_updates":41864},"event":"CLIENT_HEALTH","player":"b","process_id":4048,"time_msec":2111595}
[m7_client] {"details":{"async_rejections":0,"async_results":0,"buffered_results":0,"item_updates":1,"joined":true,"last_error_code":"","messages_received":41949,"messages_sent":58303,"pending_blocking":0,"snapshot_updates":41904},"event":"CLIENT_HEALTH","player":"b","process_id":4048,"time_msec":2113597}
[m7_client] {"details":{"async_rejections":0,"async_results":0,"buffered_results":0,"item_updates":1,"joined":true,"last_error_code":"","messages_received":41989,"messages_sent":58359,"pending_blocking":0,"snapshot_updates":41944},"event":"CLIENT_HEALTH","player":"b","process_id":4048,"time_msec":2115601}
[m7_client] {"details":{"async_rejections":0,"async_results":0,"buffered_results":0,"item_updates":1,"joined":true,"last_error_code":"","messages_received":42029,"messages_sent":58416,"pending_blocking":0,"snapshot_updates":41984},"event":"CLIENT_HEALTH","player":"b","process_id":4048,"time_msec":2117601}
[m7_client] {"details":{"async_rejections":0,"async_results":0,"buffered_results":0,"item_updates":1,"joined":true,"last_error_code":"","messages_received":42069,"messages_sent":58473,"pending_blocking":0,"snapshot_updates":42024},"event":"CLIENT_HEALTH","player":"b","process_id":4048,"time_msec":2119601}
[m7_client] {"details":{"async_rejections":0,"async_results":0,"buffered_results":0,"item_updates":1,"joined":true,"last_error_code":"","messages_received":42110,"messages_sent":58529,"pending_blocking":0,"snapshot_updates":42065},"event":"CLIENT_HEALTH","player":"b","process_id":4048,"time_msec":2121603}
[m7_client] {"details":{"async_rejections":0,"async_results":0,"buffered_results":0,"item_updates":1,"joined":true,"last_error_code":"","messages_received":42150,"messages_sent":58586,"pending_blocking":0,"snapshot_updates":42105},"event":"CLIENT_HEALTH","player":"b","process_id":4048,"time_msec":2123604}
[m7_client] {"details":{"async_rejections":0,"async_results":0,"buffered_results":0,"item_updates":1,"joined":true,"last_error_code":"","messages_received":42190,"messages_sent":58643,"pending_blocking":0,"snapshot_updates":42145},"event":"CLIENT_HEALTH","player":"b","process_id":4048,"time_msec":2125611}
[m7_client] {"details":{"async_rejections":0,"async_results":0,"buffered_results":0,"item_updates":1,"joined":true,"last_error_code":"","messages_received":42230,"messages_sent":58699,"pending_blocking":0,"snapshot_updates":42185},"event":"CLIENT_HEALTH","player":"b","process_id":4048,"time_msec":2127612}
[m7_client] {"details":{"async_rejections":0,"async_results":0,"buffered_results":0,"item_updates":1,"joined":true,"last_error_code":"","messages_received":42270,"messages_sent":58756,"pending_blocking":0,"snapshot_updates":42225},"event":"CLIENT_HEALTH","player":"b","process_id":4048,"time_msec":2129613}
[m7_client] {"details":{"async_rejections":0,"async_results":0,"buffered_results":0,"item_updates":1,"joined":true,"last_error_code":"","messages_received":42310,"messages_sent":58813,"pending_blocking":0,"snapshot_updates":42265},"event":"CLIENT_HEALTH","player":"b","process_id":4048,"time_msec":2131620}
[m7_client] {"details":{"async_rejections":0,"async_results":0,"buffered_results":0,"item_updates":1,"joined":true,"last_error_code":"","messages_received":42350,"messages_sent":58869,"pending_blocking":0,"snapshot_updates":42305},"event":"CLIENT_HEALTH","player":"b","process_id":4048,"time_msec":2133624}
[m7_client] {"details":{"async_rejections":0,"async_results":0,"buffered_results":0,"item_updates":1,"joined":true,"last_error_code":"","messages_received":42390,"messages_sent":58926,"pending_blocking":0,"snapshot_updates":42345},"event":"CLIENT_HEALTH","player":"b","process_id":4048,"time_msec":2135624}
[m7_client] {"details":{"async_rejections":0,"async_results":0,"buffered_results":0,"item_updates":1,"joined":true,"last_error_code":"","messages_received":42430,"messages_sent":58983,"pending_blocking":0,"snapshot_updates":42385},"event":"CLIENT_HEALTH","player":"b","process_id":4048,"time_msec":2137625}
[m7_client] {"details":{"async_rejections":0,"async_results":0,"buffered_results":0,"item_updates":1,"joined":true,"last_error_code":"","messages_received":42470,"messages_sent":59040,"pending_blocking":0,"snapshot_updates":42425},"event":"CLIENT_HEALTH","player":"b","process_id":4048,"time_msec":2139631}
[m7_client] {"details":{"async_rejections":0,"async_results":0,"buffered_results":0,"item_updates":1,"joined":true,"last_error_code":"","messages_received":42510,"messages_sent":59096,"pending_blocking":0,"snapshot_updates":42465},"event":"CLIENT_HEALTH","player":"b","process_id":4048,"time_msec":2141635}
[m7_client] {"details":{"async_rejections":0,"async_results":0,"buffered_results":0,"item_updates":1,"joined":true,"last_error_code":"","messages_received":42550,"messages_sent":59153,"pending_blocking":0,"snapshot_updates":42505},"event":"CLIENT_HEALTH","player":"b","process_id":4048,"time_msec":2143635}
[m7_client] {"details":{"async_rejections":0,"async_results":0,"buffered_results":0,"item_updates":1,"joined":true,"last_error_code":"","messages_received":42590,"messages_sent":59209,"pending_blocking":0,"snapshot_updates":42545},"event":"CLIENT_HEALTH","player":"b","process_id":4048,"time_msec":2145635}
[m7_client] {"details":{"async_rejections":0,"async_results":0,"buffered_results":0,"item_updates":1,"joined":true,"last_error_code":"","messages_received":42630,"messages_sent":59266,"pending_blocking":0,"snapshot_updates":42585},"event":"CLIENT_HEALTH","player":"b","process_id":4048,"time_msec":2147635}
[m7_client] {"details":{"async_rejections":0,"async_results":0,"buffered_results":0,"item_updates":1,"joined":true,"last_error_code":"","messages_received":42670,"messages_sent":59322,"pending_blocking":0,"snapshot_updates":42625},"event":"CLIENT_HEALTH","player":"b","process_id":4048,"time_msec":2149635}
[m7_client] {"details":{"async_rejections":0,"async_results":0,"buffered_results":0,"item_updates":1,"joined":true,"last_error_code":"","messages_received":42710,"messages_sent":59379,"pending_blocking":0,"snapshot_updates":42665},"event":"CLIENT_HEALTH","player":"b","process_id":4048,"time_msec":2151635}
[m7_client] {"details":{"async_rejections":0,"async_results":0,"buffered_results":0,"item_updates":1,"joined":true,"last_error_code":"","messages_received":42750,"messages_sent":59436,"pending_blocking":0,"snapshot_updates":42705},"event":"CLIENT_HEALTH","player":"b","process_id":4048,"time_msec":2153642}
[m7_client] {"details":{"async_rejections":0,"async_results":0,"buffered_results":0,"item_updates":1,"joined":true,"last_error_code":"","messages_received":42790,"messages_sent":59492,"pending_blocking":0,"snapshot_updates":42745},"event":"CLIENT_HEALTH","player":"b","process_id":4048,"time_msec":2155646}
[m7_client] {"details":{"async_rejections":0,"async_results":0,"buffered_results":0,"item_updates":1,"joined":true,"last_error_code":"","messages_received":42830,"messages_sent":59549,"pending_blocking":0,"snapshot_updates":42785},"event":"CLIENT_HEALTH","player":"b","process_id":4048,"time_msec":2157646}
[m7_client] {"details":{"async_rejections":0,"async_results":0,"buffered_results":0,"item_updates":1,"joined":true,"last_error_code":"","messages_received":42870,"messages_sent":59605,"pending_blocking":0,"snapshot_updates":42825},"event":"CLIENT_HEALTH","player":"b","process_id":4048,"time_msec":2159646}
[m7_client] {"details":{"async_rejections":0,"async_results":0,"buffered_results":0,"item_updates":1,"joined":true,"last_error_code":"","messages_received":42910,"messages_sent":59661,"pending_blocking":0,"snapshot_updates":42865},"event":"CLIENT_HEALTH","player":"b","process_id":4048,"time_msec":2161646}
[m7_client] {"details":{"async_rejections":0,"async_results":0,"buffered_results":0,"item_updates":1,"joined":true,"last_error_code":"","messages_received":42950,"messages_sent":59718,"pending_blocking":0,"snapshot_updates":42905},"event":"CLIENT_HEALTH","player":"b","process_id":4048,"time_msec":2163646}
[m7_client] {"details":{"async_rejections":0,"async_results":0,"buffered_results":0,"item_updates":1,"joined":true,"last_error_code":"","messages_received":42990,"messages_sent":59775,"pending_blocking":0,"snapshot_updates":42945},"event":"CLIENT_HEALTH","player":"b","process_id":4048,"time_msec":2165646}
[m7_client] {"details":{"async_rejections":0,"async_results":0,"buffered_results":0,"item_updates":1,"joined":true,"last_error_code":"","messages_received":43030,"messages_sent":59832,"pending_blocking":0,"snapshot_updates":42985},"event":"CLIENT_HEALTH","player":"b","process_id":4048,"time_msec":2167647}
[m7_client] {"details":{"async_rejections":0,"async_results":0,"buffered_results":0,"item_updates":1,"joined":true,"last_error_code":"","messages_received":43070,"messages_sent":59888,"pending_blocking":0,"snapshot_updates":43025},"event":"CLIENT_HEALTH","player":"b","process_id":4048,"time_msec":2169651}
[m7_client] {"details":{"async_rejections":0,"async_results":0,"buffered_results":0,"item_updates":1,"joined":true,"last_error_code":"","messages_received":43110,"messages_sent":59945,"pending_blocking":0,"snapshot_updates":43065},"event":"CLIENT_HEALTH","player":"b","process_id":4048,"time_msec":2171652}
[m7_client] {"details":{"async_rejections":0,"async_results":0,"buffered_results":0,"item_updates":1,"joined":true,"last_error_code":"","messages_received":43151,"messages_sent":60001,"pending_blocking":0,"snapshot_updates":43106},"event":"CLIENT_HEALTH","player":"b","process_id":4048,"time_msec":2173660}
[m7_client] {"details":{"async_rejections":0,"async_results":0,"buffered_results":0,"item_updates":1,"joined":true,"last_error_code":"","messages_received":43191,"messages_sent":60058,"pending_blocking":0,"snapshot_updates":43146},"event":"CLIENT_HEALTH","player":"b","process_id":4048,"time_msec":2175661}
[m7_client] {"details":{"async_rejections":0,"async_results":0,"buffered_results":0,"item_updates":1,"joined":true,"last_error_code":"","messages_received":43231,"messages_sent":60114,"pending_blocking":0,"snapshot_updates":43186},"event":"CLIENT_HEALTH","player":"b","process_id":4048,"time_msec":2177663}
[m7_client] {"details":{"async_rejections":0,"async_results":0,"buffered_results":0,"item_updates":1,"joined":true,"last_error_code":"","messages_received":43271,"messages_sent":60171,"pending_blocking":0,"snapshot_updates":43226},"event":"CLIENT_HEALTH","player":"b","process_id":4048,"time_msec":2179663}
[m7_client] {"details":{"async_rejections":0,"async_results":0,"buffered_results":0,"item_updates":1,"joined":true,"last_error_code":"","messages_received":43311,"messages_sent":60228,"pending_blocking":0,"snapshot_updates":43266},"event":"CLIENT_HEALTH","player":"b","process_id":4048,"time_msec":2181664}
[m7_client] {"details":{"async_rejections":0,"async_results":0,"buffered_results":0,"item_updates":1,"joined":true,"last_error_code":"","messages_received":43351,"messages_sent":60284,"pending_blocking":0,"snapshot_updates":43306},"event":"CLIENT_HEALTH","player":"b","process_id":4048,"time_msec":2183664}
[m7_client] {"details":{"async_rejections":0,"async_results":0,"buffered_results":0,"item_updates":1,"joined":true,"last_error_code":"","messages_received":43391,"messages_sent":60340,"pending_blocking":0,"snapshot_updates":43346},"event":"CLIENT_HEALTH","player":"b","process_id":4048,"time_msec":2185668}
[m7_client] {"details":{"async_rejections":0,"async_results":0,"buffered_results":0,"item_updates":1,"joined":true,"last_error_code":"","messages_received":43431,"messages_sent":60397,"pending_blocking":0,"snapshot_updates":43386},"event":"CLIENT_HEALTH","player":"b","process_id":4048,"time_msec":2187668}
[m7_client] {"details":{"async_rejections":0,"async_results":0,"buffered_results":0,"item_updates":1,"joined":true,"last_error_code":"","messages_received":43471,"messages_sent":60454,"pending_blocking":0,"snapshot_updates":43426},"event":"CLIENT_HEALTH","player":"b","process_id":4048,"time_msec":2189670}
[m7_client] {"details":{"async_rejections":0,"async_results":0,"buffered_results":0,"item_updates":1,"joined":true,"last_error_code":"","messages_received":43511,"messages_sent":60510,"pending_blocking":0,"snapshot_updates":43466},"event":"CLIENT_HEALTH","player":"b","process_id":4048,"time_msec":2191674}
[m7_client] {"details":{"async_rejections":0,"async_results":0,"buffered_results":0,"item_updates":1,"joined":true,"last_error_code":"","messages_received":43551,"messages_sent":60566,"pending_blocking":0,"snapshot_updates":43506},"event":"CLIENT_HEALTH","player":"b","process_id":4048,"time_msec":2193674}
[m7_client] {"details":{"async_rejections":0,"async_results":0,"buffered_results":0,"item_updates":1,"joined":true,"last_error_code":"","messages_received":43591,"messages_sent":60623,"pending_blocking":0,"snapshot_updates":43546},"event":"CLIENT_HEALTH","player":"b","process_id":4048,"time_msec":2195674}
[m7_client] {"details":{"async_rejections":0,"async_results":0,"buffered_results":0,"item_updates":1,"joined":true,"last_error_code":"","messages_received":43631,"messages_sent":60679,"pending_blocking":0,"snapshot_updates":43586},"event":"CLIENT_HEALTH","player":"b","process_id":4048,"time_msec":2197674}
[m7_client] {"details":{"async_rejections":0,"async_results":0,"buffered_results":0,"item_updates":1,"joined":true,"last_error_code":"","messages_received":43671,"messages_sent":60735,"pending_blocking":0,"snapshot_updates":43626},"event":"CLIENT_HEALTH","player":"b","process_id":4048,"time_msec":2199679}
[m7_client] {"details":{"async_rejections":0,"async_results":0,"buffered_results":0,"item_updates":1,"joined":true,"last_error_code":"","messages_received":43711,"messages_sent":60792,"pending_blocking":0,"snapshot_updates":43666},"event":"CLIENT_HEALTH","player":"b","process_id":4048,"time_msec":2201679}
[m7_client] {"details":{"async_rejections":0,"async_results":0,"buffered_results":0,"item_updates":1,"joined":true,"last_error_code":"","messages_received":43751,"messages_sent":60849,"pending_blocking":0,"snapshot_updates":43706},"event":"CLIENT_HEALTH","player":"b","process_id":4048,"time_msec":2203681}
[m7_client] {"details":{"async_rejections":0,"async_results":0,"buffered_results":0,"item_updates":1,"joined":true,"last_error_code":"","messages_received":43791,"messages_sent":60905,"pending_blocking":0,"snapshot_updates":43746},"event":"CLIENT_HEALTH","player":"b","process_id":4048,"time_msec":2205685}
[m7_client] {"details":{"async_rejections":0,"async_results":0,"buffered_results":0,"item_updates":1,"joined":true,"last_error_code":"","messages_received":43831,"messages_sent":60962,"pending_blocking":0,"snapshot_updates":43786},"event":"CLIENT_HEALTH","player":"b","process_id":4048,"time_msec":2207685}
[m7_client] {"details":{"async_rejections":0,"async_results":0,"buffered_results":0,"item_updates":1,"joined":true,"last_error_code":"","messages_received":43871,"messages_sent":61019,"pending_blocking":0,"snapshot_updates":43826},"event":"CLIENT_HEALTH","player":"b","process_id":4048,"time_msec":2209687}
[m7_client] {"details":{"async_rejections":0,"async_results":0,"buffered_results":0,"item_updates":1,"joined":true,"last_error_code":"","messages_received":43911,"messages_sent":61075,"pending_blocking":0,"snapshot_updates":43866},"event":"CLIENT_HEALTH","player":"b","process_id":4048,"time_msec":2211691}
[m7_client] {"details":{"async_rejections":0,"async_results":0,"buffered_results":0,"item_updates":1,"joined":true,"last_error_code":"","messages_received":43951,"messages_sent":61132,"pending_blocking":0,"snapshot_updates":43906},"event":"CLIENT_HEALTH","player":"b","process_id":4048,"time_msec":2213691}
[m7_client] {"details":{"async_rejections":0,"async_results":0,"buffered_results":0,"item_updates":1,"joined":true,"last_error_code":"","messages_received":43991,"messages_sent":61189,"pending_blocking":0,"snapshot_updates":43946},"event":"CLIENT_HEALTH","player":"b","process_id":4048,"time_msec":2215698}
[m7_client] {"details":{"async_rejections":0,"async_results":0,"buffered_results":0,"item_updates":1,"joined":true,"last_error_code":"","messages_received":44032,"messages_sent":61245,"pending_blocking":0,"snapshot_updates":43987},"event":"CLIENT_HEALTH","player":"b","process_id":4048,"time_msec":2217705}
[m7_client] {"details":{"async_rejections":0,"async_results":0,"buffered_results":0,"item_updates":1,"joined":true,"last_error_code":"","messages_received":44072,"messages_sent":61302,"pending_blocking":0,"snapshot_updates":44027},"event":"CLIENT_HEALTH","player":"b","process_id":4048,"time_msec":2219705}
[m7_client] {"details":{"async_rejections":0,"async_results":0,"buffered_results":0,"item_updates":1,"joined":true,"last_error_code":"","messages_received":44112,"messages_sent":61359,"pending_blocking":0,"snapshot_updates":44067},"event":"CLIENT_HEALTH","player":"b","process_id":4048,"time_msec":2221711}
[m7_client] {"details":{"async_rejections":0,"async_results":0,"buffered_results":0,"item_updates":1,"joined":true,"last_error_code":"","messages_received":44152,"messages_sent":61416,"pending_blocking":0,"snapshot_updates":44107},"event":"CLIENT_HEALTH","player":"b","process_id":4048,"time_msec":2223713}
[m7_client] {"details":{"async_rejections":0,"async_results":0,"buffered_results":0,"item_updates":1,"joined":true,"last_error_code":"","messages_received":44192,"messages_sent":61472,"pending_blocking":0,"snapshot_updates":44147},"event":"CLIENT_HEALTH","player":"b","process_id":4048,"time_msec":2225717}
[m7_client] {"details":{"async_rejections":0,"async_results":0,"buffered_results":0,"item_updates":1,"joined":true,"last_error_code":"","messages_received":44232,"messages_sent":61529,"pending_blocking":0,"snapshot_updates":44187},"event":"CLIENT_HEALTH","player":"b","process_id":4048,"time_msec":2227719}
[m7_client] {"details":{"async_rejections":0,"async_results":0,"buffered_results":0,"item_updates":1,"joined":true,"last_error_code":"","messages_received":44272,"messages_sent":61585,"pending_blocking":0,"snapshot_updates":44227},"event":"CLIENT_HEALTH","player":"b","process_id":4048,"time_msec":2229720}
[m7_client] {"details":{"async_rejections":0,"async_results":0,"buffered_results":0,"item_updates":1,"joined":true,"last_error_code":"","messages_received":44312,"messages_sent":61642,"pending_blocking":0,"snapshot_updates":44267},"event":"CLIENT_HEALTH","player":"b","process_id":4048,"time_msec":2231720}
[m7_client] {"details":{"async_rejections":0,"async_results":0,"buffered_results":0,"item_updates":1,"joined":true,"last_error_code":"","messages_received":44352,"messages_sent":61699,"pending_blocking":0,"snapshot_updates":44307},"event":"CLIENT_HEALTH","player":"b","process_id":4048,"time_msec":2233727}
[m7_client] {"details":{"async_rejections":0,"async_results":0,"buffered_results":0,"item_updates":1,"joined":true,"last_error_code":"","messages_received":44392,"messages_sent":61755,"pending_blocking":0,"snapshot_updates":44347},"event":"CLIENT_HEALTH","player":"b","process_id":4048,"time_msec":2235732}
[m7_client] {"details":{"async_rejections":0,"async_results":0,"buffered_results":0,"item_updates":1,"joined":true,"last_error_code":"","messages_received":44432,"messages_sent":61812,"pending_blocking":0,"snapshot_updates":44387},"event":"CLIENT_HEALTH","player":"b","process_id":4048,"time_msec":2237737}
[m7_client] {"details":{"async_rejections":0,"async_results":0,"buffered_results":0,"item_updates":1,"joined":true,"last_error_code":"","messages_received":44472,"messages_sent":61869,"pending_blocking":0,"snapshot_updates":44427},"event":"CLIENT_HEALTH","player":"b","process_id":4048,"time_msec":2239737}
[m7_client] {"details":{"async_rejections":0,"async_results":0,"buffered_results":0,"item_updates":1,"joined":true,"last_error_code":"","messages_received":44512,"messages_sent":61926,"pending_blocking":0,"snapshot_updates":44467},"event":"CLIENT_HEALTH","player":"b","process_id":4048,"time_msec":2241737}
[m7_client] {"details":{"async_rejections":0,"async_results":0,"buffered_results":0,"item_updates":1,"joined":true,"last_error_code":"","messages_received":44552,"messages_sent":61982,"pending_blocking":0,"snapshot_updates":44507},"event":"CLIENT_HEALTH","player":"b","process_id":4048,"time_msec":2243737}
[m7_client] {"details":{"async_rejections":0,"async_results":0,"buffered_results":0,"item_updates":1,"joined":true,"last_error_code":"","messages_received":44592,"messages_sent":62039,"pending_blocking":0,"snapshot_updates":44547},"event":"CLIENT_HEALTH","player":"b","process_id":4048,"time_msec":2245737}
[m7_client] {"details":{"async_rejections":0,"async_results":0,"buffered_results":0,"item_updates":1,"joined":true,"last_error_code":"","messages_received":44632,"messages_sent":62096,"pending_blocking":0,"snapshot_updates":44587},"event":"CLIENT_HEALTH","player":"b","process_id":4048,"time_msec":2247744}
[m7_client] {"details":{"async_rejections":0,"async_results":0,"buffered_results":0,"item_updates":1,"joined":true,"last_error_code":"","messages_received":44672,"messages_sent":62152,"pending_blocking":0,"snapshot_updates":44627},"event":"CLIENT_HEALTH","player":"b","process_id":4048,"time_msec":2249744}
[m7_client] {"details":{"async_rejections":0,"async_results":0,"buffered_results":0,"item_updates":1,"joined":true,"last_error_code":"","messages_received":44713,"messages_sent":62208,"pending_blocking":0,"snapshot_updates":44668},"event":"CLIENT_HEALTH","player":"b","process_id":4048,"time_msec":2251751}
[m7_client] {"details":{"async_rejections":0,"async_results":0,"buffered_results":0,"item_updates":1,"joined":true,"last_error_code":"","messages_received":44752,"messages_sent":62264,"pending_blocking":0,"snapshot_updates":44707},"event":"CLIENT_HEALTH","player":"b","process_id":4048,"time_msec":2253754}
[m7_client] {"details":{"async_rejections":0,"async_results":0,"buffered_results":0,"item_updates":1,"joined":true,"last_error_code":"","messages_received":44793,"messages_sent":62321,"pending_blocking":0,"snapshot_updates":44748},"event":"CLIENT_HEALTH","player":"b","process_id":4048,"time_msec":2255757}
[m7_client] {"details":{"async_rejections":0,"async_results":0,"buffered_results":0,"item_updates":1,"joined":true,"last_error_code":"","messages_received":44833,"messages_sent":62378,"pending_blocking":0,"snapshot_updates":44788},"event":"CLIENT_HEALTH","player":"b","process_id":4048,"time_msec":2257764}
[m7_client] {"details":{"async_rejections":0,"async_results":0,"buffered_results":0,"item_updates":1,"joined":true,"last_error_code":"","messages_received":44873,"messages_sent":62434,"pending_blocking":0,"snapshot_updates":44828},"event":"CLIENT_HEALTH","player":"b","process_id":4048,"time_msec":2259765}
[m7_client] {"details":{"async_rejections":0,"async_results":0,"buffered_results":0,"item_updates":1,"joined":true,"last_error_code":"","messages_received":44913,"messages_sent":62490,"pending_blocking":0,"snapshot_updates":44868},"event":"CLIENT_HEALTH","player":"b","process_id":4048,"time_msec":2261767}
[m7_client] {"details":{"async_rejections":0,"async_results":0,"buffered_results":0,"item_updates":1,"joined":true,"last_error_code":"","messages_received":44953,"messages_sent":62546,"pending_blocking":0,"snapshot_updates":44908},"event":"CLIENT_HEALTH","player":"b","process_id":4048,"time_msec":2263768}
[m7_client] {"details":{"async_rejections":0,"async_results":0,"buffered_results":0,"item_updates":1,"joined":true,"last_error_code":"","messages_received":44993,"messages_sent":62603,"pending_blocking":0,"snapshot_updates":44948},"event":"CLIENT_HEALTH","player":"b","process_id":4048,"time_msec":2265773}
[m7_client] {"details":{"async_rejections":0,"async_results":0,"buffered_results":0,"item_updates":1,"joined":true,"last_error_code":"","messages_received":45033,"messages_sent":62660,"pending_blocking":0,"snapshot_updates":44988},"event":"CLIENT_HEALTH","player":"b","process_id":4048,"time_msec":2267779}
[m7_client] {"details":{"async_rejections":0,"async_results":0,"buffered_results":0,"item_updates":1,"joined":true,"last_error_code":"","messages_received":45073,"messages_sent":62717,"pending_blocking":0,"snapshot_updates":45028},"event":"CLIENT_HEALTH","player":"b","process_id":4048,"time_msec":2269779}
[m7_client] {"details":{"async_rejections":0,"async_results":0,"buffered_results":0,"item_updates":1,"joined":true,"last_error_code":"","messages_received":45113,"messages_sent":62773,"pending_blocking":0,"snapshot_updates":45068},"event":"CLIENT_HEALTH","player":"b","process_id":4048,"time_msec":2271783}
[m7_client] {"details":{"async_rejections":0,"async_results":0,"buffered_results":0,"item_updates":1,"joined":true,"last_error_code":"","messages_received":45153,"messages_sent":62830,"pending_blocking":0,"snapshot_updates":45108},"event":"CLIENT_HEALTH","player":"b","process_id":4048,"time_msec":2273783}
[m7_client] {"details":{"async_rejections":0,"async_results":0,"buffered_results":0,"item_updates":1,"joined":true,"last_error_code":"","messages_received":45193,"messages_sent":62887,"pending_blocking":0,"snapshot_updates":45148},"event":"CLIENT_HEALTH","player":"b","process_id":4048,"time_msec":2275783}
[m7_client] {"details":{"async_rejections":0,"async_results":0,"buffered_results":0,"item_updates":1,"joined":true,"last_error_code":"","messages_received":45233,"messages_sent":62943,"pending_blocking":0,"snapshot_updates":45188},"event":"CLIENT_HEALTH","player":"b","process_id":4048,"time_msec":2277783}
[m7_client] {"details":{"async_rejections":0,"async_results":0,"buffered_results":0,"item_updates":1,"joined":true,"last_error_code":"","messages_received":45273,"messages_sent":63000,"pending_blocking":0,"snapshot_updates":45228},"event":"CLIENT_HEALTH","player":"b","process_id":4048,"time_msec":2279783}
[m7_client] {"details":{"async_rejections":0,"async_results":0,"buffered_results":0,"item_updates":1,"joined":true,"last_error_code":"","messages_received":45313,"messages_sent":63057,"pending_blocking":0,"snapshot_updates":45268},"event":"CLIENT_HEALTH","player":"b","process_id":4048,"time_msec":2281788}
[m7_client] {"details":{"async_rejections":0,"async_results":0,"buffered_results":0,"item_updates":1,"joined":true,"last_error_code":"","messages_received":45353,"messages_sent":63114,"pending_blocking":0,"snapshot_updates":45308},"event":"CLIENT_HEALTH","player":"b","process_id":4048,"time_msec":2283790}
[m7_client] {"details":{"async_rejections":0,"async_results":0,"buffered_results":0,"item_updates":1,"joined":true,"last_error_code":"","messages_received":45393,"messages_sent":63170,"pending_blocking":0,"snapshot_updates":45348},"event":"CLIENT_HEALTH","player":"b","process_id":4048,"time_msec":2285794}
[m7_client] {"details":{"async_rejections":0,"async_results":0,"buffered_results":0,"item_updates":1,"joined":true,"last_error_code":"","messages_received":45433,"messages_sent":63227,"pending_blocking":0,"snapshot_updates":45388},"event":"CLIENT_HEALTH","player":"b","process_id":4048,"time_msec":2287795}
[m7_client] {"details":{"async_rejections":0,"async_results":0,"buffered_results":0,"item_updates":1,"joined":true,"last_error_code":"","messages_received":45473,"messages_sent":63284,"pending_blocking":0,"snapshot_updates":45428},"event":"CLIENT_HEALTH","player":"b","process_id":4048,"time_msec":2289800}
[m7_client] {"details":{"async_rejections":0,"async_results":0,"buffered_results":0,"item_updates":1,"joined":true,"last_error_code":"","messages_received":45513,"messages_sent":63340,"pending_blocking":0,"snapshot_updates":45468},"event":"CLIENT_HEALTH","player":"b","process_id":4048,"time_msec":2291800}
[m7_client] {"details":{"async_rejections":0,"async_results":0,"buffered_results":0,"item_updates":1,"joined":true,"last_error_code":"","messages_received":45553,"messages_sent":63396,"pending_blocking":0,"snapshot_updates":45508},"event":"CLIENT_HEALTH","player":"b","process_id":4048,"time_msec":2293800}
[m7_client] {"details":{"async_rejections":0,"async_results":0,"buffered_results":0,"item_updates":1,"joined":true,"last_error_code":"","messages_received":45593,"messages_sent":63453,"pending_blocking":0,"snapshot_updates":45548},"event":"CLIENT_HEALTH","player":"b","process_id":4048,"time_msec":2295801}
[m7_client] {"details":{"async_rejections":0,"async_results":0,"buffered_results":0,"item_updates":1,"joined":true,"last_error_code":"","messages_received":45634,"messages_sent":63508,"pending_blocking":0,"snapshot_updates":45589},"event":"CLIENT_HEALTH","player":"b","process_id":4048,"time_msec":2297808}
[m7_client] {"details":{"async_rejections":0,"async_results":0,"buffered_results":0,"item_updates":1,"joined":true,"last_error_code":"","messages_received":45674,"messages_sent":63565,"pending_blocking":0,"snapshot_updates":45629},"event":"CLIENT_HEALTH","player":"b","process_id":4048,"time_msec":2299814}
[m7_client] {"details":{"async_rejections":0,"async_results":0,"buffered_results":0,"item_updates":1,"joined":true,"last_error_code":"","messages_received":45714,"messages_sent":63622,"pending_blocking":0,"snapshot_updates":45669},"event":"CLIENT_HEALTH","player":"b","process_id":4048,"time_msec":2301814}
[m7_client] {"details":{"async_rejections":0,"async_results":0,"buffered_results":0,"item_updates":1,"joined":true,"last_error_code":"","messages_received":45754,"messages_sent":63678,"pending_blocking":0,"snapshot_updates":45709},"event":"CLIENT_HEALTH","player":"b","process_id":4048,"time_msec":2303817}
[m7_client] {"details":{"async_rejections":0,"async_results":0,"buffered_results":0,"item_updates":1,"joined":true,"last_error_code":"","messages_received":45794,"messages_sent":63735,"pending_blocking":0,"snapshot_updates":45749},"event":"CLIENT_HEALTH","player":"b","process_id":4048,"time_msec":2305817}
[m7_client] {"details":{"async_rejections":0,"async_results":0,"buffered_results":0,"item_updates":1,"joined":true,"last_error_code":"","messages_received":45834,"messages_sent":63792,"pending_blocking":0,"snapshot_updates":45789},"event":"CLIENT_HEALTH","player":"b","process_id":4048,"time_msec":2307818}
[m7_client] {"details":{"async_rejections":0,"async_results":0,"buffered_results":0,"item_updates":1,"joined":true,"last_error_code":"","messages_received":45874,"messages_sent":63848,"pending_blocking":0,"snapshot_updates":45829},"event":"CLIENT_HEALTH","player":"b","process_id":4048,"time_msec":2309819}
[m7_client] {"details":{"async_rejections":0,"async_results":0,"buffered_results":0,"item_updates":1,"joined":true,"last_error_code":"","messages_received":45914,"messages_sent":63904,"pending_blocking":0,"snapshot_updates":45869},"event":"CLIENT_HEALTH","player":"b","process_id":4048,"time_msec":2311822}
[m7_client] {"details":{"async_rejections":0,"async_results":0,"buffered_results":0,"item_updates":1,"joined":true,"last_error_code":"","messages_received":45954,"messages_sent":63961,"pending_blocking":0,"snapshot_updates":45909},"event":"CLIENT_HEALTH","player":"b","process_id":4048,"time_msec":2313822}
[m7_client] {"details":{"async_rejections":0,"async_results":0,"buffered_results":0,"item_updates":1,"joined":true,"last_error_code":"","messages_received":45994,"messages_sent":64018,"pending_blocking":0,"snapshot_updates":45949},"event":"CLIENT_HEALTH","player":"b","process_id":4048,"time_msec":2315822}
[m7_client] {"details":{"async_rejections":0,"async_results":0,"buffered_results":0,"item_updates":1,"joined":true,"last_error_code":"","messages_received":46034,"messages_sent":64074,"pending_blocking":0,"snapshot_updates":45989},"event":"CLIENT_HEALTH","player":"b","process_id":4048,"time_msec":2317822}
[m7_client] {"details":{"async_rejections":0,"async_results":0,"buffered_results":0,"item_updates":1,"joined":true,"last_error_code":"","messages_received":46074,"messages_sent":64130,"pending_blocking":0,"snapshot_updates":46029},"event":"CLIENT_HEALTH","player":"b","process_id":4048,"time_msec":2319822}
[m7_client] {"details":{"async_rejections":0,"async_results":0,"buffered_results":0,"item_updates":1,"joined":true,"last_error_code":"","messages_received":46114,"messages_sent":64187,"pending_blocking":0,"snapshot_updates":46069},"event":"CLIENT_HEALTH","player":"b","process_id":4048,"time_msec":2321822}
[m7_client] {"details":{"async_rejections":0,"async_results":0,"buffered_results":0,"item_updates":1,"joined":true,"last_error_code":"","messages_received":46154,"messages_sent":64244,"pending_blocking":0,"snapshot_updates":46109},"event":"CLIENT_HEALTH","player":"b","process_id":4048,"time_msec":2323822}
[m7_client] {"details":{"async_rejections":0,"async_results":0,"buffered_results":0,"item_updates":1,"joined":true,"last_error_code":"","messages_received":46194,"messages_sent":64301,"pending_blocking":0,"snapshot_updates":46149},"event":"CLIENT_HEALTH","player":"b","process_id":4048,"time_msec":2325829}
[m7_client] {"details":{"async_rejections":0,"async_results":0,"buffered_results":0,"item_updates":1,"joined":true,"last_error_code":"","messages_received":46234,"messages_sent":64357,"pending_blocking":0,"snapshot_updates":46189},"event":"CLIENT_HEALTH","player":"b","process_id":4048,"time_msec":2327833}
[m7_client] {"details":{"async_rejections":0,"async_results":0,"buffered_results":0,"item_updates":1,"joined":true,"last_error_code":"","messages_received":46274,"messages_sent":64414,"pending_blocking":0,"snapshot_updates":46229},"event":"CLIENT_HEALTH","player":"b","process_id":4048,"time_msec":2329833}
[m7_client] {"details":{"async_rejections":0,"async_results":0,"buffered_results":0,"item_updates":1,"joined":true,"last_error_code":"","messages_received":46313,"messages_sent":64470,"pending_blocking":0,"snapshot_updates":46266},"event":"CLIENT_HEALTH","player":"b","process_id":4048,"time_msec":2331833}
[m7_client] {"details":{"async_rejections":0,"async_results":0,"buffered_results":0,"item_updates":1,"joined":true,"last_error_code":"","messages_received":46353,"messages_sent":64527,"pending_blocking":0,"snapshot_updates":46306},"event":"CLIENT_HEALTH","player":"b","process_id":4048,"time_msec":2333835}
[m7_client] {"details":{"async_rejections":0,"async_results":0,"buffered_results":0,"item_updates":1,"joined":true,"last_error_code":"","messages_received":46393,"messages_sent":64583,"pending_blocking":0,"snapshot_updates":46346},"event":"CLIENT_HEALTH","player":"b","process_id":4048,"time_msec":2335835}
[m7_client] {"details":{"async_rejections":0,"async_results":0,"buffered_results":0,"item_updates":1,"joined":true,"last_error_code":"","messages_received":46433,"messages_sent":64639,"pending_blocking":0,"snapshot_updates":46386},"event":"CLIENT_HEALTH","player":"b","process_id":4048,"time_msec":2337839}
[m7_client] {"details":{"async_rejections":0,"async_results":0,"buffered_results":0,"item_updates":1,"joined":true,"last_error_code":"","messages_received":46473,"messages_sent":64696,"pending_blocking":0,"snapshot_updates":46426},"event":"CLIENT_HEALTH","player":"b","process_id":4048,"time_msec":2339845}
[m7_client] {"details":{"async_rejections":0,"async_results":0,"buffered_results":0,"item_updates":1,"joined":true,"last_error_code":"","messages_received":46513,"messages_sent":64753,"pending_blocking":0,"snapshot_updates":46466},"event":"CLIENT_HEALTH","player":"b","process_id":4048,"time_msec":2341852}
[m7_client] {"details":{"async_rejections":0,"async_results":0,"buffered_results":0,"item_updates":1,"joined":true,"last_error_code":"","messages_received":46553,"messages_sent":64809,"pending_blocking":0,"snapshot_updates":46506},"event":"CLIENT_HEALTH","player":"b","process_id":4048,"time_msec":2343856}
[m7_client] {"details":{"async_rejections":0,"async_results":0,"buffered_results":0,"item_updates":1,"joined":true,"last_error_code":"","messages_received":46593,"messages_sent":64865,"pending_blocking":0,"snapshot_updates":46546},"event":"CLIENT_HEALTH","player":"b","process_id":4048,"time_msec":2345856}
[m7_client] {"details":{"async_rejections":0,"async_results":0,"buffered_results":0,"item_updates":1,"joined":true,"last_error_code":"","messages_received":46633,"messages_sent":64922,"pending_blocking":0,"snapshot_updates":46586},"event":"CLIENT_HEALTH","player":"b","process_id":4048,"time_msec":2347856}
[m7_client] {"details":{"async_rejections":0,"async_results":0,"buffered_results":0,"item_updates":1,"joined":true,"last_error_code":"","messages_received":46673,"messages_sent":64978,"pending_blocking":0,"snapshot_updates":46626},"event":"CLIENT_HEALTH","player":"b","process_id":4048,"time_msec":2349856}
[m7_client] {"details":{"async_rejections":0,"async_results":0,"buffered_results":0,"item_updates":1,"joined":true,"last_error_code":"","messages_received":46713,"messages_sent":65034,"pending_blocking":0,"snapshot_updates":46666},"event":"CLIENT_HEALTH","player":"b","process_id":4048,"time_msec":2351858}
[m7_client] {"details":{"async_rejections":0,"async_results":0,"buffered_results":0,"item_updates":1,"joined":true,"last_error_code":"","messages_received":46753,"messages_sent":65090,"pending_blocking":0,"snapshot_updates":46706},"event":"CLIENT_HEALTH","player":"b","process_id":4048,"time_msec":2353862}
[m7_client] {"details":{"async_rejections":0,"async_results":0,"buffered_results":0,"item_updates":1,"joined":true,"last_error_code":"","messages_received":46793,"messages_sent":65146,"pending_blocking":0,"snapshot_updates":46746},"event":"CLIENT_HEALTH","player":"b","process_id":4048,"time_msec":2355862}
[m7_client] {"details":{"async_rejections":0,"async_results":0,"buffered_results":0,"item_updates":1,"joined":true,"last_error_code":"","messages_received":46833,"messages_sent":65202,"pending_blocking":0,"snapshot_updates":46786},"event":"CLIENT_HEALTH","player":"b","process_id":4048,"time_msec":2357868}
[m7_client] {"details":{"async_rejections":0,"async_results":0,"buffered_results":0,"item_updates":1,"joined":true,"last_error_code":"","messages_received":46872,"messages_sent":65259,"pending_blocking":0,"snapshot_updates":46825},"event":"CLIENT_HEALTH","player":"b","process_id":4048,"time_msec":2359872}
[m7_client] {"details":{"async_rejections":0,"async_results":0,"buffered_results":0,"item_updates":1,"joined":true,"last_error_code":"","messages_received":46912,"messages_sent":65315,"pending_blocking":0,"snapshot_updates":46865},"event":"CLIENT_HEALTH","player":"b","process_id":4048,"time_msec":2361873}
[m7_client] {"details":{"async_rejections":0,"async_results":0,"buffered_results":0,"item_updates":1,"joined":true,"last_error_code":"","messages_received":46952,"messages_sent":65370,"pending_blocking":0,"snapshot_updates":46905},"event":"CLIENT_HEALTH","player":"b","process_id":4048,"time_msec":2363873}
[m7_client] {"details":{"async_rejections":0,"async_results":0,"buffered_results":0,"item_updates":1,"joined":true,"last_error_code":"","messages_received":46992,"messages_sent":65426,"pending_blocking":0,"snapshot_updates":46945},"event":"CLIENT_HEALTH","player":"b","process_id":4048,"time_msec":2365875}
[m7_client] {"details":{"async_rejections":0,"async_results":0,"buffered_results":0,"item_updates":1,"joined":true,"last_error_code":"","messages_received":47032,"messages_sent":65483,"pending_blocking":0,"snapshot_updates":46985},"event":"CLIENT_HEALTH","player":"b","process_id":4048,"time_msec":2367875}
[m7_client] {"details":{"async_rejections":0,"async_results":0,"buffered_results":0,"item_updates":1,"joined":true,"last_error_code":"","messages_received":47072,"messages_sent":65540,"pending_blocking":0,"snapshot_updates":47025},"event":"CLIENT_HEALTH","player":"b","process_id":4048,"time_msec":2369877}
[m7_client] {"details":{"details":{},"error_code":"","event_id":"transport-event/enet/4048/47101","event_type":"PEER_DISCONNECTED","frame":{},"monotonic_ms":2371230,"peer_id":"peer/enet/m3-dedicated-server","schema":"planet_simulator.network_transport_event.v2","sequence":0,"session_id":"transport-session/m3/b/4048/2959"},"event":"SERVER_DISCONNECTED","player":"b","process_id":4048,"time_msec":2371230}
ERROR: Graphical game client server disconnected: { "schema": "planet_simulator.m3_graphical_client_runtime.v1", "checkpoint": "v16.14.0-network-nx4-client-prediction-reconciliation", "build_id": "nx4-client-prediction-reconciliation", "gameplay_checkpoint": "v16.10.6.1-testing-m7-playable-networked-playground", "gameplay_build_id": "m7-playable-networked-playground", "configured": true, "joined": false, "logical_player_id": "b", "player_entity_id": "player/b", "ownership_epoch": 2, "transport_session_id": "transport-session/m3/b/4048/2959", "join_operation_id": "operation/m3/b/join/1faad300e6703677", "input_sequence": 130124, "messages_sent": 65578, "messages_received": 47099, "snapshot_updates": 47052, "delta_updates": 0, "server_disconnects": 1, "last_error_code": "", "display_server": "Windows", "replica": { "schema": "planet_simulator.multiplayer_gameplay_replica_store.v1", "configured": true, "revision": 255796, "snapshot_deliveries": 47052, "delta_deliveries": 0, "replays": 1, "superseded_deltas": 0, "clock_only_snapshot_updates": 0, "stale_clock_only_snapshots": 0, "direct_authority_references": 0, "direct_domain_references": 0 }, "snapshot_checksum": "d6f6db418eca48fec7713054835735f34534491071941d5d67fa2b29a1cca4e8", "item_graph_checksum": "4cbef4e954a12a08e975c814c6f2b42eee088ea27f0966b1dd58908c09013e27", "item_snapshot_updates": 1, "pending_blocking_command_count": 0, "buffered_command_result_count": 0, "pending_operation_timer_count": 0, "async_command_results": 0, "async_command_rejections": 0, "realtime_traffic": { "channel_policy": { "schema": "planet_simulator.realtime_channel_policy.v1", "enet_channel_count": 6, "canonical_channels": ["CONTROL", "INPUT", "SNAPSHOT", "ITEM", "RESYNC", "TELEMETRY"], "legacy_aliases": { "COMMAND": { "index": 3, "default_delivery": "RELIABLE_ORDERED", "priority": 1, "coalesce_latest": false }, "STATE": { "index": 2, "default_delivery": "RELIABLE_ORDERED", "priority": 4, "coalesce_latest": false }, "EVENT": { "index": 2, "default_delivery": "RELIABLE_ORDERED", "priority": 4, "coalesce_latest": false }, "JOB": { "index": 4, "default_delivery": "RELIABLE_ORDERED", "priority": 2, "coalesce_latest": false }, "BULK": { "index": 4, "default_delivery": "RELIABLE_ORDERED", "priority": 2, "coalesce_latest": false } }, "mapping": { "CONTROL": { "index": 0, "default_delivery": "RELIABLE_ORDERED", "priority": 0, "coalesce_latest": false }, "INPUT": { "index": 1, "default_delivery": "UNRELIABLE_SEQUENCED", "priority": 3, "coalesce_latest": true }, "SNAPSHOT": { "index": 2, "default_delivery": "UNRELIABLE_SEQUENCED", "priority": 4, "coalesce_latest": true }, "ITEM": { "index": 3, "default_delivery": "RELIABLE_ORDERED", "priority": 1, "coalesce_latest": false }, "RESYNC": { "index": 4, "default_delivery": "RELIABLE_ORDERED", "priority": 2, "coalesce_latest": false }, "TELEMETRY": { "index": 5, "default_delivery": "UNRELIABLE_SEQUENCED", "priority": 5, "coalesce_latest": true } } }, "input_batches_sent": 65536, "input_entries_sent": 65705, "input_redundancy_entries_sent": 169, "input_batches_coalesced": 2598, "input_batch_retransmissions": 1751, "input_history_pruned": 11839, "pending_input_batch_dirty": false, "input_send_interval_ms": 33, "movement_acknowledged_by_snapshot": 0, "item_delta_updates": 13, "item_delta_rejections": 0, "item_resync_requests_sent": 0, "item_resync_pending": false, "compact_snapshot_updates": 47037, "compact_snapshot_rejections": 2, "compact_snapshot_clock_updates": 0 }, "client_prediction": { "enabled": true, "frames": 382424, "submit_failures": 0, "advance_failures": 0, "reconcile_failures": 0, "updates_emitted": 382424, "runtime": { "schema": "planet_simulator.client_prediction_reconciler.v1", "configured": true, "tick_rate_hz": 60, "fixed_delta_seconds": 0.01666666666667, "history_policy": "SERVER_TICK_KEYED_RING_BUFFER_V1", "replay_policy": "AUTHORITATIVE_BASELINE_REPLAY_UNACKNOWLEDGED_TICKS_V1", "correction_policy": "VISUAL_OFFSET_DECAY_THRESHOLDS_V1", "clock_only_snapshot_policy": "FUTURE_IDENTICAL_STATE_ADVANCES_CLOCK_PRESERVES_SMOOTHING_V2", "history_miss_policy": "AUTHORITATIVE_RESET_WHEN_SNAPSHOT_TICK_OUTSIDE_RING_V1", "max_history_ticks": 256, "prediction_tick": 397035, "last_authoritative_tick": 397031, "current_input_sequence": 130124, "last_authoritative_sequence": 130123, "history_size": 4, "ticks_predicted": 139051, "ticks_replayed": 27399, "reconciliations": 47052, "corrections": 199, "hard_corrections": 0, "history_overflows": 0, "replay_failures": 0, "history_miss_resets": 2, "last_error_m": 0.0, "maximum_error_m": 0.5999426384081, "last_correction_mode": "NONE", "visual_offset_m": 0.0, "scheduler": { "schema": "planet_simulator.fixed_tick_scheduler.v1", "tick_rate_hz": 60, "tick_delta_seconds": 0.01666666666667, "max_catch_up_ticks": 8, "max_frame_delta_seconds": 0.25, "server_tick": 397035, "accumulator_seconds": 0.00602766666663, "ticks_emitted": 93659, "catch_up_limit_hits": 0, "dropped_time_seconds": 0.0 } } }, "direct_authority_references": 0, "direct_domain_references": 0, "resolved_user_data_dir": "C:/distributed-world-simulator/live1/wt-20260927-191145/artifacts/live1/20260927-191145/profiles/client-b/roaming/Godot/app_userdata/Real Scale Procedural Moon", "automated_acceptance": false, "playable_sandbox": true, "network_fingerprint": { "schema": "planet_simulator.network_build_fingerprint.v1", "build_id": "nx4-client-prediction-reconciliation", "git_commit": "ac8ae0afdd47e0f290dbbc8af396add7aba60cda", "protocol_hash": "da5fe8191b14b39aa7cd6bbd91708e53e825135955ad7ca718fc04235e30b9d5", "world_id": "earth", "session_token": "session-id/local-development", "checksum": "dac8d4df1942c22900e8d3d272293d210cf5c173fe6e9155a17e91f7b7aa3dd0" }, "network_protocol_manifest": { "schema": "planet_simulator.network_protocol_manifest.v1", "manifest_version": 1, "contract_versions": { "protocol_frame": { "schema": "planet_simulator.protocol_frame.v2", "protocol_version": 2 }, "transport_event": { "schema": "planet_simulator.network_transport_event.v2" }, "peer_session": { "schema": "planet_simulator.network_peer_session.v2", "incoming_sequence_stream_policy": "DELIVERY_CLASS_ENET_CHANNEL_V1", "reliable_sequence_policy": "MONOTONIC_PER_STREAM_GLOBAL_GAPS_V1", "unreliable_sequence_policy": "GAP_TOLERANT_LATEST_WINS_V1" }, "transport_boundary": { "schema": "planet_simulator.network_transport_boundary.v2" }, "transport_port": { "schema": "planet_simulator.network_transport_port.v2" }, "enet_transport": { "physical_frame_binding_policy": "STRICT_CHANNEL_AND_TRANSFER_MODE_V1", "physical_mismatch_handling_policy": "PEER_LOCAL_QUARANTINE_V1" }, "m3_message": { "schema": "planet_simulator.m3.graphical_multiplayer_message.v1" }, "player_input": { "schema": "planet_simulator.player_input_command.v1" }, "player_input_batch": { "schema": "planet_simulator.player_input_batch.v2", "max_inputs": 3, "history_policy": "LAST_THREE_STATE_TRANSITIONS_FIXED_TICK_V1", "server_delta_policy": "IGNORED_SERVER_FIXED_TICK_V1", "sequence_order_policy": "WRAP_AWARE_FORWARD_ORDER_V1" }, "player_snapshot": { "schema": "planet_simulator.player_state_snapshot.v1" }, "player_delta": { "schema": "planet_simulator.player_state_delta.v1" }, "command_result": { "schema": "planet_simulator.networked_gameplay_command_result.v1" }, "item_graph_snapshot": { "schema": "planet_simulator.item_graph_snapshot.v1" }, "item_graph_delta": { "schema": "planet_simulator.item_graph_delta.v1" }, "canonical_item_graph_delta": { "schema": "planet_simulator.canonical_item_graph_delta.v1", "validation_policy": "STRICT_JSON_INTEGER_LOWERCASE_SHA256_V1" }, "compact_gameplay_snapshot": { "schema": "planet_simulator.compact_gameplay_snapshot.v1" }, "input_sequence": { "schema": "planet_simulator.input_sequence.v1", "max_sequence": 2147483647, "half_range": 1073741823 }, "fixed_tick_scheduler": { "schema": "planet_simulator.fixed_tick_scheduler.v1", "tick_rate_hz": 60, "max_catch_up_ticks": 8 }, "fixed_tick_input_buffer": { "schema": "planet_simulator.fixed_tick_input_buffer.v1", "selection_policy": "FIFO_STATE_TRANSITIONS_ONE_PER_FIXED_TICK_V1", "jump_policy": "EDGE_ON_CONSUMED_INPUT_V1", "hold_policy": "LAST_INPUT_WITH_250MS_FAILSAFE_V1", "max_pending_inputs": 64, "max_sequence_ahead": 2048, "max_queue_age_ticks": 120 }, "client_prediction_reconciler": { "schema": "planet_simulator.client_prediction_reconciler.v1", "tick_rate_hz": 60, "max_history_ticks": 256, "history_policy": "SERVER_TICK_KEYED_RING_BUFFER_V1", "replay_policy": "AUTHORITATIVE_BASELINE_REPLAY_UNACKNOWLEDGED_TICKS_V1", "correction_policy": "VISUAL_OFFSET_DECAY_THRESHOLDS_V1", "clock_only_snapshot_policy": "FUTURE_IDENTICAL_STATE_ADVANCES_CLOCK_PRESERVES_SMOOTHING_V2", "history_miss_policy": "AUTHORITATIVE_RESET_WHEN_SNAPSHOT_TICK_OUTSIDE_RING_V1", "hard_correction_threshold_m": 2.0 }, "compatibility_hello": { "schema": "planet_simulator.network_compatibility_hello.v1" }, "compatibility_ack": { "schema": "planet_simulator.network_compatibility_ack.v1" }, "compatibility_rejection": { "schema": "planet_simulator.network_compatibility_rejection.v1" }, "observability_sample": { "schema": "planet_simulator.network_observability_sample.v1" }, "network_condition_profile": { "schema": "planet_simulator.network_condition_profile.v1" }, "network_condition_simulator_port": { "schema": "planet_simulator.network_condition_simulator_port.v1" }, "resource_mine_command": { "schema": "planet_simulator.resource_mine_command.v1", "command_type": "resource.mine", "transport_message_type": "RESOURCE_COMMAND" }, "resource_mining_snapshot": { "schema": "planet_simulator.resource_mining_snapshot.v1", "transport_message_type": "RESOURCE_SNAPSHOT" }, "resource_mining_delta": { "schema": "planet_simulator.resource_mining_delta.v1", "transport_message_type": "RESOURCE_DELTA" }, "resource_mining_policy": { "mining_range_m": 5.0, "command_channel": "CONTROL", "delta_channel": "ITEM", "snapshot_channel": "RESYNC" } }, "channel_policy": { "schema": "planet_simulator.realtime_channel_policy.v1", "enet_channel_count": 6, "canonical_channels": ["CONTROL", "INPUT", "SNAPSHOT", "ITEM", "RESYNC", "TELEMETRY"], "legacy_aliases": { "COMMAND": { "index": 3, "default_delivery": "RELIABLE_ORDERED", "priority": 1, "coalesce_latest": false }, "STATE": { "index": 2, "default_delivery": "RELIABLE_ORDERED", "priority": 4, "coalesce_latest": false }, "EVENT": { "index": 2, "default_delivery": "RELIABLE_ORDERED", "priority": 4, "coalesce_latest": false }, "JOB": { "index": 4, "default_delivery": "RELIABLE_ORDERED", "priority": 2, "coalesce_latest": false }, "BULK": { "index": 4, "default_delivery": "RELIABLE_ORDERED", "priority": 2, "coalesce_latest": false } }, "mapping": { "CONTROL": { "index": 0, "default_delivery": "RELIABLE_ORDERED", "priority": 0, "coalesce_latest": false }, "INPUT": { "index": 1, "default_delivery": "UNRELIABLE_SEQUENCED", "priority": 3, "coalesce_latest": true }, "SNAPSHOT": { "index": 2, "default_delivery": "UNRELIABLE_SEQUENCED", "priority": 4, "coalesce_latest": true }, "ITEM": { "index": 3, "default_delivery": "RELIABLE_ORDERED", "priority": 1, "coalesce_latest": false }, "RESYNC": { "index": 4, "default_delivery": "RELIABLE_ORDERED", "priority": 2, "coalesce_latest": false }, "TELEMETRY": { "index": 5, "default_delivery": "UNRELIABLE_SEQUENCED", "priority": 5, "coalesce_latest": true } }, "frame_channels": ["CONTROL", "INPUT", "SNAPSHOT", "ITEM", "RESYNC", "TELEMETRY", "COMMAND", "STATE", "EVENT", "JOB", "BULK"], "delivery_modes": ["RELIABLE_ORDERED", "RELIABLE_UNORDERED", "UNRELIABLE_SEQUENCED"], "queue_policy": { "partition": "PEER_DELIVERY_CHANNEL_STREAM_V1", "realtime_coalescing": "LATEST_PENDING_TRANSACTIONAL_REPLACEMENT_PER_STREAM_V1", "reliable_ordering": "FIFO_PER_STREAM_V1", "flush_fairness": "PRIORITY_ROUND_ROBIN_V1", "unreliable_transport_mapping": "RAW_ENET_UNRELIABLE_APPLICATION_SEQUENCED_V1" } }, "protocol_hash": "da5fe8191b14b39aa7cd6bbd91708e53e825135955ad7ca718fc04235e30b9d5" }, "compatibility_handshake": { "handshake_id": "handshake/m3/b/4048/9839", "hello_sent": true, "verified": true, "rejections": 0, "rtt_ms": 14.0 }, "network_conditions": { "schema": "planet_simulator.network_condition_simulator_port.v1", "configured": true, "started": true, "mode": "CLIENT", "clock_mode": "REAL", "now_ms": 2371231, "profile": { "bandwidth_limit_kbps": 0.0, "burst_loss_duration_ms": 0.0, "burst_loss_probability_percent": 0.0, "checksum": "52a8e615a7f0b15a3066d866a2818cb36207da69d4fe78403cb128c79b6d1e2a", "disconnect_duration_ms": 0.0, "duplicate_percent": 0.0, "incoming_latency_max_ms": 0.0, "incoming_latency_min_ms": 0.0, "jitter_ms": 0.0, "lag_spike_ms": 0.0, "outgoing_latency_max_ms": 0.0, "outgoing_latency_min_ms": 0.0, "packet_loss_percent": 0.0, "profile_id": "LOCAL", "queue_limit_bytes": 0.0, "random_seed": 1001.0, "reorder_percent": 0.0, "schema": "planet_simulator.network_condition_profile.v1" }, "profile_generation": 1, "passthrough": true, "outgoing_queue_messages": 0, "outgoing_queue_bytes": 0, "incoming_queue_messages": 0, "incoming_queue_bytes": 0, "ready_events": 0, "ready_message_events": 0, "ready_message_events_blocked": 0, "blackout_until_ms": { "OUTGOING": 0, "INCOMING": 0 }, "manual_spike_until_ms": { "OUTGOING": 0, "INCOMING": 0 }, "counters": { "network_simulator_profile_switches": 1, "network_simulator_client_connects": 1, "network_simulator_packets_passthrough": 112677 }, "delegate": { "mode": "CLIENT", "started": true, "peer_count": 1, "logical_to_numeric": { "peer/enet/m3-dedicated-server": 1 }, "queued_events": 0, "peer_statistics": { "peer/enet/m3-dedicated-server": {  } } } }, "network_telemetry": { "schema": "planet_simulator.network_observability_sample.v1", "sample_id": "network-sample/client/3", "runtime_role": "client", "captured_at_ms": 2371231, "fingerprint": { "schema": "planet_simulator.network_build_fingerprint.v1", "build_id": "nx4-client-prediction-reconciliation", "git_commit": "ac8ae0afdd47e0f290dbbc8af396add7aba60cda", "protocol_hash": "da5fe8191b14b39aa7cd6bbd91708e53e825135955ad7ca718fc04235e30b9d5", "world_id": "earth", "session_token": "session-id/local-development", "checksum": "dac8d4df1942c22900e8d3d272293d210cf5c173fe6e9155a17e91f7b7aa3dd0" }, "counters": { "network_simulator_profile_switches": 1, "network_simulator_client_connects": 1, "transport_client_connects": 1, "client_process_iterations": 388684, "transport_peer_connected_events": 1, "transport_frames_queued": 65578, "network_simulator_packets_passthrough": 112677, "transport_frames_dispatched": 65578, "handshake_hello_sent": 1, "transport_message_events": 47099, "handshake_ack_received": 1, "transport_unreliable_sequence_gaps": 52703, "prediction_corrections": 199, "transport_peer_disconnected_events": 1 }, "gauges": { "network_simulator_profile_generation": 1.0, "network_simulator_outgoing_queue_messages": 0.0, "network_simulator_outgoing_queue_bytes": 0.0, "network_simulator_incoming_queue_messages": 0.0, "network_simulator_incoming_queue_bytes": 0.0, "network_simulator_ready_events": 0.0, "network_simulator_ready_message_events": 0.0, "network_simulator_ready_message_events_blocked": 0.0, "network_simulator_outgoing_blackout_remaining_ms": 0.0, "network_simulator_incoming_blackout_remaining_ms": 0.0, "transport_outbound_pending_messages": 0.0, "transport_outbound_pending_bytes": 0.0, "reliable_queue_depth_messages": 0.0, "reliable_queue_depth_bytes": 0.0, "pending_blocking_commands": 0.0, "buffered_command_results": 0.0, "pending_operation_timers": 0.0, "handshake_verified": 1.0, "prediction_buffer_size": 3.0, "prediction_visual_offset_m": 0.0, "prediction_tick": 397034.0 }, "distributions": { "transport_poll_duration_ms": { "count": 512, "min": 0.16, "max": 1.469, "mean": 0.318521484375, "p50": 0.182, "p95": 1.273, "p99": 1.36145 }, "client_process_duration_ms": { "count": 512, "min": 0.292, "max": 4.93, "mean": 0.935841796875, "p50": 0.3595, "p95": 2.98535, "p99": 4.64238 }, "client_tick_duration_ms": { "count": 512, "min": 0.292, "max": 4.93, "mean": 0.935841796875, "p50": 0.3595, "p95": 2.98535, "p99": 4.64238 }, "server_message_age_ms": { "count": 512, "min": 0.0, "max": 0.0, "mean": 0.0, "p50": 0.0, "p95": 0.0, "p99": 0.0 }, "handshake_rtt_ms": { "count": 1, "min": 14.0, "max": 14.0, "mean": 14.0, "p50": 14.0, "p95": 14.0, "p99": 14.0 }, "command_latency_ms": { "count": 41, "min": 5.0, "max": 52.0, "mean": 13.0975609756098, "p50": 11.0, "p95": 27.0, "p99": 42.8 }, "join_latency_ms": { "count": 1, "min": 29.0, "max": 29.0, "mean": 29.0, "p50": 29.0, "p95": 29.0, "p99": 29.0 }, "snapshot_age_ms": { "count": 15, "min": 0.0, "max": 0.0, "mean": 0.0, "p50": 0.0, "p95": 0.0, "p99": 0.0 }, "prediction_error_m": { "count": 512, "min": 0.0, "max": 0.0, "mean": 0.0, "p50": 0.0, "p95": 0.0, "p99": 0.0 }, "prediction_replayed_ticks": { "count": 512, "min": 1.0, "max": 4.0, "mean": 2.646484375, "p50": 3.0, "p95": 4.0, "p99": 4.0 }, "item_command_latency_ms": { "count": 13, "min": 11.0, "max": 52.0, "mean": 17.6923076923077, "p50": 15.0, "p95": 33.4, "p99": 48.28 }, "delta_age_ms": { "count": 1, "min": 0.0, "max": 0.0, "mean": 0.0, "p50": 0.0, "p95": 0.0, "p99": 0.0 } }, "channels": { "control": { "packets_sent": 29, "packets_received": 28, "bytes_sent": 23595, "bytes_received": 23014 }, "resync": { "packets_sent": 0, "packets_received": 18, "bytes_sent": 0, "bytes_received": 35471 }, "input": { "packets_sent": 65536, "packets_received": 0, "bytes_sent": 60682458, "bytes_received": 0 }, "snapshot": { "packets_sent": 0, "packets_received": 47040, "bytes_sent": 0, "bytes_received": 58283146 }, "item": { "packets_sent": 13, "packets_received": 13, "bytes_sent": 8540, "bytes_received": 24466 } }, "checksum": "bf2adb5d4f231177c22fcea324565c72d4c20d274ce7f0da598a68c72adc6fd7" }, "pending_replica_resync": false, "delta_base_mismatches": 1, "snapshot_resyncs": 1, "v0_p3_resource_mining": { "snapshot_updates": 1, "delta_updates": 0, "rejections": 0, "resync_pending": false, "resync_requests_sent": 0, "generation": 1, "checksum": "4004dc4844b499c717a1ce7e572d8a1c46ead2b7265b512e1ae6d05adcf9e833" } }
   at: VariantUtilityFunctions::push_error (core\variant\variant_utility.cpp:1023)
   GDScript backtrace (most recent call first):
       [0] _on_graphical_game_client_server_disconnected (res://scripts/app/simulator_app.gd:1903)
       [1] _process (res://scripts/runtime/networked_gameplay/m3/m3_graphical_client_runtime_nx6.gd:253)
       [2] _process (res://scripts/runtime/networked_gameplay/m3/m3_graphical_client_runtime_p2.gd:25)
[m7_client] {"details":{"async_rejections":0,"async_results":0,"buffered_results":0,"item_updates":1,"joined":false,"last_error_code":"","messages_received":47099,"messages_sent":65578,"pending_blocking":0,"snapshot_updates":47052},"event":"CLIENT_HEALTH","player":"b","process_id":4048,"time_msec":2371879}
[m7_client] {"details":{"async_rejections":0,"async_results":0,"buffered_results":0,"item_updates":1,"joined":false,"last_error_code":"","messages_received":47099,"messages_sent":65578,"pending_blocking":0,"snapshot_updates":47052},"event":"CLIENT_HEALTH","player":"b","process_id":4048,"time_msec":2373879}
[m7_client] {"details":{"async_rejections":0,"async_results":0,"buffered_results":0,"item_updates":1,"joined":false,"last_error_code":"","messages_received":47099,"messages_sent":65578,"pending_blocking":0,"snapshot_updates":47052},"event":"CLIENT_HEALTH","player":"b","process_id":4048,"time_msec":2375879}
[m7_client] {"details":{"async_rejections":0,"async_results":0,"buffered_results":0,"item_updates":1,"joined":false,"last_error_code":"","messages_received":47099,"messages_sent":65578,"pending_blocking":0,"snapshot_updates":47052},"event":"CLIENT_HEALTH","player":"b","process_id":4048,"time_msec":2377879}
[m7_client] {"details":{"async_rejections":0,"async_results":0,"buffered_results":0,"item_updates":1,"joined":false,"last_error_code":"","messages_received":47099,"messages_sent":65578,"pending_blocking":0,"snapshot_updates":47052},"event":"CLIENT_HEALTH","player":"b","process_id":4048,"time_msec":2379879}
[m7_client] {"details":{"async_rejections":0,"async_results":0,"buffered_results":0,"item_updates":1,"joined":false,"last_error_code":"","messages_received":47099,"messages_sent":65578,"pending_blocking":0,"snapshot_updates":47052},"event":"CLIENT_HEALTH","player":"b","process_id":4048,"time_msec":2381884}
[m7_client] {"details":{"async_rejections":0,"async_results":0,"buffered_results":0,"item_updates":1,"joined":false,"last_error_code":"","messages_received":47099,"messages_sent":65578,"pending_blocking":0,"snapshot_updates":47052},"event":"CLIENT_HEALTH","player":"b","process_id":4048,"time_msec":2383884}
[m7_client] {"details":{"async_rejections":0,"async_results":0,"buffered_results":0,"item_updates":1,"joined":false,"last_error_code":"","messages_received":47099,"messages_sent":65578,"pending_blocking":0,"snapshot_updates":47052},"event":"CLIENT_HEALTH","player":"b","process_id":4048,"time_msec":2385884}
[m7_client] {"details":{"async_rejections":0,"async_results":0,"buffered_results":0,"item_updates":1,"joined":false,"last_error_code":"","messages_received":47099,"messages_sent":65578,"pending_blocking":0,"snapshot_updates":47052},"event":"CLIENT_HEALTH","player":"b","process_id":4048,"time_msec":2387884}
[m7_client] {"details":{"async_rejections":0,"async_results":0,"buffered_results":0,"item_updates":1,"joined":false,"last_error_code":"","messages_received":47099,"messages_sent":65578,"pending_blocking":0,"snapshot_updates":47052},"event":"CLIENT_HEALTH","player":"b","process_id":4048,"time_msec":2389884}
[m7_client] {"details":{"async_rejections":0,"async_results":0,"buffered_results":0,"item_updates":1,"joined":false,"last_error_code":"","messages_received":47099,"messages_sent":65578,"pending_blocking":0,"snapshot_updates":47052},"event":"CLIENT_HEALTH","player":"b","process_id":4048,"time_msec":2391884}
[m7_client] {"details":{"async_rejections":0,"async_results":0,"buffered_results":0,"item_updates":1,"joined":false,"last_error_code":"","messages_received":47099,"messages_sent":65578,"pending_blocking":0,"snapshot_updates":47052},"event":"CLIENT_HEALTH","player":"b","process_id":4048,"time_msec":2393884}
[m7_client] {"details":{"async_rejections":0,"async_results":0,"buffered_results":0,"item_updates":1,"joined":false,"last_error_code":"","messages_received":47099,"messages_sent":65578,"pending_blocking":0,"snapshot_updates":47052},"event":"CLIENT_HEALTH","player":"b","process_id":4048,"time_msec":2395884}
[m7_client] {"details":{"async_rejections":0,"async_results":0,"buffered_results":0,"item_updates":1,"joined":false,"last_error_code":"","messages_received":47099,"messages_sent":65578,"pending_blocking":0,"snapshot_updates":47052},"event":"CLIENT_HEALTH","player":"b","process_id":4048,"time_msec":2397889}
[m7_client] {"details":{"async_rejections":0,"async_results":0,"buffered_results":0,"item_updates":1,"joined":false,"last_error_code":"","messages_received":47099,"messages_sent":65578,"pending_blocking":0,"snapshot_updates":47052},"event":"CLIENT_HEALTH","player":"b","process_id":4048,"time_msec":2399889}
[m7_client] {"details":{"async_rejections":0,"async_results":0,"buffered_results":0,"item_updates":1,"joined":false,"last_error_code":"","messages_received":47099,"messages_sent":65578,"pending_blocking":0,"snapshot_updates":47052},"event":"CLIENT_HEALTH","player":"b","process_id":4048,"time_msec":2401889}
[m7_client] {"details":{"async_rejections":0,"async_results":0,"buffered_results":0,"item_updates":1,"joined":false,"last_error_code":"","messages_received":47099,"messages_sent":65578,"pending_blocking":0,"snapshot_updates":47052},"event":"CLIENT_HEALTH","player":"b","process_id":4048,"time_msec":2403889}
[m7_client] {"details":{"async_rejections":0,"async_results":0,"buffered_results":0,"item_updates":1,"joined":false,"last_error_code":"","messages_received":47099,"messages_sent":65578,"pending_blocking":0,"snapshot_updates":47052},"event":"CLIENT_HEALTH","player":"b","process_id":4048,"time_msec":2405889}
[m7_client] {"details":{"async_rejections":0,"async_results":0,"buffered_results":0,"item_updates":1,"joined":false,"last_error_code":"","messages_received":47099,"messages_sent":65578,"pending_blocking":0,"snapshot_updates":47052},"event":"CLIENT_HEALTH","player":"b","process_id":4048,"time_msec":2407889}
[m7_client] {"details":{"async_rejections":0,"async_results":0,"buffered_results":0,"item_updates":1,"joined":false,"last_error_code":"","messages_received":47099,"messages_sent":65578,"pending_blocking":0,"snapshot_updates":47052},"event":"CLIENT_HEALTH","player":"b","process_id":4048,"time_msec":2409894}
[m7_client] {"details":{"async_rejections":0,"async_results":0,"buffered_results":0,"item_updates":1,"joined":false,"last_error_code":"","messages_received":47099,"messages_sent":65578,"pending_blocking":0,"snapshot_updates":47052},"event":"CLIENT_HEALTH","player":"b","process_id":4048,"time_msec":2411894}
[m7_client] {"details":{"async_rejections":0,"async_results":0,"buffered_results":0,"item_updates":1,"joined":false,"last_error_code":"","messages_received":47099,"messages_sent":65578,"pending_blocking":0,"snapshot_updates":47052},"event":"CLIENT_HEALTH","player":"b","process_id":4048,"time_msec":2413894}
[m7_client] {"details":{"async_rejections":0,"async_results":0,"buffered_results":0,"item_updates":1,"joined":false,"last_error_code":"","messages_received":47099,"messages_sent":65578,"pending_blocking":0,"snapshot_updates":47052},"event":"CLIENT_HEALTH","player":"b","process_id":4048,"time_msec":2415894}
[m7_client] {"details":{"async_rejections":0,"async_results":0,"buffered_results":0,"item_updates":1,"joined":false,"last_error_code":"","messages_received":47099,"messages_sent":65578,"pending_blocking":0,"snapshot_updates":47052},"event":"CLIENT_HEALTH","player":"b","process_id":4048,"time_msec":2417894}
[m7_client] {"details":{"async_rejections":0,"async_results":0,"buffered_results":0,"item_updates":1,"joined":false,"last_error_code":"","messages_received":47099,"messages_sent":65578,"pending_blocking":0,"snapshot_updates":47052},"event":"CLIENT_HEALTH","player":"b","process_id":4048,"time_msec":2419894}
[m7_client] {"details":{"async_rejections":0,"async_results":0,"buffered_results":0,"item_updates":1,"joined":false,"last_error_code":"","messages_received":47099,"messages_sent":65578,"pending_blocking":0,"snapshot_updates":47052},"event":"CLIENT_HEALTH","player":"b","process_id":4048,"time_msec":2421894}
[m7_client] {"details":{"async_rejections":0,"async_results":0,"buffered_results":0,"item_updates":1,"joined":false,"last_error_code":"","messages_received":47099,"messages_sent":65578,"pending_blocking":0,"snapshot_updates":47052},"event":"CLIENT_HEALTH","player":"b","process_id":4048,"time_msec":2423900}
[m7_client] {"details":{"async_rejections":0,"async_results":0,"buffered_results":0,"item_updates":1,"joined":false,"last_error_code":"","messages_received":47099,"messages_sent":65578,"pending_blocking":0,"snapshot_updates":47052},"event":"CLIENT_HEALTH","player":"b","process_id":4048,"time_msec":2425905}
[m7_client] {"details":{"async_rejections":0,"async_results":0,"buffered_results":0,"item_updates":1,"joined":false,"last_error_code":"","messages_received":47099,"messages_sent":65578,"pending_blocking":0,"snapshot_updates":47052},"event":"CLIENT_HEALTH","player":"b","process_id":4048,"time_msec":2427905}
[m7_client] {"details":{"async_rejections":0,"async_results":0,"buffered_results":0,"item_updates":1,"joined":false,"last_error_code":"","messages_received":47099,"messages_sent":65578,"pending_blocking":0,"snapshot_updates":47052},"event":"CLIENT_HEALTH","player":"b","process_id":4048,"time_msec":2429905}
[m7_client] {"details":{"async_rejections":0,"async_results":0,"buffered_results":0,"item_updates":1,"joined":false,"last_error_code":"","messages_received":47099,"messages_sent":65578,"pending_blocking":0,"snapshot_updates":47052},"event":"CLIENT_HEALTH","player":"b","process_id":4048,"time_msec":2431905}
[m7_client] {"details":{"async_rejections":0,"async_results":0,"buffered_results":0,"item_updates":1,"joined":false,"last_error_code":"","messages_received":47099,"messages_sent":65578,"pending_blocking":0,"snapshot_updates":47052},"event":"CLIENT_HEALTH","player":"b","process_id":4048,"time_msec":2433905}
[m7_client] {"details":{"async_rejections":0,"async_results":0,"buffered_results":0,"item_updates":1,"joined":false,"last_error_code":"","messages_received":47099,"messages_sent":65578,"pending_blocking":0,"snapshot_updates":47052},"event":"CLIENT_HEALTH","player":"b","process_id":4048,"time_msec":2435905}
[m7_client] {"details":{"async_rejections":0,"async_results":0,"buffered_results":0,"item_updates":1,"joined":false,"last_error_code":"","messages_received":47099,"messages_sent":65578,"pending_blocking":0,"snapshot_updates":47052},"event":"CLIENT_HEALTH","player":"b","process_id":4048,"time_msec":2437905}
[m7_client] {"details":{"async_rejections":0,"async_results":0,"buffered_results":0,"item_updates":1,"joined":false,"last_error_code":"","messages_received":47099,"messages_sent":65578,"pending_blocking":0,"snapshot_updates":47052},"event":"CLIENT_HEALTH","player":"b","process_id":4048,"time_msec":2439910}
[m7_client] {"details":{"async_rejections":0,"async_results":0,"buffered_results":0,"item_updates":1,"joined":false,"last_error_code":"","messages_received":47099,"messages_sent":65578,"pending_blocking":0,"snapshot_updates":47052},"event":"CLIENT_HEALTH","player":"b","process_id":4048,"time_msec":2441910}
[m7_client] {"details":{"async_rejections":0,"async_results":0,"buffered_results":0,"item_updates":1,"joined":false,"last_error_code":"","messages_received":47099,"messages_sent":65578,"pending_blocking":0,"snapshot_updates":47052},"event":"CLIENT_HEALTH","player":"b","process_id":4048,"time_msec":2443910}
[m7_client] {"details":{"async_rejections":0,"async_results":0,"buffered_results":0,"item_updates":1,"joined":false,"last_error_code":"","messages_received":47099,"messages_sent":65578,"pending_blocking":0,"snapshot_updates":47052},"event":"CLIENT_HEALTH","player":"b","process_id":4048,"time_msec":2445910}
[m7_client] {"details":{"async_rejections":0,"async_results":0,"buffered_results":0,"item_updates":1,"joined":false,"last_error_code":"","messages_received":47099,"messages_sent":65578,"pending_blocking":0,"snapshot_updates":47052},"event":"CLIENT_HEALTH","player":"b","process_id":4048,"time_msec":2447911}
[m7_client] {"details":{"async_rejections":0,"async_results":0,"buffered_results":0,"item_updates":1,"joined":false,"last_error_code":"","messages_received":47099,"messages_sent":65578,"pending_blocking":0,"snapshot_updates":47052},"event":"CLIENT_HEALTH","player":"b","process_id":4048,"time_msec":2449916}
[m7_client] {"details":{"async_rejections":0,"async_results":0,"buffered_results":0,"item_updates":1,"joined":false,"last_error_code":"","messages_received":47099,"messages_sent":65578,"pending_blocking":0,"snapshot_updates":47052},"event":"CLIENT_HEALTH","player":"b","process_id":4048,"time_msec":2451916}
[m7_client] {"details":{"async_rejections":0,"async_results":0,"buffered_results":0,"item_updates":1,"joined":false,"last_error_code":"","messages_received":47099,"messages_sent":65578,"pending_blocking":0,"snapshot_updates":47052},"event":"CLIENT_HEALTH","player":"b","process_id":4048,"time_msec":2453922}
[m7_client] {"details":{"async_rejections":0,"async_results":0,"buffered_results":0,"item_updates":1,"joined":false,"last_error_code":"","messages_received":47099,"messages_sent":65578,"pending_blocking":0,"snapshot_updates":47052},"event":"CLIENT_HEALTH","player":"b","process_id":4048,"time_msec":2455921}
[m7_client] {"details":{"async_rejections":0,"async_results":0,"buffered_results":0,"item_updates":1,"joined":false,"last_error_code":"","messages_received":47099,"messages_sent":65578,"pending_blocking":0,"snapshot_updates":47052},"event":"CLIENT_HEALTH","player":"b","process_id":4048,"time_msec":2457921}
[m7_client] {"details":{"async_rejections":0,"async_results":0,"buffered_results":0,"item_updates":1,"joined":false,"last_error_code":"","messages_received":47099,"messages_sent":65578,"pending_blocking":0,"snapshot_updates":47052},"event":"CLIENT_HEALTH","player":"b","process_id":4048,"time_msec":2459921}
[m7_client] {"details":{"async_rejections":0,"async_results":0,"buffered_results":0,"item_updates":1,"joined":false,"last_error_code":"","messages_received":47099,"messages_sent":65578,"pending_blocking":0,"snapshot_updates":47052},"event":"CLIENT_HEALTH","player":"b","process_id":4048,"time_msec":2461921}
[m7_client] {"details":{"async_rejections":0,"async_results":0,"buffered_results":0,"item_updates":1,"joined":false,"last_error_code":"","messages_received":47099,"messages_sent":65578,"pending_blocking":0,"snapshot_updates":47052},"event":"CLIENT_HEALTH","player":"b","process_id":4048,"time_msec":2463921}
[m7_client] {"details":{"async_rejections":0,"async_results":0,"buffered_results":0,"item_updates":1,"joined":false,"last_error_code":"","messages_received":47099,"messages_sent":65578,"pending_blocking":0,"snapshot_updates":47052},"event":"CLIENT_HEALTH","player":"b","process_id":4048,"time_msec":2465927}
[m7_client] {"details":{"async_rejections":0,"async_results":0,"buffered_results":0,"item_updates":1,"joined":false,"last_error_code":"","messages_received":47099,"messages_sent":65578,"pending_blocking":0,"snapshot_updates":47052},"event":"CLIENT_HEALTH","player":"b","process_id":4048,"time_msec":2467927}
[m7_client] {"details":{"async_rejections":0,"async_results":0,"buffered_results":0,"item_updates":1,"joined":false,"last_error_code":"","messages_received":47099,"messages_sent":65578,"pending_blocking":0,"snapshot_updates":47052},"event":"CLIENT_HEALTH","player":"b","process_id":4048,"time_msec":2469932}
[m7_client] {"details":{"async_rejections":0,"async_results":0,"buffered_results":0,"item_updates":1,"joined":false,"last_error_code":"","messages_received":47099,"messages_sent":65578,"pending_blocking":0,"snapshot_updates":47052},"event":"CLIENT_HEALTH","player":"b","process_id":4048,"time_msec":2471932}
[m7_client] {"details":{"async_rejections":0,"async_results":0,"buffered_results":0,"item_updates":1,"joined":false,"last_error_code":"","messages_received":47099,"messages_sent":65578,"pending_blocking":0,"snapshot_updates":47052},"event":"CLIENT_HEALTH","player":"b","process_id":4048,"time_msec":2473932}
[m7_client] {"details":{"async_rejections":0,"async_results":0,"buffered_results":0,"item_updates":1,"joined":false,"last_error_code":"","messages_received":47099,"messages_sent":65578,"pending_blocking":0,"snapshot_updates":47052},"event":"CLIENT_HEALTH","player":"b","process_id":4048,"time_msec":2475932}
[m7_client] {"details":{"async_rejections":0,"async_results":0,"buffered_results":0,"item_updates":1,"joined":false,"last_error_code":"","messages_received":47099,"messages_sent":65578,"pending_blocking":0,"snapshot_updates":47052},"event":"CLIENT_HEALTH","player":"b","process_id":4048,"time_msec":2477932}
[m7_client] {"details":{"async_rejections":0,"async_results":0,"buffered_results":0,"item_updates":1,"joined":false,"last_error_code":"","messages_received":47099,"messages_sent":65578,"pending_blocking":0,"snapshot_updates":47052},"event":"CLIENT_HEALTH","player":"b","process_id":4048,"time_msec":2479938}
[m7_client] {"details":{"async_rejections":0,"async_results":0,"buffered_results":0,"item_updates":1,"joined":false,"last_error_code":"","messages_received":47099,"messages_sent":65578,"pending_blocking":0,"snapshot_updates":47052},"event":"CLIENT_HEALTH","player":"b","process_id":4048,"time_msec":2481944}
[m7_client] {"details":{"async_rejections":0,"async_results":0,"buffered_results":0,"item_updates":1,"joined":false,"last_error_code":"","messages_received":47099,"messages_sent":65578,"pending_blocking":0,"snapshot_updates":47052},"event":"CLIENT_HEALTH","player":"b","process_id":4048,"time_msec":2483950}
[m7_client] {"details":{"async_rejections":0,"async_results":0,"buffered_results":0,"item_updates":1,"joined":false,"last_error_code":"","messages_received":47099,"messages_sent":65578,"pending_blocking":0,"snapshot_updates":47052},"event":"CLIENT_HEALTH","player":"b","process_id":4048,"time_msec":2485955}
[m7_client] {"details":{"async_rejections":0,"async_results":0,"buffered_results":0,"item_updates":1,"joined":false,"last_error_code":"","messages_received":47099,"messages_sent":65578,"pending_blocking":0,"snapshot_updates":47052},"event":"CLIENT_HEALTH","player":"b","process_id":4048,"time_msec":2487955}
[m7_client] {"details":{"async_rejections":0,"async_results":0,"buffered_results":0,"item_updates":1,"joined":false,"last_error_code":"","messages_received":47099,"messages_sent":65578,"pending_blocking":0,"snapshot_updates":47052},"event":"CLIENT_HEALTH","player":"b","process_id":4048,"time_msec":2489955}
[m7_client] {"details":{"async_rejections":0,"async_results":0,"buffered_results":0,"item_updates":1,"joined":false,"last_error_code":"","messages_received":47099,"messages_sent":65578,"pending_blocking":0,"snapshot_updates":47052},"event":"CLIENT_HEALTH","player":"b","process_id":4048,"time_msec":2491955}
[m7_client] {"details":{"async_rejections":0,"async_results":0,"buffered_results":0,"item_updates":1,"joined":false,"last_error_code":"","messages_received":47099,"messages_sent":65578,"pending_blocking":0,"snapshot_updates":47052},"event":"CLIENT_HEALTH","player":"b","process_id":4048,"time_msec":2493955}
[m7_client] {"details":{"async_rejections":0,"async_results":0,"buffered_results":0,"item_updates":1,"joined":false,"last_error_code":"","messages_received":47099,"messages_sent":65578,"pending_blocking":0,"snapshot_updates":47052},"event":"CLIENT_HEALTH","player":"b","process_id":4048,"time_msec":2495955}
[m7_client] {"details":{"async_rejections":0,"async_results":0,"buffered_results":0,"item_updates":1,"joined":false,"last_error_code":"","messages_received":47099,"messages_sent":65578,"pending_blocking":0,"snapshot_updates":47052},"event":"CLIENT_HEALTH","player":"b","process_id":4048,"time_msec":2497960}
[m7_client] {"details":{"async_rejections":0,"async_results":0,"buffered_results":0,"item_updates":1,"joined":false,"last_error_code":"","messages_received":47099,"messages_sent":65578,"pending_blocking":0,"snapshot_updates":47052},"event":"CLIENT_HEALTH","player":"b","process_id":4048,"time_msec":2499960}
[m7_client] {"details":{"async_rejections":0,"async_results":0,"buffered_results":0,"item_updates":1,"joined":false,"last_error_code":"","messages_received":47099,"messages_sent":65578,"pending_blocking":0,"snapshot_updates":47052},"event":"CLIENT_HEALTH","player":"b","process_id":4048,"time_msec":2501960}
[m7_client] {"details":{"async_rejections":0,"async_results":0,"buffered_results":0,"item_updates":1,"joined":false,"last_error_code":"","messages_received":47099,"messages_sent":65578,"pending_blocking":0,"snapshot_updates":47052},"event":"CLIENT_HEALTH","player":"b","process_id":4048,"time_msec":2503960}
[m7_client] {"details":{"async_rejections":0,"async_results":0,"buffered_results":0,"item_updates":1,"joined":false,"last_error_code":"","messages_received":47099,"messages_sent":65578,"pending_blocking":0,"snapshot_updates":47052},"event":"CLIENT_HEALTH","player":"b","process_id":4048,"time_msec":2505960}
[m7_client] {"details":{"async_rejections":0,"async_results":0,"buffered_results":0,"item_updates":1,"joined":false,"last_error_code":"","messages_received":47099,"messages_sent":65578,"pending_blocking":0,"snapshot_updates":47052},"event":"CLIENT_HEALTH","player":"b","process_id":4048,"time_msec":2507960}
[m7_client] {"details":{"async_rejections":0,"async_results":0,"buffered_results":0,"item_updates":1,"joined":false,"last_error_code":"","messages_received":47099,"messages_sent":65578,"pending_blocking":0,"snapshot_updates":47052},"event":"CLIENT_HEALTH","player":"b","process_id":4048,"time_msec":2509966}
[m7_client] {"details":{"async_rejections":0,"async_results":0,"buffered_results":0,"item_updates":1,"joined":false,"last_error_code":"","messages_received":47099,"messages_sent":65578,"pending_blocking":0,"snapshot_updates":47052},"event":"CLIENT_HEALTH","player":"b","process_id":4048,"time_msec":2511966}
[m7_client] {"details":{"async_rejections":0,"async_results":0,"buffered_results":0,"item_updates":1,"joined":false,"last_error_code":"","messages_received":47099,"messages_sent":65578,"pending_blocking":0,"snapshot_updates":47052},"event":"CLIENT_HEALTH","player":"b","process_id":4048,"time_msec":2513971}
[m7_client] {"details":{"async_rejections":0,"async_results":0,"buffered_results":0,"item_updates":1,"joined":false,"last_error_code":"","messages_received":47099,"messages_sent":65578,"pending_blocking":0,"snapshot_updates":47052},"event":"CLIENT_HEALTH","player":"b","process_id":4048,"time_msec":2515971}
[m7_client] {"details":{"async_rejections":0,"async_results":0,"buffered_results":0,"item_updates":1,"joined":false,"last_error_code":"","messages_received":47099,"messages_sent":65578,"pending_blocking":0,"snapshot_updates":47052},"event":"CLIENT_HEALTH","player":"b","process_id":4048,"time_msec":2517971}
[m7_client] {"details":{"async_rejections":0,"async_results":0,"buffered_results":0,"item_updates":1,"joined":false,"last_error_code":"","messages_received":47099,"messages_sent":65578,"pending_blocking":0,"snapshot_updates":47052},"event":"CLIENT_HEALTH","player":"b","process_id":4048,"time_msec":2519971}
[m7_client] {"details":{"async_rejections":0,"async_results":0,"buffered_results":0,"item_updates":1,"joined":false,"last_error_code":"","messages_received":47099,"messages_sent":65578,"pending_blocking":0,"snapshot_updates":47052},"event":"CLIENT_HEALTH","player":"b","process_id":4048,"time_msec":2521971}
[m7_client] {"details":{"async_rejections":0,"async_results":0,"buffered_results":0,"item_updates":1,"joined":false,"last_error_code":"","messages_received":47099,"messages_sent":65578,"pending_blocking":0,"snapshot_updates":47052},"event":"CLIENT_HEALTH","player":"b","process_id":4048,"time_msec":2523971}
[m7_client] {"details":{"async_rejections":0,"async_results":0,"buffered_results":0,"item_updates":1,"joined":false,"last_error_code":"","messages_received":47099,"messages_sent":65578,"pending_blocking":0,"snapshot_updates":47052},"event":"CLIENT_HEALTH","player":"b","process_id":4048,"time_msec":2525977}
[m7_client] {"details":{"async_rejections":0,"async_results":0,"buffered_results":0,"item_updates":1,"joined":false,"last_error_code":"","messages_received":47099,"messages_sent":65578,"pending_blocking":0,"snapshot_updates":47052},"event":"CLIENT_HEALTH","player":"b","process_id":4048,"time_msec":2527982}
[m7_client] {"details":{"async_rejections":0,"async_results":0,"buffered_results":0,"item_updates":1,"joined":false,"last_error_code":"","messages_received":47099,"messages_sent":65578,"pending_blocking":0,"snapshot_updates":47052},"event":"CLIENT_HEALTH","player":"b","process_id":4048,"time_msec":2529982}
[m7_client] {"details":{"async_rejections":0,"async_results":0,"buffered_results":0,"item_updates":1,"joined":false,"last_error_code":"","messages_received":47099,"messages_sent":65578,"pending_blocking":0,"snapshot_updates":47052},"event":"CLIENT_HEALTH","player":"b","process_id":4048,"time_msec":2531982}
[m7_client] {"details":{"async_rejections":0,"async_results":0,"buffered_results":0,"item_updates":1,"joined":false,"last_error_code":"","messages_received":47099,"messages_sent":65578,"pending_blocking":0,"snapshot_updates":47052},"event":"CLIENT_HEALTH","player":"b","process_id":4048,"time_msec":2533982}
[m7_client] {"details":{"async_rejections":0,"async_results":0,"buffered_results":0,"item_updates":1,"joined":false,"last_error_code":"","messages_received":47099,"messages_sent":65578,"pending_blocking":0,"snapshot_updates":47052},"event":"CLIENT_HEALTH","player":"b","process_id":4048,"time_msec":2535982}
[m7_client] {"details":{"async_rejections":0,"async_results":0,"buffered_results":0,"item_updates":1,"joined":false,"last_error_code":"","messages_received":47099,"messages_sent":65578,"pending_blocking":0,"snapshot_updates":47052},"event":"CLIENT_HEALTH","player":"b","process_id":4048,"time_msec":2537982}
[m7_client] {"details":{"async_rejections":0,"async_results":0,"buffered_results":0,"item_updates":1,"joined":false,"last_error_code":"","messages_received":47099,"messages_sent":65578,"pending_blocking":0,"snapshot_updates":47052},"event":"CLIENT_HEALTH","player":"b","process_id":4048,"time_msec":2539982}
[m7_client] {"details":{"async_rejections":0,"async_results":0,"buffered_results":0,"item_updates":1,"joined":false,"last_error_code":"","messages_received":47099,"messages_sent":65578,"pending_blocking":0,"snapshot_updates":47052},"event":"CLIENT_HEALTH","player":"b","process_id":4048,"time_msec":2541987}
[m7_client] {"details":{"async_rejections":0,"async_results":0,"buffered_results":0,"item_updates":1,"joined":false,"last_error_code":"","messages_received":47099,"messages_sent":65578,"pending_blocking":0,"snapshot_updates":47052},"event":"CLIENT_HEALTH","player":"b","process_id":4048,"time_msec":2543987}
[m7_client] {"details":{"async_rejections":0,"async_results":0,"buffered_results":0,"item_updates":1,"joined":false,"last_error_code":"","messages_received":47099,"messages_sent":65578,"pending_blocking":0,"snapshot_updates":47052},"event":"CLIENT_HEALTH","player":"b","process_id":4048,"time_msec":2545987}
[m7_client] {"details":{"async_rejections":0,"async_results":0,"buffered_results":0,"item_updates":1,"joined":false,"last_error_code":"","messages_received":47099,"messages_sent":65578,"pending_blocking":0,"snapshot_updates":47052},"event":"CLIENT_HEALTH","player":"b","process_id":4048,"time_msec":2547987}
[m7_client] {"details":{"async_rejections":0,"async_results":0,"buffered_results":0,"item_updates":1,"joined":false,"last_error_code":"","messages_received":47099,"messages_sent":65578,"pending_blocking":0,"snapshot_updates":47052},"event":"CLIENT_HEALTH","player":"b","process_id":4048,"time_msec":2549987}
[m7_client] {"details":{"async_rejections":0,"async_results":0,"buffered_results":0,"item_updates":1,"joined":false,"last_error_code":"","messages_received":47099,"messages_sent":65578,"pending_blocking":0,"snapshot_updates":47052},"event":"CLIENT_HEALTH","player":"b","process_id":4048,"time_msec":2551987}
[m7_client] {"details":{"async_rejections":0,"async_results":0,"buffered_results":0,"item_updates":1,"joined":false,"last_error_code":"","messages_received":47099,"messages_sent":65578,"pending_blocking":0,"snapshot_updates":47052},"event":"CLIENT_HEALTH","player":"b","process_id":4048,"time_msec":2553993}
[m7_client] {"details":{"async_rejections":0,"async_results":0,"buffered_results":0,"item_updates":1,"joined":false,"last_error_code":"","messages_received":47099,"messages_sent":65578,"pending_blocking":0,"snapshot_updates":47052},"event":"CLIENT_HEALTH","player":"b","process_id":4048,"time_msec":2555998}
[m7_client] {"details":{"async_rejections":0,"async_results":0,"buffered_results":0,"item_updates":1,"joined":false,"last_error_code":"","messages_received":47099,"messages_sent":65578,"pending_blocking":0,"snapshot_updates":47052},"event":"CLIENT_HEALTH","player":"b","process_id":4048,"time_msec":2557998}
[m7_client] {"details":{"async_rejections":0,"async_results":0,"buffered_results":0,"item_updates":1,"joined":false,"last_error_code":"","messages_received":47099,"messages_sent":65578,"pending_blocking":0,"snapshot_updates":47052},"event":"CLIENT_HEALTH","player":"b","process_id":4048,"time_msec":2559998}
[m7_client] {"details":{"async_rejections":0,"async_results":0,"buffered_results":0,"item_updates":1,"joined":false,"last_error_code":"","messages_received":47099,"messages_sent":65578,"pending_blocking":0,"snapshot_updates":47052},"event":"CLIENT_HEALTH","player":"b","process_id":4048,"time_msec":2561998}
[m7_client] {"details":{"async_rejections":0,"async_results":0,"buffered_results":0,"item_updates":1,"joined":false,"last_error_code":"","messages_received":47099,"messages_sent":65578,"pending_blocking":0,"snapshot_updates":47052},"event":"CLIENT_HEALTH","player":"b","process_id":4048,"time_msec":2563998}
[m7_client] {"details":{"async_rejections":0,"async_results":0,"buffered_results":0,"item_updates":1,"joined":false,"last_error_code":"","messages_received":47099,"messages_sent":65578,"pending_blocking":0,"snapshot_updates":47052},"event":"CLIENT_HEALTH","player":"b","process_id":4048,"time_msec":2565998}
[m7_client] {"details":{"async_rejections":0,"async_results":0,"buffered_results":0,"item_updates":1,"joined":false,"last_error_code":"","messages_received":47099,"messages_sent":65578,"pending_blocking":0,"snapshot_updates":47052},"event":"CLIENT_HEALTH","player":"b","process_id":4048,"time_msec":2567998}
[m7_client] {"details":{"async_rejections":0,"async_results":0,"buffered_results":0,"item_updates":1,"joined":false,"last_error_code":"","messages_received":47099,"messages_sent":65578,"pending_blocking":0,"snapshot_updates":47052},"event":"CLIENT_HEALTH","player":"b","process_id":4048,"time_msec":2570003}
[m7_client] {"details":{"async_rejections":0,"async_results":0,"buffered_results":0,"item_updates":1,"joined":false,"last_error_code":"","messages_received":47099,"messages_sent":65578,"pending_blocking":0,"snapshot_updates":47052},"event":"CLIENT_HEALTH","player":"b","process_id":4048,"time_msec":2572003}
[m7_client] {"details":{"async_rejections":0,"async_results":0,"buffered_results":0,"item_updates":1,"joined":false,"last_error_code":"","messages_received":47099,"messages_sent":65578,"pending_blocking":0,"snapshot_updates":47052},"event":"CLIENT_HEALTH","player":"b","process_id":4048,"time_msec":2574003}
[m7_client] {"details":{"async_rejections":0,"async_results":0,"buffered_results":0,"item_updates":1,"joined":false,"last_error_code":"","messages_received":47099,"messages_sent":65578,"pending_blocking":0,"snapshot_updates":47052},"event":"CLIENT_HEALTH","player":"b","process_id":4048,"time_msec":2576003}
[m7_client] {"details":{"async_rejections":0,"async_results":0,"buffered_results":0,"item_updates":1,"joined":false,"last_error_code":"","messages_received":47099,"messages_sent":65578,"pending_blocking":0,"snapshot_updates":47052},"event":"CLIENT_HEALTH","player":"b","process_id":4048,"time_msec":2578003}
[m7_client] {"details":{"async_rejections":0,"async_results":0,"buffered_results":0,"item_updates":1,"joined":false,"last_error_code":"","messages_received":47099,"messages_sent":65578,"pending_blocking":0,"snapshot_updates":47052},"event":"CLIENT_HEALTH","player":"b","process_id":4048,"time_msec":2580003}
[m7_client] {"details":{"async_rejections":0,"async_results":0,"buffered_results":0,"item_updates":1,"joined":false,"last_error_code":"","messages_received":47099,"messages_sent":65578,"pending_blocking":0,"snapshot_updates":47052},"event":"CLIENT_HEALTH","player":"b","process_id":4048,"time_msec":2582009}
[m7_client] {"details":{"async_rejections":0,"async_results":0,"buffered_results":0,"item_updates":1,"joined":false,"last_error_code":"","messages_received":47099,"messages_sent":65578,"pending_blocking":0,"snapshot_updates":47052},"event":"CLIENT_HEALTH","player":"b","process_id":4048,"time_msec":2584015}
[m7_client] {"details":{"async_rejections":0,"async_results":0,"buffered_results":0,"item_updates":1,"joined":false,"last_error_code":"","messages_received":47099,"messages_sent":65578,"pending_blocking":0,"snapshot_updates":47052},"event":"CLIENT_HEALTH","player":"b","process_id":4048,"time_msec":2586020}
[m7_client] {"details":{"async_rejections":0,"async_results":0,"buffered_results":0,"item_updates":1,"joined":false,"last_error_code":"","messages_received":47099,"messages_sent":65578,"pending_blocking":0,"snapshot_updates":47052},"event":"CLIENT_HEALTH","player":"b","process_id":4048,"time_msec":2588020}
[m7_client] {"details":{"async_rejections":0,"async_results":0,"buffered_results":0,"item_updates":1,"joined":false,"last_error_code":"","messages_received":47099,"messages_sent":65578,"pending_blocking":0,"snapshot_updates":47052},"event":"CLIENT_HEALTH","player":"b","process_id":4048,"time_msec":2590020}
[m7_client] {"details":{"async_rejections":0,"async_results":0,"buffered_results":0,"item_updates":1,"joined":false,"last_error_code":"","messages_received":47099,"messages_sent":65578,"pending_blocking":0,"snapshot_updates":47052},"event":"CLIENT_HEALTH","player":"b","process_id":4048,"time_msec":2592020}
[m7_client] {"details":{"async_rejections":0,"async_results":0,"buffered_results":0,"item_updates":1,"joined":false,"last_error_code":"","messages_received":47099,"messages_sent":65578,"pending_blocking":0,"snapshot_updates":47052},"event":"CLIENT_HEALTH","player":"b","process_id":4048,"time_msec":2594020}
[m7_client] {"details":{"async_rejections":0,"async_results":0,"buffered_results":0,"item_updates":1,"joined":false,"last_error_code":"","messages_received":47099,"messages_sent":65578,"pending_blocking":0,"snapshot_updates":47052},"event":"CLIENT_HEALTH","player":"b","process_id":4048,"time_msec":2596020}
[m7_client] {"details":{"async_rejections":0,"async_results":0,"buffered_results":0,"item_updates":1,"joined":false,"last_error_code":"","messages_received":47099,"messages_sent":65578,"pending_blocking":0,"snapshot_updates":47052},"event":"CLIENT_HEALTH","player":"b","process_id":4048,"time_msec":2598020}
[m7_client] {"details":{"async_rejections":0,"async_results":0,"buffered_results":0,"item_updates":1,"joined":false,"last_error_code":"","messages_received":47099,"messages_sent":65578,"pending_blocking":0,"snapshot_updates":47052},"event":"CLIENT_HEALTH","player":"b","process_id":4048,"time_msec":2600025}
[m7_client] {"details":{"async_rejections":0,"async_results":0,"buffered_results":0,"item_updates":1,"joined":false,"last_error_code":"","messages_received":47099,"messages_sent":65578,"pending_blocking":0,"snapshot_updates":47052},"event":"CLIENT_HEALTH","player":"b","process_id":4048,"time_msec":2602025}
[m7_client] {"details":{"async_rejections":0,"async_results":0,"buffered_results":0,"item_updates":1,"joined":false,"last_error_code":"","messages_received":47099,"messages_sent":65578,"pending_blocking":0,"snapshot_updates":47052},"event":"CLIENT_HEALTH","player":"b","process_id":4048,"time_msec":2604025}
[m7_client] {"details":{"async_rejections":0,"async_results":0,"buffered_results":0,"item_updates":1,"joined":false,"last_error_code":"","messages_received":47099,"messages_sent":65578,"pending_blocking":0,"snapshot_updates":47052},"event":"CLIENT_HEALTH","player":"b","process_id":4048,"time_msec":2606025}
[m7_client] {"details":{"async_rejections":0,"async_results":0,"buffered_results":0,"item_updates":1,"joined":false,"last_error_code":"","messages_received":47099,"messages_sent":65578,"pending_blocking":0,"snapshot_updates":47052},"event":"CLIENT_HEALTH","player":"b","process_id":4048,"time_msec":2608025}
[m7_client] {"details":{"async_rejections":0,"async_results":0,"buffered_results":0,"item_updates":1,"joined":false,"last_error_code":"","messages_received":47099,"messages_sent":65578,"pending_blocking":0,"snapshot_updates":47052},"event":"CLIENT_HEALTH","player":"b","process_id":4048,"time_msec":2610025}
[m7_client] {"details":{"async_rejections":0,"async_results":0,"buffered_results":0,"item_updates":1,"joined":false,"last_error_code":"","messages_received":47099,"messages_sent":65578,"pending_blocking":0,"snapshot_updates":47052},"event":"CLIENT_HEALTH","player":"b","process_id":4048,"time_msec":2612030}
[m7_client] {"details":{"async_rejections":0,"async_results":0,"buffered_results":0,"item_updates":1,"joined":false,"last_error_code":"","messages_received":47099,"messages_sent":65578,"pending_blocking":0,"snapshot_updates":47052},"event":"CLIENT_HEALTH","player":"b","process_id":4048,"time_msec":2614031}
[m7_client] {"details":{"async_rejections":0,"async_results":0,"buffered_results":0,"item_updates":1,"joined":false,"last_error_code":"","messages_received":47099,"messages_sent":65578,"pending_blocking":0,"snapshot_updates":47052},"event":"CLIENT_HEALTH","player":"b","process_id":4048,"time_msec":2616030}
[m7_client] {"details":{"async_rejections":0,"async_results":0,"buffered_results":0,"item_updates":1,"joined":false,"last_error_code":"","messages_received":47099,"messages_sent":65578,"pending_blocking":0,"snapshot_updates":47052},"event":"CLIENT_HEALTH","player":"b","process_id":4048,"time_msec":2618030}
[m7_client] {"details":{"async_rejections":0,"async_results":0,"buffered_results":0,"item_updates":1,"joined":false,"last_error_code":"","messages_received":47099,"messages_sent":65578,"pending_blocking":0,"snapshot_updates":47052},"event":"CLIENT_HEALTH","player":"b","process_id":4048,"time_msec":2620030}
[m7_client] {"details":{"async_rejections":0,"async_results":0,"buffered_results":0,"item_updates":1,"joined":false,"last_error_code":"","messages_received":47099,"messages_sent":65578,"pending_blocking":0,"snapshot_updates":47052},"event":"CLIENT_HEALTH","player":"b","process_id":4048,"time_msec":2622030}
[m7_client] {"details":{"async_rejections":0,"async_results":0,"buffered_results":0,"item_updates":1,"joined":false,"last_error_code":"","messages_received":47099,"messages_sent":65578,"pending_blocking":0,"snapshot_updates":47052},"event":"CLIENT_HEALTH","player":"b","process_id":4048,"time_msec":2624030}
[m7_client] {"details":{"async_rejections":0,"async_results":0,"buffered_results":0,"item_updates":1,"joined":false,"last_error_code":"","messages_received":47099,"messages_sent":65578,"pending_blocking":0,"snapshot_updates":47052},"event":"CLIENT_HEALTH","player":"b","process_id":4048,"time_msec":2626035}
[m7_client] {"details":{"async_rejections":0,"async_results":0,"buffered_results":0,"item_updates":1,"joined":false,"last_error_code":"","messages_received":47099,"messages_sent":65578,"pending_blocking":0,"snapshot_updates":47052},"event":"CLIENT_HEALTH","player":"b","process_id":4048,"time_msec":2628035}
[m7_client] {"details":{"async_rejections":0,"async_results":0,"buffered_results":0,"item_updates":1,"joined":false,"last_error_code":"","messages_received":47099,"messages_sent":65578,"pending_blocking":0,"snapshot_updates":47052},"event":"CLIENT_HEALTH","player":"b","process_id":4048,"time_msec":2630035}
[m7_client] {"details":{"async_rejections":0,"async_results":0,"buffered_results":0,"item_updates":1,"joined":false,"last_error_code":"","messages_received":47099,"messages_sent":65578,"pending_blocking":0,"snapshot_updates":47052},"event":"CLIENT_HEALTH","player":"b","process_id":4048,"time_msec":2632035}
[m7_client] {"details":{"async_rejections":0,"async_results":0,"buffered_results":0,"item_updates":1,"joined":false,"last_error_code":"","messages_received":47099,"messages_sent":65578,"pending_blocking":0,"snapshot_updates":47052},"event":"CLIENT_HEALTH","player":"b","process_id":4048,"time_msec":2634035}
[m7_client] {"details":{"async_rejections":0,"async_results":0,"buffered_results":0,"item_updates":1,"joined":false,"last_error_code":"","messages_received":47099,"messages_sent":65578,"pending_blocking":0,"snapshot_updates":47052},"event":"CLIENT_HEALTH","player":"b","process_id":4048,"time_msec":2636035}
[m7_client] {"details":{"async_rejections":0,"async_results":0,"buffered_results":0,"item_updates":1,"joined":false,"last_error_code":"","messages_received":47099,"messages_sent":65578,"pending_blocking":0,"snapshot_updates":47052},"event":"CLIENT_HEALTH","player":"b","process_id":4048,"time_msec":2638035}
[m7_client] {"details":{"async_rejections":0,"async_results":0,"buffered_results":0,"item_updates":1,"joined":false,"last_error_code":"","messages_received":47099,"messages_sent":65578,"pending_blocking":0,"snapshot_updates":47052},"event":"CLIENT_HEALTH","player":"b","process_id":4048,"time_msec":2640035}
[m7_client] {"details":{"async_rejections":0,"async_results":0,"buffered_results":0,"item_updates":1,"joined":false,"last_error_code":"","messages_received":47099,"messages_sent":65578,"pending_blocking":0,"snapshot_updates":47052},"event":"CLIENT_HEALTH","player":"b","process_id":4048,"time_msec":2642041}
[m7_client] {"details":{"async_rejections":0,"async_results":0,"buffered_results":0,"item_updates":1,"joined":false,"last_error_code":"","messages_received":47099,"messages_sent":65578,"pending_blocking":0,"snapshot_updates":47052},"event":"CLIENT_HEALTH","player":"b","process_id":4048,"time_msec":2644046}
[m7_client] {"details":{"async_rejections":0,"async_results":0,"buffered_results":0,"item_updates":1,"joined":false,"last_error_code":"","messages_received":47099,"messages_sent":65578,"pending_blocking":0,"snapshot_updates":47052},"event":"CLIENT_HEALTH","player":"b","process_id":4048,"time_msec":2646046}
[m7_client] {"details":{"async_rejections":0,"async_results":0,"buffered_results":0,"item_updates":1,"joined":false,"last_error_code":"","messages_received":47099,"messages_sent":65578,"pending_blocking":0,"snapshot_updates":47052},"event":"CLIENT_HEALTH","player":"b","process_id":4048,"time_msec":2648046}
[m7_client] {"details":{"async_rejections":0,"async_results":0,"buffered_results":0,"item_updates":1,"joined":false,"last_error_code":"","messages_received":47099,"messages_sent":65578,"pending_blocking":0,"snapshot_updates":47052},"event":"CLIENT_HEALTH","player":"b","process_id":4048,"time_msec":2650046}
[m7_client] {"details":{"async_rejections":0,"async_results":0,"buffered_results":0,"item_updates":1,"joined":false,"last_error_code":"","messages_received":47099,"messages_sent":65578,"pending_blocking":0,"snapshot_updates":47052},"event":"CLIENT_HEALTH","player":"b","process_id":4048,"time_msec":2652046}
[m7_client] {"details":{"async_rejections":0,"async_results":0,"buffered_results":0,"item_updates":1,"joined":false,"last_error_code":"","messages_received":47099,"messages_sent":65578,"pending_blocking":0,"snapshot_updates":47052},"event":"CLIENT_HEALTH","player":"b","process_id":4048,"time_msec":2654046}
[m7_client] {"details":{"async_rejections":0,"async_results":0,"buffered_results":0,"item_updates":1,"joined":false,"last_error_code":"","messages_received":47099,"messages_sent":65578,"pending_blocking":0,"snapshot_updates":47052},"event":"CLIENT_HEALTH","player":"b","process_id":4048,"time_msec":2656051}
[m7_client] {"details":{"async_rejections":0,"async_results":0,"buffered_results":0,"item_updates":1,"joined":false,"last_error_code":"","messages_received":47099,"messages_sent":65578,"pending_blocking":0,"snapshot_updates":47052},"event":"CLIENT_HEALTH","player":"b","process_id":4048,"time_msec":2658051}
[m7_client] {"details":{"async_rejections":0,"async_results":0,"buffered_results":0,"item_updates":1,"joined":false,"last_error_code":"","messages_received":47099,"messages_sent":65578,"pending_blocking":0,"snapshot_updates":47052},"event":"CLIENT_HEALTH","player":"b","process_id":4048,"time_msec":2660051}
[m7_client] {"details":{"async_rejections":0,"async_results":0,"buffered_results":0,"item_updates":1,"joined":false,"last_error_code":"","messages_received":47099,"messages_sent":65578,"pending_blocking":0,"snapshot_updates":47052},"event":"CLIENT_HEALTH","player":"b","process_id":4048,"time_msec":2662051}
[m7_client] {"details":{"async_rejections":0,"async_results":0,"buffered_results":0,"item_updates":1,"joined":false,"last_error_code":"","messages_received":47099,"messages_sent":65578,"pending_blocking":0,"snapshot_updates":47052},"event":"CLIENT_HEALTH","player":"b","process_id":4048,"time_msec":2664051}
[m7_client] {"details":{"async_rejections":0,"async_results":0,"buffered_results":0,"item_updates":1,"joined":false,"last_error_code":"","messages_received":47099,"messages_sent":65578,"pending_blocking":0,"snapshot_updates":47052},"event":"CLIENT_HEALTH","player":"b","process_id":4048,"time_msec":2666051}
[m7_client] {"details":{"async_rejections":0,"async_results":0,"buffered_results":0,"item_updates":1,"joined":false,"last_error_code":"","messages_received":47099,"messages_sent":65578,"pending_blocking":0,"snapshot_updates":47052},"event":"CLIENT_HEALTH","player":"b","process_id":4048,"time_msec":2668051}
[m7_client] {"details":{"async_rejections":0,"async_results":0,"buffered_results":0,"item_updates":1,"joined":false,"last_error_code":"","messages_received":47099,"messages_sent":65578,"pending_blocking":0,"snapshot_updates":47052},"event":"CLIENT_HEALTH","player":"b","process_id":4048,"time_msec":2670056}
[m7_client] {"details":{"async_rejections":0,"async_results":0,"buffered_results":0,"item_updates":1,"joined":false,"last_error_code":"","messages_received":47099,"messages_sent":65578,"pending_blocking":0,"snapshot_updates":47052},"event":"CLIENT_HEALTH","player":"b","process_id":4048,"time_msec":2672056}
[m7_client] {"details":{"async_rejections":0,"async_results":0,"buffered_results":0,"item_updates":1,"joined":false,"last_error_code":"","messages_received":47099,"messages_sent":65578,"pending_blocking":0,"snapshot_updates":47052},"event":"CLIENT_HEALTH","player":"b","process_id":4048,"time_msec":2674059}
[m7_client] {"details":{"async_rejections":0,"async_results":0,"buffered_results":0,"item_updates":1,"joined":false,"last_error_code":"","messages_received":47099,"messages_sent":65578,"pending_blocking":0,"snapshot_updates":47052},"event":"CLIENT_HEALTH","player":"b","process_id":4048,"time_msec":2676062}
[m7_client] {"details":{"async_rejections":0,"async_results":0,"buffered_results":0,"item_updates":1,"joined":false,"last_error_code":"","messages_received":47099,"messages_sent":65578,"pending_blocking":0,"snapshot_updates":47052},"event":"CLIENT_HEALTH","player":"b","process_id":4048,"time_msec":2678062}
[m7_client] {"details":{"async_rejections":0,"async_results":0,"buffered_results":0,"item_updates":1,"joined":false,"last_error_code":"","messages_received":47099,"messages_sent":65578,"pending_blocking":0,"snapshot_updates":47052},"event":"CLIENT_HEALTH","player":"b","process_id":4048,"time_msec":2680062}
[m7_client] {"details":{"async_rejections":0,"async_results":0,"buffered_results":0,"item_updates":1,"joined":false,"last_error_code":"","messages_received":47099,"messages_sent":65578,"pending_blocking":0,"snapshot_updates":47052},"event":"CLIENT_HEALTH","player":"b","process_id":4048,"time_msec":2682062}
[m7_client] {"details":{"async_rejections":0,"async_results":0,"buffered_results":0,"item_updates":1,"joined":false,"last_error_code":"","messages_received":47099,"messages_sent":65578,"pending_blocking":0,"snapshot_updates":47052},"event":"CLIENT_HEALTH","player":"b","process_id":4048,"time_msec":2684067}
[m7_client] {"details":{"async_rejections":0,"async_results":0,"buffered_results":0,"item_updates":1,"joined":false,"last_error_code":"","messages_received":47099,"messages_sent":65578,"pending_blocking":0,"snapshot_updates":47052},"event":"CLIENT_HEALTH","player":"b","process_id":4048,"time_msec":2686067}
[m7_client] {"details":{"async_rejections":0,"async_results":0,"buffered_results":0,"item_updates":1,"joined":false,"last_error_code":"","messages_received":47099,"messages_sent":65578,"pending_blocking":0,"snapshot_updates":47052},"event":"CLIENT_HEALTH","player":"b","process_id":4048,"time_msec":2688067}
[m7_client] {"details":{"async_rejections":0,"async_results":0,"buffered_results":0,"item_updates":1,"joined":false,"last_error_code":"","messages_received":47099,"messages_sent":65578,"pending_blocking":0,"snapshot_updates":47052},"event":"CLIENT_HEALTH","player":"b","process_id":4048,"time_msec":2690067}
[m7_client] {"details":{"async_rejections":0,"async_results":0,"buffered_results":0,"item_updates":1,"joined":false,"last_error_code":"","messages_received":47099,"messages_sent":65578,"pending_blocking":0,"snapshot_updates":47052},"event":"CLIENT_HEALTH","player":"b","process_id":4048,"time_msec":2692067}
[m7_client] {"details":{"async_rejections":0,"async_results":0,"buffered_results":0,"item_updates":1,"joined":false,"last_error_code":"","messages_received":47099,"messages_sent":65578,"pending_blocking":0,"snapshot_updates":47052},"event":"CLIENT_HEALTH","player":"b","process_id":4048,"time_msec":2694067}
[m7_client] {"details":{"async_rejections":0,"async_results":0,"buffered_results":0,"item_updates":1,"joined":false,"last_error_code":"","messages_received":47099,"messages_sent":65578,"pending_blocking":0,"snapshot_updates":47052},"event":"CLIENT_HEALTH","player":"b","process_id":4048,"time_msec":2696067}
[m7_client] {"details":{"async_rejections":0,"async_results":0,"buffered_results":0,"item_updates":1,"joined":false,"last_error_code":"","messages_received":47099,"messages_sent":65578,"pending_blocking":0,"snapshot_updates":47052},"event":"CLIENT_HEALTH","player":"b","process_id":4048,"time_msec":2698072}
[m7_client] {"details":{"async_rejections":0,"async_results":0,"buffered_results":0,"item_updates":1,"joined":false,"last_error_code":"","messages_received":47099,"messages_sent":65578,"pending_blocking":0,"snapshot_updates":47052},"event":"CLIENT_HEALTH","player":"b","process_id":4048,"time_msec":2700072}
[m7_client] {"details":{"async_rejections":0,"async_results":0,"buffered_results":0,"item_updates":1,"joined":false,"last_error_code":"","messages_received":47099,"messages_sent":65578,"pending_blocking":0,"snapshot_updates":47052},"event":"CLIENT_HEALTH","player":"b","process_id":4048,"time_msec":2702072}
[m7_client] {"details":{"async_rejections":0,"async_results":0,"buffered_results":0,"item_updates":1,"joined":false,"last_error_code":"","messages_received":47099,"messages_sent":65578,"pending_blocking":0,"snapshot_updates":47052},"event":"CLIENT_HEALTH","player":"b","process_id":4048,"time_msec":2704072}
[m7_client] {"details":{"async_rejections":0,"async_results":0,"buffered_results":0,"item_updates":1,"joined":false,"last_error_code":"","messages_received":47099,"messages_sent":65578,"pending_blocking":0,"snapshot_updates":47052},"event":"CLIENT_HEALTH","player":"b","process_id":4048,"time_msec":2706072}
[m7_client] {"details":{"async_rejections":0,"async_results":0,"buffered_results":0,"item_updates":1,"joined":false,"last_error_code":"","messages_received":47099,"messages_sent":65578,"pending_blocking":0,"snapshot_updates":47052},"event":"CLIENT_HEALTH","player":"b","process_id":4048,"time_msec":2708072}
[m7_client] {"details":{"async_rejections":0,"async_results":0,"buffered_results":0,"item_updates":1,"joined":false,"last_error_code":"","messages_received":47099,"messages_sent":65578,"pending_blocking":0,"snapshot_updates":47052},"event":"CLIENT_HEALTH","player":"b","process_id":4048,"time_msec":2710072}
[m7_client] {"details":{"async_rejections":0,"async_results":0,"buffered_results":0,"item_updates":1,"joined":false,"last_error_code":"","messages_received":47099,"messages_sent":65578,"pending_blocking":0,"snapshot_updates":47052},"event":"CLIENT_HEALTH","player":"b","process_id":4048,"time_msec":2712078}
[m7_client] {"details":{"async_rejections":0,"async_results":0,"buffered_results":0,"item_updates":1,"joined":false,"last_error_code":"","messages_received":47099,"messages_sent":65578,"pending_blocking":0,"snapshot_updates":47052},"event":"CLIENT_HEALTH","player":"b","process_id":4048,"time_msec":2714078}
[m7_client] {"details":{"async_rejections":0,"async_results":0,"buffered_results":0,"item_updates":1,"joined":false,"last_error_code":"","messages_received":47099,"messages_sent":65578,"pending_blocking":0,"snapshot_updates":47052},"event":"CLIENT_HEALTH","player":"b","process_id":4048,"time_msec":2716083}
[m7_client] {"details":{"async_rejections":0,"async_results":0,"buffered_results":0,"item_updates":1,"joined":false,"last_error_code":"","messages_received":47099,"messages_sent":65578,"pending_blocking":0,"snapshot_updates":47052},"event":"CLIENT_HEALTH","player":"b","process_id":4048,"time_msec":2718083}
[m7_client] {"details":{"async_rejections":0,"async_results":0,"buffered_results":0,"item_updates":1,"joined":false,"last_error_code":"","messages_received":47099,"messages_sent":65578,"pending_blocking":0,"snapshot_updates":47052},"event":"CLIENT_HEALTH","player":"b","process_id":4048,"time_msec":2720083}
[m7_client] {"details":{"async_rejections":0,"async_results":0,"buffered_results":0,"item_updates":1,"joined":false,"last_error_code":"","messages_received":47099,"messages_sent":65578,"pending_blocking":0,"snapshot_updates":47052},"event":"CLIENT_HEALTH","player":"b","process_id":4048,"time_msec":2722083}
[m7_client] {"details":{"async_rejections":0,"async_results":0,"buffered_results":0,"item_updates":1,"joined":false,"last_error_code":"","messages_received":47099,"messages_sent":65578,"pending_blocking":0,"snapshot_updates":47052},"event":"CLIENT_HEALTH","player":"b","process_id":4048,"time_msec":2724083}
[m7_client] {"details":{"async_rejections":0,"async_results":0,"buffered_results":0,"item_updates":1,"joined":false,"last_error_code":"","messages_received":47099,"messages_sent":65578,"pending_blocking":0,"snapshot_updates":47052},"event":"CLIENT_HEALTH","player":"b","process_id":4048,"time_msec":2726083}
[m7_client] {"details":{"async_rejections":0,"async_results":0,"buffered_results":0,"item_updates":1,"joined":false,"last_error_code":"","messages_received":47099,"messages_sent":65578,"pending_blocking":0,"snapshot_updates":47052},"event":"CLIENT_HEALTH","player":"b","process_id":4048,"time_msec":2728088}
[m7_client] {"details":{"async_rejections":0,"async_results":0,"buffered_results":0,"item_updates":1,"joined":false,"last_error_code":"","messages_received":47099,"messages_sent":65578,"pending_blocking":0,"snapshot_updates":47052},"event":"CLIENT_HEALTH","player":"b","process_id":4048,"time_msec":2730088}
[m7_client] {"details":{"async_rejections":0,"async_results":0,"buffered_results":0,"item_updates":1,"joined":false,"last_error_code":"","messages_received":47099,"messages_sent":65578,"pending_blocking":0,"snapshot_updates":47052},"event":"CLIENT_HEALTH","player":"b","process_id":4048,"time_msec":2732088}
[m7_client] {"details":{"async_rejections":0,"async_results":0,"buffered_results":0,"item_updates":1,"joined":false,"last_error_code":"","messages_received":47099,"messages_sent":65578,"pending_blocking":0,"snapshot_updates":47052},"event":"CLIENT_HEALTH","player":"b","process_id":4048,"time_msec":2734088}
[m7_client] {"details":{"async_rejections":0,"async_results":0,"buffered_results":0,"item_updates":1,"joined":false,"last_error_code":"","messages_received":47099,"messages_sent":65578,"pending_blocking":0,"snapshot_updates":47052},"event":"CLIENT_HEALTH","player":"b","process_id":4048,"time_msec":2736088}
[m7_client] {"details":{"async_rejections":0,"async_results":0,"buffered_results":0,"item_updates":1,"joined":false,"last_error_code":"","messages_received":47099,"messages_sent":65578,"pending_blocking":0,"snapshot_updates":47052},"event":"CLIENT_HEALTH","player":"b","process_id":4048,"time_msec":2738088}
[m7_client] {"details":{"async_rejections":0,"async_results":0,"buffered_results":0,"item_updates":1,"joined":false,"last_error_code":"","messages_received":47099,"messages_sent":65578,"pending_blocking":0,"snapshot_updates":47052},"event":"CLIENT_HEALTH","player":"b","process_id":4048,"time_msec":2740093}
[m7_client] {"details":{"async_rejections":0,"async_results":0,"buffered_results":0,"item_updates":1,"joined":false,"last_error_code":"","messages_received":47099,"messages_sent":65578,"pending_blocking":0,"snapshot_updates":47052},"event":"CLIENT_HEALTH","player":"b","process_id":4048,"time_msec":2742093}
[m7_client] {"details":{"async_rejections":0,"async_results":0,"buffered_results":0,"item_updates":1,"joined":false,"last_error_code":"","messages_received":47099,"messages_sent":65578,"pending_blocking":0,"snapshot_updates":47052},"event":"CLIENT_HEALTH","player":"b","process_id":4048,"time_msec":2744093}
[m7_client] {"details":{"async_rejections":0,"async_results":0,"buffered_results":0,"item_updates":1,"joined":false,"last_error_code":"","messages_received":47099,"messages_sent":65578,"pending_blocking":0,"snapshot_updates":47052},"event":"CLIENT_HEALTH","player":"b","process_id":4048,"time_msec":2746093}
[m7_client] {"details":{"async_rejections":0,"async_results":0,"buffered_results":0,"item_updates":1,"joined":false,"last_error_code":"","messages_received":47099,"messages_sent":65578,"pending_blocking":0,"snapshot_updates":47052},"event":"CLIENT_HEALTH","player":"b","process_id":4048,"time_msec":2748093}
[m7_client] {"details":{"async_rejections":0,"async_results":0,"buffered_results":0,"item_updates":1,"joined":false,"last_error_code":"","messages_received":47099,"messages_sent":65578,"pending_blocking":0,"snapshot_updates":47052},"event":"CLIENT_HEALTH","player":"b","process_id":4048,"time_msec":2750093}
[m7_client] {"details":{"async_rejections":0,"async_results":0,"buffered_results":0,"item_updates":1,"joined":false,"last_error_code":"","messages_received":47099,"messages_sent":65578,"pending_blocking":0,"snapshot_updates":47052},"event":"CLIENT_HEALTH","player":"b","process_id":4048,"time_msec":2752093}
[m7_client] {"details":{"async_rejections":0,"async_results":0,"buffered_results":0,"item_updates":1,"joined":false,"last_error_code":"","messages_received":47099,"messages_sent":65578,"pending_blocking":0,"snapshot_updates":47052},"event":"CLIENT_HEALTH","player":"b","process_id":4048,"time_msec":2754099}
[m7_client] {"details":{"async_rejections":0,"async_results":0,"buffered_results":0,"item_updates":1,"joined":false,"last_error_code":"","messages_received":47099,"messages_sent":65578,"pending_blocking":0,"snapshot_updates":47052},"event":"CLIENT_HEALTH","player":"b","process_id":4048,"time_msec":2756104}
[m7_client] {"details":{"async_rejections":0,"async_results":0,"buffered_results":0,"item_updates":1,"joined":false,"last_error_code":"","messages_received":47099,"messages_sent":65578,"pending_blocking":0,"snapshot_updates":47052},"event":"CLIENT_HEALTH","player":"b","process_id":4048,"time_msec":2758104}
[m7_client] {"details":{"async_rejections":0,"async_results":0,"buffered_results":0,"item_updates":1,"joined":false,"last_error_code":"","messages_received":47099,"messages_sent":65578,"pending_blocking":0,"snapshot_updates":47052},"event":"CLIENT_HEALTH","player":"b","process_id":4048,"time_msec":2760104}
[m7_client] {"details":{"async_rejections":0,"async_results":0,"buffered_results":0,"item_updates":1,"joined":false,"last_error_code":"","messages_received":47099,"messages_sent":65578,"pending_blocking":0,"snapshot_updates":47052},"event":"CLIENT_HEALTH","player":"b","process_id":4048,"time_msec":2762104}
[m7_client] {"details":{"async_rejections":0,"async_results":0,"buffered_results":0,"item_updates":1,"joined":false,"last_error_code":"","messages_received":47099,"messages_sent":65578,"pending_blocking":0,"snapshot_updates":47052},"event":"CLIENT_HEALTH","player":"b","process_id":4048,"time_msec":2764104}
[m7_client] {"details":{"async_rejections":0,"async_results":0,"buffered_results":0,"item_updates":1,"joined":false,"last_error_code":"","messages_received":47099,"messages_sent":65578,"pending_blocking":0,"snapshot_updates":47052},"event":"CLIENT_HEALTH","player":"b","process_id":4048,"time_msec":2766104}
[m7_client] {"details":{"async_rejections":0,"async_results":0,"buffered_results":0,"item_updates":1,"joined":false,"last_error_code":"","messages_received":47099,"messages_sent":65578,"pending_blocking":0,"snapshot_updates":47052},"event":"CLIENT_HEALTH","player":"b","process_id":4048,"time_msec":2768104}
[m7_client] {"details":{"async_rejections":0,"async_results":0,"buffered_results":0,"item_updates":1,"joined":false,"last_error_code":"","messages_received":47099,"messages_sent":65578,"pending_blocking":0,"snapshot_updates":47052},"event":"CLIENT_HEALTH","player":"b","process_id":4048,"time_msec":2770109}
[m7_client] {"details":{"async_rejections":0,"async_results":0,"buffered_results":0,"item_updates":1,"joined":false,"last_error_code":"","messages_received":47099,"messages_sent":65578,"pending_blocking":0,"snapshot_updates":47052},"event":"CLIENT_HEALTH","player":"b","process_id":4048,"time_msec":2772109}
[m7_client] {"details":{"async_rejections":0,"async_results":0,"buffered_results":0,"item_updates":1,"joined":false,"last_error_code":"","messages_received":47099,"messages_sent":65578,"pending_blocking":0,"snapshot_updates":47052},"event":"CLIENT_HEALTH","player":"b","process_id":4048,"time_msec":2774109}
[m7_client] {"details":{"async_rejections":0,"async_results":0,"buffered_results":0,"item_updates":1,"joined":false,"last_error_code":"","messages_received":47099,"messages_sent":65578,"pending_blocking":0,"snapshot_updates":47052},"event":"CLIENT_HEALTH","player":"b","process_id":4048,"time_msec":2776109}
[m7_client] {"details":{"async_rejections":0,"async_results":0,"buffered_results":0,"item_updates":1,"joined":false,"last_error_code":"","messages_received":47099,"messages_sent":65578,"pending_blocking":0,"snapshot_updates":47052},"event":"CLIENT_HEALTH","player":"b","process_id":4048,"time_msec":2778109}
[m7_client] {"details":{"async_rejections":0,"async_results":0,"buffered_results":0,"item_updates":1,"joined":false,"last_error_code":"","messages_received":47099,"messages_sent":65578,"pending_blocking":0,"snapshot_updates":47052},"event":"CLIENT_HEALTH","player":"b","process_id":4048,"time_msec":2780109}
[m7_client] {"details":{"async_rejections":0,"async_results":0,"buffered_results":0,"item_updates":1,"joined":false,"last_error_code":"","messages_received":47099,"messages_sent":65578,"pending_blocking":0,"snapshot_updates":47052},"event":"CLIENT_HEALTH","player":"b","process_id":4048,"time_msec":2782109}
[m7_client] {"details":{"async_rejections":0,"async_results":0,"buffered_results":0,"item_updates":1,"joined":false,"last_error_code":"","messages_received":47099,"messages_sent":65578,"pending_blocking":0,"snapshot_updates":47052},"event":"CLIENT_HEALTH","player":"b","process_id":4048,"time_msec":2784109}
[m7_client] {"details":{"async_rejections":0,"async_results":0,"buffered_results":0,"item_updates":1,"joined":false,"last_error_code":"","messages_received":47099,"messages_sent":65578,"pending_blocking":0,"snapshot_updates":47052},"event":"CLIENT_HEALTH","player":"b","process_id":4048,"time_msec":2786114}
[m7_client] {"details":{"async_rejections":0,"async_results":0,"buffered_results":0,"item_updates":1,"joined":false,"last_error_code":"","messages_received":47099,"messages_sent":65578,"pending_blocking":0,"snapshot_updates":47052},"event":"CLIENT_HEALTH","player":"b","process_id":4048,"time_msec":2788114}
[m7_client] {"details":{"async_rejections":0,"async_results":0,"buffered_results":0,"item_updates":1,"joined":false,"last_error_code":"","messages_received":47099,"messages_sent":65578,"pending_blocking":0,"snapshot_updates":47052},"event":"CLIENT_HEALTH","player":"b","process_id":4048,"time_msec":2790114}
[m7_client] {"details":{"async_rejections":0,"async_results":0,"buffered_results":0,"item_updates":1,"joined":false,"last_error_code":"","messages_received":47099,"messages_sent":65578,"pending_blocking":0,"snapshot_updates":47052},"event":"CLIENT_HEALTH","player":"b","process_id":4048,"time_msec":2792114}
[m7_client] {"details":{"async_rejections":0,"async_results":0,"buffered_results":0,"item_updates":1,"joined":false,"last_error_code":"","messages_received":47099,"messages_sent":65578,"pending_blocking":0,"snapshot_updates":47052},"event":"CLIENT_HEALTH","player":"b","process_id":4048,"time_msec":2794114}
[m7_client] {"details":{"async_rejections":0,"async_results":0,"buffered_results":0,"item_updates":1,"joined":false,"last_error_code":"","messages_received":47099,"messages_sent":65578,"pending_blocking":0,"snapshot_updates":47052},"event":"CLIENT_HEALTH","player":"b","process_id":4048,"time_msec":2796114}
[m7_client] {"details":{"async_rejections":0,"async_results":0,"buffered_results":0,"item_updates":1,"joined":false,"last_error_code":"","messages_received":47099,"messages_sent":65578,"pending_blocking":0,"snapshot_updates":47052},"event":"CLIENT_HEALTH","player":"b","process_id":4048,"time_msec":2798120}
[m7_client] {"details":{"async_rejections":0,"async_results":0,"buffered_results":0,"item_updates":1,"joined":false,"last_error_code":"","messages_received":47099,"messages_sent":65578,"pending_blocking":0,"snapshot_updates":47052},"event":"CLIENT_HEALTH","player":"b","process_id":4048,"time_msec":2800125}
[m7_client] {"details":{"async_rejections":0,"async_results":0,"buffered_results":0,"item_updates":1,"joined":false,"last_error_code":"","messages_received":47099,"messages_sent":65578,"pending_blocking":0,"snapshot_updates":47052},"event":"CLIENT_HEALTH","player":"b","process_id":4048,"time_msec":2802126}
[m7_client] {"details":{"async_rejections":0,"async_results":0,"buffered_results":0,"item_updates":1,"joined":false,"last_error_code":"","messages_received":47099,"messages_sent":65578,"pending_blocking":0,"snapshot_updates":47052},"event":"CLIENT_HEALTH","player":"b","process_id":4048,"time_msec":2804131}
[m7_client] {"details":{"async_rejections":0,"async_results":0,"buffered_results":0,"item_updates":1,"joined":false,"last_error_code":"","messages_received":47099,"messages_sent":65578,"pending_blocking":0,"snapshot_updates":47052},"event":"CLIENT_HEALTH","player":"b","process_id":4048,"time_msec":2806131}
[m7_client] {"details":{"async_rejections":0,"async_results":0,"buffered_results":0,"item_updates":1,"joined":false,"last_error_code":"","messages_received":47099,"messages_sent":65578,"pending_blocking":0,"snapshot_updates":47052},"event":"CLIENT_HEALTH","player":"b","process_id":4048,"time_msec":2808131}
[m7_client] {"details":{"async_rejections":0,"async_results":0,"buffered_results":0,"item_updates":1,"joined":false,"last_error_code":"","messages_received":47099,"messages_sent":65578,"pending_blocking":0,"snapshot_updates":47052},"event":"CLIENT_HEALTH","player":"b","process_id":4048,"time_msec":2810131}
[m7_client] {"details":{"async_rejections":0,"async_results":0,"buffered_results":0,"item_updates":1,"joined":false,"last_error_code":"","messages_received":47099,"messages_sent":65578,"pending_blocking":0,"snapshot_updates":47052},"event":"CLIENT_HEALTH","player":"b","process_id":4048,"time_msec":2812137}
[m7_client] {"details":{"async_rejections":0,"async_results":0,"buffered_results":0,"item_updates":1,"joined":false,"last_error_code":"","messages_received":47099,"messages_sent":65578,"pending_blocking":0,"snapshot_updates":47052},"event":"CLIENT_HEALTH","player":"b","process_id":4048,"time_msec":2814137}
[m7_client] {"details":{"async_rejections":0,"async_results":0,"buffered_results":0,"item_updates":1,"joined":false,"last_error_code":"","messages_received":47099,"messages_sent":65578,"pending_blocking":0,"snapshot_updates":47052},"event":"CLIENT_HEALTH","player":"b","process_id":4048,"time_msec":2816137}
[m7_client] {"details":{"async_rejections":0,"async_results":0,"buffered_results":0,"item_updates":1,"joined":false,"last_error_code":"","messages_received":47099,"messages_sent":65578,"pending_blocking":0,"snapshot_updates":47052},"event":"CLIENT_HEALTH","player":"b","process_id":4048,"time_msec":2818142}
[m7_client] {"details":{"async_rejections":0,"async_results":0,"buffered_results":0,"item_updates":1,"joined":false,"last_error_code":"","messages_received":47099,"messages_sent":65578,"pending_blocking":0,"snapshot_updates":47052},"event":"CLIENT_HEALTH","player":"b","process_id":4048,"time_msec":2820142}
[m7_client] {"details":{"async_rejections":0,"async_results":0,"buffered_results":0,"item_updates":1,"joined":false,"last_error_code":"","messages_received":47099,"messages_sent":65578,"pending_blocking":0,"snapshot_updates":47052},"event":"CLIENT_HEALTH","player":"b","process_id":4048,"time_msec":2822142}
[m7_client] {"details":{"async_rejections":0,"async_results":0,"buffered_results":0,"item_updates":1,"joined":false,"last_error_code":"","messages_received":47099,"messages_sent":65578,"pending_blocking":0,"snapshot_updates":47052},"event":"CLIENT_HEALTH","player":"b","process_id":4048,"time_msec":2824142}
[m7_client] {"details":{"async_rejections":0,"async_results":0,"buffered_results":0,"item_updates":1,"joined":false,"last_error_code":"","messages_received":47099,"messages_sent":65578,"pending_blocking":0,"snapshot_updates":47052},"event":"CLIENT_HEALTH","player":"b","process_id":4048,"time_msec":2826142}
[m7_client] {"details":{"async_rejections":0,"async_results":0,"buffered_results":0,"item_updates":1,"joined":false,"last_error_code":"","messages_received":47099,"messages_sent":65578,"pending_blocking":0,"snapshot_updates":47052},"event":"CLIENT_HEALTH","player":"b","process_id":4048,"time_msec":2828142}
[m7_client] {"details":{"async_rejections":0,"async_results":0,"buffered_results":0,"item_updates":1,"joined":false,"last_error_code":"","messages_received":47099,"messages_sent":65578,"pending_blocking":0,"snapshot_updates":47052},"event":"CLIENT_HEALTH","player":"b","process_id":4048,"time_msec":2830147}
[m7_client] {"details":{"async_rejections":0,"async_results":0,"buffered_results":0,"item_updates":1,"joined":false,"last_error_code":"","messages_received":47099,"messages_sent":65578,"pending_blocking":0,"snapshot_updates":47052},"event":"CLIENT_HEALTH","player":"b","process_id":4048,"time_msec":2832147}
[m7_client] {"details":{"async_rejections":0,"async_results":0,"buffered_results":0,"item_updates":1,"joined":false,"last_error_code":"","messages_received":47099,"messages_sent":65578,"pending_blocking":0,"snapshot_updates":47052},"event":"CLIENT_HEALTH","player":"b","process_id":4048,"time_msec":2834147}
[m7_client] {"details":{"async_rejections":0,"async_results":0,"buffered_results":0,"item_updates":1,"joined":false,"last_error_code":"","messages_received":47099,"messages_sent":65578,"pending_blocking":0,"snapshot_updates":47052},"event":"CLIENT_HEALTH","player":"b","process_id":4048,"time_msec":2836147}
[m7_client] {"details":{"async_rejections":0,"async_results":0,"buffered_results":0,"item_updates":1,"joined":false,"last_error_code":"","messages_received":47099,"messages_sent":65578,"pending_blocking":0,"snapshot_updates":47052},"event":"CLIENT_HEALTH","player":"b","process_id":4048,"time_msec":2838147}
[m7_client] {"details":{"async_rejections":0,"async_results":0,"buffered_results":0,"item_updates":1,"joined":false,"last_error_code":"","messages_received":47099,"messages_sent":65578,"pending_blocking":0,"snapshot_updates":47052},"event":"CLIENT_HEALTH","player":"b","process_id":4048,"time_msec":2840147}
[m7_client] {"details":{"async_rejections":0,"async_results":0,"buffered_results":0,"item_updates":1,"joined":false,"last_error_code":"","messages_received":47099,"messages_sent":65578,"pending_blocking":0,"snapshot_updates":47052},"event":"CLIENT_HEALTH","player":"b","process_id":4048,"time_msec":2842152}
[m7_client] {"details":{"async_rejections":0,"async_results":0,"buffered_results":0,"item_updates":1,"joined":false,"last_error_code":"","messages_received":47099,"messages_sent":65578,"pending_blocking":0,"snapshot_updates":47052},"event":"CLIENT_HEALTH","player":"b","process_id":4048,"time_msec":2844152}
[m7_client] {"details":{"async_rejections":0,"async_results":0,"buffered_results":0,"item_updates":1,"joined":false,"last_error_code":"","messages_received":47099,"messages_sent":65578,"pending_blocking":0,"snapshot_updates":47052},"event":"CLIENT_HEALTH","player":"b","process_id":4048,"time_msec":2846152}
[m7_client] {"details":{"async_rejections":0,"async_results":0,"buffered_results":0,"item_updates":1,"joined":false,"last_error_code":"","messages_received":47099,"messages_sent":65578,"pending_blocking":0,"snapshot_updates":47052},"event":"CLIENT_HEALTH","player":"b","process_id":4048,"time_msec":2848152}
[m7_client] {"details":{"async_rejections":0,"async_results":0,"buffered_results":0,"item_updates":1,"joined":false,"last_error_code":"","messages_received":47099,"messages_sent":65578,"pending_blocking":0,"snapshot_updates":47052},"event":"CLIENT_HEALTH","player":"b","process_id":4048,"time_msec":2850152}
[m7_client] {"details":{"async_rejections":0,"async_results":0,"buffered_results":0,"item_updates":1,"joined":false,"last_error_code":"","messages_received":47099,"messages_sent":65578,"pending_blocking":0,"snapshot_updates":47052},"event":"CLIENT_HEALTH","player":"b","process_id":4048,"time_msec":2852152}
[m7_client] {"details":{"async_rejections":0,"async_results":0,"buffered_results":0,"item_updates":1,"joined":false,"last_error_code":"","messages_received":47099,"messages_sent":65578,"pending_blocking":0,"snapshot_updates":47052},"event":"CLIENT_HEALTH","player":"b","process_id":4048,"time_msec":2854152}
[m7_client] {"details":{"async_rejections":0,"async_results":0,"buffered_results":0,"item_updates":1,"joined":false,"last_error_code":"","messages_received":47099,"messages_sent":65578,"pending_blocking":0,"snapshot_updates":47052},"event":"CLIENT_HEALTH","player":"b","process_id":4048,"time_msec":2856158}
[m7_client] {"details":{"async_rejections":0,"async_results":0,"buffered_results":0,"item_updates":1,"joined":false,"last_error_code":"","messages_received":47099,"messages_sent":65578,"pending_blocking":0,"snapshot_updates":47052},"event":"CLIENT_HEALTH","player":"b","process_id":4048,"time_msec":2858164}
[m7_client] {"details":{"async_rejections":0,"async_results":0,"buffered_results":0,"item_updates":1,"joined":false,"last_error_code":"","messages_received":47099,"messages_sent":65578,"pending_blocking":0,"snapshot_updates":47052},"event":"CLIENT_HEALTH","player":"b","process_id":4048,"time_msec":2860169}
[m7_client] {"details":{"async_rejections":0,"async_results":0,"buffered_results":0,"item_updates":1,"joined":false,"last_error_code":"","messages_received":47099,"messages_sent":65578,"pending_blocking":0,"snapshot_updates":47052},"event":"CLIENT_HEALTH","player":"b","process_id":4048,"time_msec":2862169}
[m7_client] {"details":{"async_rejections":0,"async_results":0,"buffered_results":0,"item_updates":1,"joined":false,"last_error_code":"","messages_received":47099,"messages_sent":65578,"pending_blocking":0,"snapshot_updates":47052},"event":"CLIENT_HEALTH","player":"b","process_id":4048,"time_msec":2864169}
[m7_client] {"details":{"async_rejections":0,"async_results":0,"buffered_results":0,"item_updates":1,"joined":false,"last_error_code":"","messages_received":47099,"messages_sent":65578,"pending_blocking":0,"snapshot_updates":47052},"event":"CLIENT_HEALTH","player":"b","process_id":4048,"time_msec":2866169}
[m7_client] {"details":{"async_rejections":0,"async_results":0,"buffered_results":0,"item_updates":1,"joined":false,"last_error_code":"","messages_received":47099,"messages_sent":65578,"pending_blocking":0,"snapshot_updates":47052},"event":"CLIENT_HEALTH","player":"b","process_id":4048,"time_msec":2868169}
[m7_client] {"details":{"async_rejections":0,"async_results":0,"buffered_results":0,"item_updates":1,"joined":false,"last_error_code":"","messages_received":47099,"messages_sent":65578,"pending_blocking":0,"snapshot_updates":47052},"event":"CLIENT_HEALTH","player":"b","process_id":4048,"time_msec":2870169}
[m7_client] {"details":{"async_rejections":0,"async_results":0,"buffered_results":0,"item_updates":1,"joined":false,"last_error_code":"","messages_received":47099,"messages_sent":65578,"pending_blocking":0,"snapshot_updates":47052},"event":"CLIENT_HEALTH","player":"b","process_id":4048,"time_msec":2872174}
[m7_client] {"details":{"async_rejections":0,"async_results":0,"buffered_results":0,"item_updates":1,"joined":false,"last_error_code":"","messages_received":47099,"messages_sent":65578,"pending_blocking":0,"snapshot_updates":47052},"event":"CLIENT_HEALTH","player":"b","process_id":4048,"time_msec":2874174}
[m7_client] {"details":{"async_rejections":0,"async_results":0,"buffered_results":0,"item_updates":1,"joined":false,"last_error_code":"","messages_received":47099,"messages_sent":65578,"pending_blocking":0,"snapshot_updates":47052},"event":"CLIENT_HEALTH","player":"b","process_id":4048,"time_msec":2876174}
[m7_client] {"details":{"async_rejections":0,"async_results":0,"buffered_results":0,"item_updates":1,"joined":false,"last_error_code":"","messages_received":47099,"messages_sent":65578,"pending_blocking":0,"snapshot_updates":47052},"event":"CLIENT_HEALTH","player":"b","process_id":4048,"time_msec":2878174}
[m7_client] {"details":{"async_rejections":0,"async_results":0,"buffered_results":0,"item_updates":1,"joined":false,"last_error_code":"","messages_received":47099,"messages_sent":65578,"pending_blocking":0,"snapshot_updates":47052},"event":"CLIENT_HEALTH","player":"b","process_id":4048,"time_msec":2880174}
[m7_client] {"details":{"async_rejections":0,"async_results":0,"buffered_results":0,"item_updates":1,"joined":false,"last_error_code":"","messages_received":47099,"messages_sent":65578,"pending_blocking":0,"snapshot_updates":47052},"event":"CLIENT_HEALTH","player":"b","process_id":4048,"time_msec":2882174}
[m7_client] {"details":{"async_rejections":0,"async_results":0,"buffered_results":0,"item_updates":1,"joined":false,"last_error_code":"","messages_received":47099,"messages_sent":65578,"pending_blocking":0,"snapshot_updates":47052},"event":"CLIENT_HEALTH","player":"b","process_id":4048,"time_msec":2884174}
[m7_client] {"details":{"async_rejections":0,"async_results":0,"buffered_results":0,"item_updates":1,"joined":false,"last_error_code":"","messages_received":47099,"messages_sent":65578,"pending_blocking":0,"snapshot_updates":47052},"event":"CLIENT_HEALTH","player":"b","process_id":4048,"time_msec":2886180}
[m7_client] {"details":{"async_rejections":0,"async_results":0,"buffered_results":0,"item_updates":1,"joined":false,"last_error_code":"","messages_received":47099,"messages_sent":65578,"pending_blocking":0,"snapshot_updates":47052},"event":"CLIENT_HEALTH","player":"b","process_id":4048,"time_msec":2888185}
[m7_client] {"details":{"async_rejections":0,"async_results":0,"buffered_results":0,"item_updates":1,"joined":false,"last_error_code":"","messages_received":47099,"messages_sent":65578,"pending_blocking":0,"snapshot_updates":47052},"event":"CLIENT_HEALTH","player":"b","process_id":4048,"time_msec":2890185}
[m7_client] {"details":{"async_rejections":0,"async_results":0,"buffered_results":0,"item_updates":1,"joined":false,"last_error_code":"","messages_received":47099,"messages_sent":65578,"pending_blocking":0,"snapshot_updates":47052},"event":"CLIENT_HEALTH","player":"b","process_id":4048,"time_msec":2892185}
[m7_client] {"details":{"async_rejections":0,"async_results":0,"buffered_results":0,"item_updates":1,"joined":false,"last_error_code":"","messages_received":47099,"messages_sent":65578,"pending_blocking":0,"snapshot_updates":47052},"event":"CLIENT_HEALTH","player":"b","process_id":4048,"time_msec":2894185}
[m7_client] {"details":{"async_rejections":0,"async_results":0,"buffered_results":0,"item_updates":1,"joined":false,"last_error_code":"","messages_received":47099,"messages_sent":65578,"pending_blocking":0,"snapshot_updates":47052},"event":"CLIENT_HEALTH","player":"b","process_id":4048,"time_msec":2896185}
{"category":"atmosphere","data":{"altitude_m":4000.0,"instances":214,"patch_radius_m":70000.0,"plugin_id":"earth_low_clouds"},"event":"cloud_layer_rebuilt","level":"INFO","schema":"lunar.log.v1","session_id":"1790689269-3619","ticks_msec":2897979,"timestamp_utc":"2026-09-29 14:29:23"}
[m7_client] {"details":{"async_rejections":0,"async_results":0,"buffered_results":0,"item_updates":1,"joined":false,"last_error_code":"","messages_received":47099,"messages_sent":65578,"pending_blocking":0,"snapshot_updates":47052},"event":"CLIENT_HEALTH","player":"b","process_id":4048,"time_msec":2898185}
[m7_client] {"details":{"async_rejections":0,"async_results":0,"buffered_results":0,"item_updates":1,"joined":false,"last_error_code":"","messages_received":47099,"messages_sent":65578,"pending_blocking":0,"snapshot_updates":47052},"event":"CLIENT_HEALTH","player":"b","process_id":4048,"time_msec":2900185}
[m7_client] {"details":{"async_rejections":0,"async_results":0,"buffered_results":0,"item_updates":1,"joined":false,"last_error_code":"","messages_received":47099,"messages_sent":65578,"pending_blocking":0,"snapshot_updates":47052},"event":"CLIENT_HEALTH","player":"b","process_id":4048,"time_msec":2902185}
[m7_client] {"details":{"async_rejections":0,"async_results":0,"buffered_results":0,"item_updates":1,"joined":false,"last_error_code":"","messages_received":47099,"messages_sent":65578,"pending_blocking":0,"snapshot_updates":47052},"event":"CLIENT_HEALTH","player":"b","process_id":4048,"time_msec":2904190}
[m7_client] {"details":{"async_rejections":0,"async_results":0,"buffered_results":0,"item_updates":1,"joined":false,"last_error_code":"","messages_received":47099,"messages_sent":65578,"pending_blocking":0,"snapshot_updates":47052},"event":"CLIENT_HEALTH","player":"b","process_id":4048,"time_msec":2906190}
[m7_client] {"details":{"async_rejections":0,"async_results":0,"buffered_results":0,"item_updates":1,"joined":false,"last_error_code":"","messages_received":47099,"messages_sent":65578,"pending_blocking":0,"snapshot_updates":47052},"event":"CLIENT_HEALTH","player":"b","process_id":4048,"time_msec":2908190}
[m7_client] {"details":{"async_rejections":0,"async_results":0,"buffered_results":0,"item_updates":1,"joined":false,"last_error_code":"","messages_received":47099,"messages_sent":65578,"pending_blocking":0,"snapshot_updates":47052},"event":"CLIENT_HEALTH","player":"b","process_id":4048,"time_msec":2910190}
[m7_client] {"details":{"async_rejections":0,"async_results":0,"buffered_results":0,"item_updates":1,"joined":false,"last_error_code":"","messages_received":47099,"messages_sent":65578,"pending_blocking":0,"snapshot_updates":47052},"event":"CLIENT_HEALTH","player":"b","process_id":4048,"time_msec":2912190}
[m7_client] {"details":{"async_rejections":0,"async_results":0,"buffered_results":0,"item_updates":1,"joined":false,"last_error_code":"","messages_received":47099,"messages_sent":65578,"pending_blocking":0,"snapshot_updates":47052},"event":"CLIENT_HEALTH","player":"b","process_id":4048,"time_msec":2914190}
[m7_client] {"details":{"async_rejections":0,"async_results":0,"buffered_results":0,"item_updates":1,"joined":false,"last_error_code":"","messages_received":47099,"messages_sent":65578,"pending_blocking":0,"snapshot_updates":47052},"event":"CLIENT_HEALTH","player":"b","process_id":4048,"time_msec":2916195}
[m7_client] {"details":{"async_rejections":0,"async_results":0,"buffered_results":0,"item_updates":1,"joined":false,"last_error_code":"","messages_received":47099,"messages_sent":65578,"pending_blocking":0,"snapshot_updates":47052},"event":"CLIENT_HEALTH","player":"b","process_id":4048,"time_msec":2918195}
[m7_client] {"details":{"async_rejections":0,"async_results":0,"buffered_results":0,"item_updates":1,"joined":false,"last_error_code":"","messages_received":47099,"messages_sent":65578,"pending_blocking":0,"snapshot_updates":47052},"event":"CLIENT_HEALTH","player":"b","process_id":4048,"time_msec":2920195}
[m7_client] {"details":{"async_rejections":0,"async_results":0,"buffered_results":0,"item_updates":1,"joined":false,"last_error_code":"","messages_received":47099,"messages_sent":65578,"pending_blocking":0,"snapshot_updates":47052},"event":"CLIENT_HEALTH","player":"b","process_id":4048,"time_msec":2922195}
[m7_client] {"details":{"async_rejections":0,"async_results":0,"buffered_results":0,"item_updates":1,"joined":false,"last_error_code":"","messages_received":47099,"messages_sent":65578,"pending_blocking":0,"snapshot_updates":47052},"event":"CLIENT_HEALTH","player":"b","process_id":4048,"time_msec":2924195}
[m7_client] {"details":{"async_rejections":0,"async_results":0,"buffered_results":0,"item_updates":1,"joined":false,"last_error_code":"","messages_received":47099,"messages_sent":65578,"pending_blocking":0,"snapshot_updates":47052},"event":"CLIENT_HEALTH","player":"b","process_id":4048,"time_msec":2926195}
[m7_client] {"details":{"async_rejections":0,"async_results":0,"buffered_results":0,"item_updates":1,"joined":false,"last_error_code":"","messages_received":47099,"messages_sent":65578,"pending_blocking":0,"snapshot_updates":47052},"event":"CLIENT_HEALTH","player":"b","process_id":4048,"time_msec":2928195}
[m7_client] {"details":{"async_rejections":0,"async_results":0,"buffered_results":0,"item_updates":1,"joined":false,"last_error_code":"","messages_received":47099,"messages_sent":65578,"pending_blocking":0,"snapshot_updates":47052},"event":"CLIENT_HEALTH","player":"b","process_id":4048,"time_msec":2930200}
[m7_client] {"details":{"async_rejections":0,"async_results":0,"buffered_results":0,"item_updates":1,"joined":false,"last_error_code":"","messages_received":47099,"messages_sent":65578,"pending_blocking":0,"snapshot_updates":47052},"event":"CLIENT_HEALTH","player":"b","process_id":4048,"time_msec":2932200}
[m7_client] {"details":{"async_rejections":0,"async_results":0,"buffered_results":0,"item_updates":1,"joined":false,"last_error_code":"","messages_received":47099,"messages_sent":65578,"pending_blocking":0,"snapshot_updates":47052},"event":"CLIENT_HEALTH","player":"b","process_id":4048,"time_msec":2934200}
[m7_client] {"details":{"async_rejections":0,"async_results":0,"buffered_results":0,"item_updates":1,"joined":false,"last_error_code":"","messages_received":47099,"messages_sent":65578,"pending_blocking":0,"snapshot_updates":47052},"event":"CLIENT_HEALTH","player":"b","process_id":4048,"time_msec":2936200}
[m7_client] {"details":{"async_rejections":0,"async_results":0,"buffered_results":0,"item_updates":1,"joined":false,"last_error_code":"","messages_received":47099,"messages_sent":65578,"pending_blocking":0,"snapshot_updates":47052},"event":"CLIENT_HEALTH","player":"b","process_id":4048,"time_msec":2938200}
[m7_client] {"details":{"async_rejections":0,"async_results":0,"buffered_results":0,"item_updates":1,"joined":false,"last_error_code":"","messages_received":47099,"messages_sent":65578,"pending_blocking":0,"snapshot_updates":47052},"event":"CLIENT_HEALTH","player":"b","process_id":4048,"time_msec":2940200}
[m7_client] {"details":{"async_rejections":0,"async_results":0,"buffered_results":0,"item_updates":1,"joined":false,"last_error_code":"","messages_received":47099,"messages_sent":65578,"pending_blocking":0,"snapshot_updates":47052},"event":"CLIENT_HEALTH","player":"b","process_id":4048,"time_msec":2942200}
[m7_client] {"details":{"async_rejections":0,"async_results":0,"buffered_results":0,"item_updates":1,"joined":false,"last_error_code":"","messages_received":47099,"messages_sent":65578,"pending_blocking":0,"snapshot_updates":47052},"event":"CLIENT_HEALTH","player":"b","process_id":4048,"time_msec":2944206}
[m7_client] {"details":{"async_rejections":0,"async_results":0,"buffered_results":0,"item_updates":1,"joined":false,"last_error_code":"","messages_received":47099,"messages_sent":65578,"pending_blocking":0,"snapshot_updates":47052},"event":"CLIENT_HEALTH","player":"b","process_id":4048,"time_msec":2946211}
[m7_client] {"details":{"async_rejections":0,"async_results":0,"buffered_results":0,"item_updates":1,"joined":false,"last_error_code":"","messages_received":47099,"messages_sent":65578,"pending_blocking":0,"snapshot_updates":47052},"event":"CLIENT_HEALTH","player":"b","process_id":4048,"time_msec":2948211}
[m7_client] {"details":{"async_rejections":0,"async_results":0,"buffered_results":0,"item_updates":1,"joined":false,"last_error_code":"","messages_received":47099,"messages_sent":65578,"pending_blocking":0,"snapshot_updates":47052},"event":"CLIENT_HEALTH","player":"b","process_id":4048,"time_msec":2950211}
[m7_client] {"details":{"async_rejections":0,"async_results":0,"buffered_results":0,"item_updates":1,"joined":false,"last_error_code":"","messages_received":47099,"messages_sent":65578,"pending_blocking":0,"snapshot_updates":47052},"event":"CLIENT_HEALTH","player":"b","process_id":4048,"time_msec":2952211}
[m7_client] {"details":{"async_rejections":0,"async_results":0,"buffered_results":0,"item_updates":1,"joined":false,"last_error_code":"","messages_received":47099,"messages_sent":65578,"pending_blocking":0,"snapshot_updates":47052},"event":"CLIENT_HEALTH","player":"b","process_id":4048,"time_msec":2954211}
[m7_client] {"details":{"async_rejections":0,"async_results":0,"buffered_results":0,"item_updates":1,"joined":false,"last_error_code":"","messages_received":47099,"messages_sent":65578,"pending_blocking":0,"snapshot_updates":47052},"event":"CLIENT_HEALTH","player":"b","process_id":4048,"time_msec":2956216}
[m7_client] {"details":{"async_rejections":0,"async_results":0,"buffered_results":0,"item_updates":1,"joined":false,"last_error_code":"","messages_received":47099,"messages_sent":65578,"pending_blocking":0,"snapshot_updates":47052},"event":"CLIENT_HEALTH","player":"b","process_id":4048,"time_msec":2958216}
[m7_client] {"details":{"async_rejections":0,"async_results":0,"buffered_results":0,"item_updates":1,"joined":false,"last_error_code":"","messages_received":47099,"messages_sent":65578,"pending_blocking":0,"snapshot_updates":47052},"event":"CLIENT_HEALTH","player":"b","process_id":4048,"time_msec":2960216}
[m7_client] {"details":{"async_rejections":0,"async_results":0,"buffered_results":0,"item_updates":1,"joined":false,"last_error_code":"","messages_received":47099,"messages_sent":65578,"pending_blocking":0,"snapshot_updates":47052},"event":"CLIENT_HEALTH","player":"b","process_id":4048,"time_msec":2962216}
[m7_client] {"details":{"async_rejections":0,"async_results":0,"buffered_results":0,"item_updates":1,"joined":false,"last_error_code":"","messages_received":47099,"messages_sent":65578,"pending_blocking":0,"snapshot_updates":47052},"event":"CLIENT_HEALTH","player":"b","process_id":4048,"time_msec":2964216}
[m7_client] {"details":{"async_rejections":0,"async_results":0,"buffered_results":0,"item_updates":1,"joined":false,"last_error_code":"","messages_received":47099,"messages_sent":65578,"pending_blocking":0,"snapshot_updates":47052},"event":"CLIENT_HEALTH","player":"b","process_id":4048,"time_msec":2966216}
[m7_client] {"details":{"async_rejections":0,"async_results":0,"buffered_results":0,"item_updates":1,"joined":false,"last_error_code":"","messages_received":47099,"messages_sent":65578,"pending_blocking":0,"snapshot_updates":47052},"event":"CLIENT_HEALTH","player":"b","process_id":4048,"time_msec":2968216}
[m7_client] {"details":{"async_rejections":0,"async_results":0,"buffered_results":0,"item_updates":1,"joined":false,"last_error_code":"","messages_received":47099,"messages_sent":65578,"pending_blocking":0,"snapshot_updates":47052},"event":"CLIENT_HEALTH","player":"b","process_id":4048,"time_msec":2970222}
[m7_client] {"details":{"async_rejections":0,"async_results":0,"buffered_results":0,"item_updates":1,"joined":false,"last_error_code":"","messages_received":47099,"messages_sent":65578,"pending_blocking":0,"snapshot_updates":47052},"event":"CLIENT_HEALTH","player":"b","process_id":4048,"time_msec":2972223}
[m7_client] {"details":{"async_rejections":0,"async_results":0,"buffered_results":0,"item_updates":1,"joined":false,"last_error_code":"","messages_received":47099,"messages_sent":65578,"pending_blocking":0,"snapshot_updates":47052},"event":"CLIENT_HEALTH","player":"b","process_id":4048,"time_msec":2974227}
[m7_client] {"details":{"async_rejections":0,"async_results":0,"buffered_results":0,"item_updates":1,"joined":false,"last_error_code":"","messages_received":47099,"messages_sent":65578,"pending_blocking":0,"snapshot_updates":47052},"event":"CLIENT_HEALTH","player":"b","process_id":4048,"time_msec":2976227}
[m7_client] {"details":{"async_rejections":0,"async_results":0,"buffered_results":0,"item_updates":1,"joined":false,"last_error_code":"","messages_received":47099,"messages_sent":65578,"pending_blocking":0,"snapshot_updates":47052},"event":"CLIENT_HEALTH","player":"b","process_id":4048,"time_msec":2978227}
[m7_client] {"details":{"async_rejections":0,"async_results":0,"buffered_results":0,"item_updates":1,"joined":false,"last_error_code":"","messages_received":47099,"messages_sent":65578,"pending_blocking":0,"snapshot_updates":47052},"event":"CLIENT_HEALTH","player":"b","process_id":4048,"time_msec":2980227}
[m7_client] {"details":{"async_rejections":0,"async_results":0,"buffered_results":0,"item_updates":1,"joined":false,"last_error_code":"","messages_received":47099,"messages_sent":65578,"pending_blocking":0,"snapshot_updates":47052},"event":"CLIENT_HEALTH","player":"b","process_id":4048,"time_msec":2982227}
[m7_client] {"details":{"async_rejections":0,"async_results":0,"buffered_results":0,"item_updates":1,"joined":false,"last_error_code":"","messages_received":47099,"messages_sent":65578,"pending_blocking":0,"snapshot_updates":47052},"event":"CLIENT_HEALTH","player":"b","process_id":4048,"time_msec":2984227}
[m7_client] {"details":{"async_rejections":0,"async_results":0,"buffered_results":0,"item_updates":1,"joined":false,"last_error_code":"","messages_received":47099,"messages_sent":65578,"pending_blocking":0,"snapshot_updates":47052},"event":"CLIENT_HEALTH","player":"b","process_id":4048,"time_msec":2986227}
[m7_client] {"details":{"async_rejections":0,"async_results":0,"buffered_results":0,"item_updates":1,"joined":false,"last_error_code":"","messages_received":47099,"messages_sent":65578,"pending_blocking":0,"snapshot_updates":47052},"event":"CLIENT_HEALTH","player":"b","process_id":4048,"time_msec":2988232}
[m7_client] {"details":{"async_rejections":0,"async_results":0,"buffered_results":0,"item_updates":1,"joined":false,"last_error_code":"","messages_received":47099,"messages_sent":65578,"pending_blocking":0,"snapshot_updates":47052},"event":"CLIENT_HEALTH","player":"b","process_id":4048,"time_msec":2990232}
[m7_client] {"details":{"async_rejections":0,"async_results":0,"buffered_results":0,"item_updates":1,"joined":false,"last_error_code":"","messages_received":47099,"messages_sent":65578,"pending_blocking":0,"snapshot_updates":47052},"event":"CLIENT_HEALTH","player":"b","process_id":4048,"time_msec":2992232}
[m7_client] {"details":{"async_rejections":0,"async_results":0,"buffered_results":0,"item_updates":1,"joined":false,"last_error_code":"","messages_received":47099,"messages_sent":65578,"pending_blocking":0,"snapshot_updates":47052},"event":"CLIENT_HEALTH","player":"b","process_id":4048,"time_msec":2994232}
[m7_client] {"details":{"async_rejections":0,"async_results":0,"buffered_results":0,"item_updates":1,"joined":false,"last_error_code":"","messages_received":47099,"messages_sent":65578,"pending_blocking":0,"snapshot_updates":47052},"event":"CLIENT_HEALTH","player":"b","process_id":4048,"time_msec":2996232}
[m7_client] {"details":{"async_rejections":0,"async_results":0,"buffered_results":0,"item_updates":1,"joined":false,"last_error_code":"","messages_received":47099,"messages_sent":65578,"pending_blocking":0,"snapshot_updates":47052},"event":"CLIENT_HEALTH","player":"b","process_id":4048,"time_msec":2998232}
[m7_client] {"details":{"async_rejections":0,"async_results":0,"buffered_results":0,"item_updates":1,"joined":false,"last_error_code":"","messages_received":47099,"messages_sent":65578,"pending_blocking":0,"snapshot_updates":47052},"event":"CLIENT_HEALTH","player":"b","process_id":4048,"time_msec":3000232}
[m7_client] {"details":{"async_rejections":0,"async_results":0,"buffered_results":0,"item_updates":1,"joined":false,"last_error_code":"","messages_received":47099,"messages_sent":65578,"pending_blocking":0,"snapshot_updates":47052},"event":"CLIENT_HEALTH","player":"b","process_id":4048,"time_msec":3002237}
[m7_client] {"details":{"async_rejections":0,"async_results":0,"buffered_results":0,"item_updates":1,"joined":false,"last_error_code":"","messages_received":47099,"messages_sent":65578,"pending_blocking":0,"snapshot_updates":47052},"event":"CLIENT_HEALTH","player":"b","process_id":4048,"time_msec":3004237}
[m7_client] {"details":{"async_rejections":0,"async_results":0,"buffered_results":0,"item_updates":1,"joined":false,"last_error_code":"","messages_received":47099,"messages_sent":65578,"pending_blocking":0,"snapshot_updates":47052},"event":"CLIENT_HEALTH","player":"b","process_id":4048,"time_msec":3006237}
[m7_client] {"details":{"async_rejections":0,"async_results":0,"buffered_results":0,"item_updates":1,"joined":false,"last_error_code":"","messages_received":47099,"messages_sent":65578,"pending_blocking":0,"snapshot_updates":47052},"event":"CLIENT_HEALTH","player":"b","process_id":4048,"time_msec":3008237}
[m7_client] {"details":{"async_rejections":0,"async_results":0,"buffered_results":0,"item_updates":1,"joined":false,"last_error_code":"","messages_received":47099,"messages_sent":65578,"pending_blocking":0,"snapshot_updates":47052},"event":"CLIENT_HEALTH","player":"b","process_id":4048,"time_msec":3010237}
[m7_client] {"details":{"async_rejections":0,"async_results":0,"buffered_results":0,"item_updates":1,"joined":false,"last_error_code":"","messages_received":47099,"messages_sent":65578,"pending_blocking":0,"snapshot_updates":47052},"event":"CLIENT_HEALTH","player":"b","process_id":4048,"time_msec":3012237}
[m7_client] {"details":{"async_rejections":0,"async_results":0,"buffered_results":0,"item_updates":1,"joined":false,"last_error_code":"","messages_received":47099,"messages_sent":65578,"pending_blocking":0,"snapshot_updates":47052},"event":"CLIENT_HEALTH","player":"b","process_id":4048,"time_msec":3014242}
[m7_client] {"details":{"async_rejections":0,"async_results":0,"buffered_results":0,"item_updates":1,"joined":false,"last_error_code":"","messages_received":47099,"messages_sent":65578,"pending_blocking":0,"snapshot_updates":47052},"event":"CLIENT_HEALTH","player":"b","process_id":4048,"time_msec":3016242}
[m7_client] {"details":{"async_rejections":0,"async_results":0,"buffered_results":0,"item_updates":1,"joined":false,"last_error_code":"","messages_received":47099,"messages_sent":65578,"pending_blocking":0,"snapshot_updates":47052},"event":"CLIENT_HEALTH","player":"b","process_id":4048,"time_msec":3018242}
[m7_client] {"details":{"async_rejections":0,"async_results":0,"buffered_results":0,"item_updates":1,"joined":false,"last_error_code":"","messages_received":47099,"messages_sent":65578,"pending_blocking":0,"snapshot_updates":47052},"event":"CLIENT_HEALTH","player":"b","process_id":4048,"time_msec":3020242}
[m7_client] {"details":{"async_rejections":0,"async_results":0,"buffered_results":0,"item_updates":1,"joined":false,"last_error_code":"","messages_received":47099,"messages_sent":65578,"pending_blocking":0,"snapshot_updates":47052},"event":"CLIENT_HEALTH","player":"b","process_id":4048,"time_msec":3022242}
[m7_client] {"details":{"async_rejections":0,"async_results":0,"buffered_results":0,"item_updates":1,"joined":false,"last_error_code":"","messages_received":47099,"messages_sent":65578,"pending_blocking":0,"snapshot_updates":47052},"event":"CLIENT_HEALTH","player":"b","process_id":4048,"time_msec":3024242}
[m7_client] {"details":{"async_rejections":0,"async_results":0,"buffered_results":0,"item_updates":1,"joined":false,"last_error_code":"","messages_received":47099,"messages_sent":65578,"pending_blocking":0,"snapshot_updates":47052},"event":"CLIENT_HEALTH","player":"b","process_id":4048,"time_msec":3026248}
[m7_client] {"details":{"async_rejections":0,"async_results":0,"buffered_results":0,"item_updates":1,"joined":false,"last_error_code":"","messages_received":47099,"messages_sent":65578,"pending_blocking":0,"snapshot_updates":47052},"event":"CLIENT_HEALTH","player":"b","process_id":4048,"time_msec":3028248}
[m7_client] {"details":{"async_rejections":0,"async_results":0,"buffered_results":0,"item_updates":1,"joined":false,"last_error_code":"","messages_received":47099,"messages_sent":65578,"pending_blocking":0,"snapshot_updates":47052},"event":"CLIENT_HEALTH","player":"b","process_id":4048,"time_msec":3030254}
[m7_client] {"details":{"async_rejections":0,"async_results":0,"buffered_results":0,"item_updates":1,"joined":false,"last_error_code":"","messages_received":47099,"messages_sent":65578,"pending_blocking":0,"snapshot_updates":47052},"event":"CLIENT_HEALTH","player":"b","process_id":4048,"time_msec":3032259}
[m7_client] {"details":{"async_rejections":0,"async_results":0,"buffered_results":0,"item_updates":1,"joined":false,"last_error_code":"","messages_received":47099,"messages_sent":65578,"pending_blocking":0,"snapshot_updates":47052},"event":"CLIENT_HEALTH","player":"b","process_id":4048,"time_msec":3034262}
[m7_client] {"details":{"async_rejections":0,"async_results":0,"buffered_results":0,"item_updates":1,"joined":false,"last_error_code":"","messages_received":47099,"messages_sent":65578,"pending_blocking":0,"snapshot_updates":47052},"event":"CLIENT_HEALTH","player":"b","process_id":4048,"time_msec":3036265}
[m7_client] {"details":{"async_rejections":0,"async_results":0,"buffered_results":0,"item_updates":1,"joined":false,"last_error_code":"","messages_received":47099,"messages_sent":65578,"pending_blocking":0,"snapshot_updates":47052},"event":"CLIENT_HEALTH","player":"b","process_id":4048,"time_msec":3038265}
[m7_client] {"details":{"async_rejections":0,"async_results":0,"buffered_results":0,"item_updates":1,"joined":false,"last_error_code":"","messages_received":47099,"messages_sent":65578,"pending_blocking":0,"snapshot_updates":47052},"event":"CLIENT_HEALTH","player":"b","process_id":4048,"time_msec":3040265}
[m7_client] {"details":{"async_rejections":0,"async_results":0,"buffered_results":0,"item_updates":1,"joined":false,"last_error_code":"","messages_received":47099,"messages_sent":65578,"pending_blocking":0,"snapshot_updates":47052},"event":"CLIENT_HEALTH","player":"b","process_id":4048,"time_msec":3042265}
[m7_client] {"details":{"async_rejections":0,"async_results":0,"buffered_results":0,"item_updates":1,"joined":false,"last_error_code":"","messages_received":47099,"messages_sent":65578,"pending_blocking":0,"snapshot_updates":47052},"event":"CLIENT_HEALTH","player":"b","process_id":4048,"time_msec":3044271}
[m7_client] {"details":{"async_rejections":0,"async_results":0,"buffered_results":0,"item_updates":1,"joined":false,"last_error_code":"","messages_received":47099,"messages_sent":65578,"pending_blocking":0,"snapshot_updates":47052},"event":"CLIENT_HEALTH","player":"b","process_id":4048,"time_msec":3046270}
[m7_client] {"details":{"async_rejections":0,"async_results":0,"buffered_results":0,"item_updates":1,"joined":false,"last_error_code":"","messages_received":47099,"messages_sent":65578,"pending_blocking":0,"snapshot_updates":47052},"event":"CLIENT_HEALTH","player":"b","process_id":4048,"time_msec":3048270}
[m7_client] {"details":{"async_rejections":0,"async_results":0,"buffered_results":0,"item_updates":1,"joined":false,"last_error_code":"","messages_received":47099,"messages_sent":65578,"pending_blocking":0,"snapshot_updates":47052},"event":"CLIENT_HEALTH","player":"b","process_id":4048,"time_msec":3050270}
[m7_client] {"details":{"async_rejections":0,"async_results":0,"buffered_results":0,"item_updates":1,"joined":false,"last_error_code":"","messages_received":47099,"messages_sent":65578,"pending_blocking":0,"snapshot_updates":47052},"event":"CLIENT_HEALTH","player":"b","process_id":4048,"time_msec":3052270}
[m7_client] {"details":{"async_rejections":0,"async_results":0,"buffered_results":0,"item_updates":1,"joined":false,"last_error_code":"","messages_received":47099,"messages_sent":65578,"pending_blocking":0,"snapshot_updates":47052},"event":"CLIENT_HEALTH","player":"b","process_id":4048,"time_msec":3054270}
[m7_client] {"details":{"async_rejections":0,"async_results":0,"buffered_results":0,"item_updates":1,"joined":false,"last_error_code":"","messages_received":47099,"messages_sent":65578,"pending_blocking":0,"snapshot_updates":47052},"event":"CLIENT_HEALTH","player":"b","process_id":4048,"time_msec":3056275}
[m7_client] {"details":{"async_rejections":0,"async_results":0,"buffered_results":0,"item_updates":1,"joined":false,"last_error_code":"","messages_received":47099,"messages_sent":65578,"pending_blocking":0,"snapshot_updates":47052},"event":"CLIENT_HEALTH","player":"b","process_id":4048,"time_msec":3058276}
[m7_client] {"details":{"async_rejections":0,"async_results":0,"buffered_results":0,"item_updates":1,"joined":false,"last_error_code":"","messages_received":47099,"messages_sent":65578,"pending_blocking":0,"snapshot_updates":47052},"event":"CLIENT_HEALTH","player":"b","process_id":4048,"time_msec":3060281}
[m7_client] {"details":{"async_rejections":0,"async_results":0,"buffered_results":0,"item_updates":1,"joined":false,"last_error_code":"","messages_received":47099,"messages_sent":65578,"pending_blocking":0,"snapshot_updates":47052},"event":"CLIENT_HEALTH","player":"b","process_id":4048,"time_msec":3062281}
[m7_client] {"details":{"async_rejections":0,"async_results":0,"buffered_results":0,"item_updates":1,"joined":false,"last_error_code":"","messages_received":47099,"messages_sent":65578,"pending_blocking":0,"snapshot_updates":47052},"event":"CLIENT_HEALTH","player":"b","process_id":4048,"time_msec":3064281}
[m7_client] {"details":{"async_rejections":0,"async_results":0,"buffered_results":0,"item_updates":1,"joined":false,"last_error_code":"","messages_received":47099,"messages_sent":65578,"pending_blocking":0,"snapshot_updates":47052},"event":"CLIENT_HEALTH","player":"b","process_id":4048,"time_msec":3066281}
[m7_client] {"details":{"async_rejections":0,"async_results":0,"buffered_results":0,"item_updates":1,"joined":false,"last_error_code":"","messages_received":47099,"messages_sent":65578,"pending_blocking":0,"snapshot_updates":47052},"event":"CLIENT_HEALTH","player":"b","process_id":4048,"time_msec":3068281}
[m7_client] {"details":{"async_rejections":0,"async_results":0,"buffered_results":0,"item_updates":1,"joined":false,"last_error_code":"","messages_received":47099,"messages_sent":65578,"pending_blocking":0,"snapshot_updates":47052},"event":"CLIENT_HEALTH","player":"b","process_id":4048,"time_msec":3070281}
[m7_client] {"details":{"async_rejections":0,"async_results":0,"buffered_results":0,"item_updates":1,"joined":false,"last_error_code":"","messages_received":47099,"messages_sent":65578,"pending_blocking":0,"snapshot_updates":47052},"event":"CLIENT_HEALTH","player":"b","process_id":4048,"time_msec":3072281}
[m7_client] {"details":{"async_rejections":0,"async_results":0,"buffered_results":0,"item_updates":1,"joined":false,"last_error_code":"","messages_received":47099,"messages_sent":65578,"pending_blocking":0,"snapshot_updates":47052},"event":"CLIENT_HEALTH","player":"b","process_id":4048,"time_msec":3074286}
[m7_client] {"details":{"async_rejections":0,"async_results":0,"buffered_results":0,"item_updates":1,"joined":false,"last_error_code":"","messages_received":47099,"messages_sent":65578,"pending_blocking":0,"snapshot_updates":47052},"event":"CLIENT_HEALTH","player":"b","process_id":4048,"time_msec":3076286}
[m7_client] {"details":{"async_rejections":0,"async_results":0,"buffered_results":0,"item_updates":1,"joined":false,"last_error_code":"","messages_received":47099,"messages_sent":65578,"pending_blocking":0,"snapshot_updates":47052},"event":"CLIENT_HEALTH","player":"b","process_id":4048,"time_msec":3078286}
[m7_client] {"details":{"async_rejections":0,"async_results":0,"buffered_results":0,"item_updates":1,"joined":false,"last_error_code":"","messages_received":47099,"messages_sent":65578,"pending_blocking":0,"snapshot_updates":47052},"event":"CLIENT_HEALTH","player":"b","process_id":4048,"time_msec":3080286}
[m7_client] {"details":{"async_rejections":0,"async_results":0,"buffered_results":0,"item_updates":1,"joined":false,"last_error_code":"","messages_received":47099,"messages_sent":65578,"pending_blocking":0,"snapshot_updates":47052},"event":"CLIENT_HEALTH","player":"b","process_id":4048,"time_msec":3082286}
[m7_client] {"details":{"async_rejections":0,"async_results":0,"buffered_results":0,"item_updates":1,"joined":false,"last_error_code":"","messages_received":47099,"messages_sent":65578,"pending_blocking":0,"snapshot_updates":47052},"event":"CLIENT_HEALTH","player":"b","process_id":4048,"time_msec":3084286}
[m7_client] {"details":{"async_rejections":0,"async_results":0,"buffered_results":0,"item_updates":1,"joined":false,"last_error_code":"","messages_received":47099,"messages_sent":65578,"pending_blocking":0,"snapshot_updates":47052},"event":"CLIENT_HEALTH","player":"b","process_id":4048,"time_msec":3086291}
[m7_client] {"details":{"async_rejections":0,"async_results":0,"buffered_results":0,"item_updates":1,"joined":false,"last_error_code":"","messages_received":47099,"messages_sent":65578,"pending_blocking":0,"snapshot_updates":47052},"event":"CLIENT_HEALTH","player":"b","process_id":4048,"time_msec":3088291}
[m7_client] {"details":{"async_rejections":0,"async_results":0,"buffered_results":0,"item_updates":1,"joined":false,"last_error_code":"","messages_received":47099,"messages_sent":65578,"pending_blocking":0,"snapshot_updates":47052},"event":"CLIENT_HEALTH","player":"b","process_id":4048,"time_msec":3090291}
[m7_client] {"details":{"async_rejections":0,"async_results":0,"buffered_results":0,"item_updates":1,"joined":false,"last_error_code":"","messages_received":47099,"messages_sent":65578,"pending_blocking":0,"snapshot_updates":47052},"event":"CLIENT_HEALTH","player":"b","process_id":4048,"time_msec":3092291}
[m7_client] {"details":{"async_rejections":0,"async_results":0,"buffered_results":0,"item_updates":1,"joined":false,"last_error_code":"","messages_received":47099,"messages_sent":65578,"pending_blocking":0,"snapshot_updates":47052},"event":"CLIENT_HEALTH","player":"b","process_id":4048,"time_msec":3094291}
[m7_client] {"details":{"async_rejections":0,"async_results":0,"buffered_results":0,"item_updates":1,"joined":false,"last_error_code":"","messages_received":47099,"messages_sent":65578,"pending_blocking":0,"snapshot_updates":47052},"event":"CLIENT_HEALTH","player":"b","process_id":4048,"time_msec":3096291}
[m7_client] {"details":{"async_rejections":0,"async_results":0,"buffered_results":0,"item_updates":1,"joined":false,"last_error_code":"","messages_received":47099,"messages_sent":65578,"pending_blocking":0,"snapshot_updates":47052},"event":"CLIENT_HEALTH","player":"b","process_id":4048,"time_msec":3098291}
[m7_client] {"details":{"async_rejections":0,"async_results":0,"buffered_results":0,"item_updates":1,"joined":false,"last_error_code":"","messages_received":47099,"messages_sent":65578,"pending_blocking":0,"snapshot_updates":47052},"event":"CLIENT_HEALTH","player":"b","process_id":4048,"time_msec":3100296}
[m7_client] {"details":{"async_rejections":0,"async_results":0,"buffered_results":0,"item_updates":1,"joined":false,"last_error_code":"","messages_received":47099,"messages_sent":65578,"pending_blocking":0,"snapshot_updates":47052},"event":"CLIENT_HEALTH","player":"b","process_id":4048,"time_msec":3102297}
[m7_client] {"details":{"async_rejections":0,"async_results":0,"buffered_results":0,"item_updates":1,"joined":false,"last_error_code":"","messages_received":47099,"messages_sent":65578,"pending_blocking":0,"snapshot_updates":47052},"event":"CLIENT_HEALTH","player":"b","process_id":4048,"time_msec":3104302}
[m7_client] {"details":{"async_rejections":0,"async_results":0,"buffered_results":0,"item_updates":1,"joined":false,"last_error_code":"","messages_received":47099,"messages_sent":65578,"pending_blocking":0,"snapshot_updates":47052},"event":"CLIENT_HEALTH","player":"b","process_id":4048,"time_msec":3106302}
[m7_client] {"details":{"async_rejections":0,"async_results":0,"buffered_results":0,"item_updates":1,"joined":false,"last_error_code":"","messages_received":47099,"messages_sent":65578,"pending_blocking":0,"snapshot_updates":47052},"event":"CLIENT_HEALTH","player":"b","process_id":4048,"time_msec":3108302}
[m7_client] {"details":{"async_rejections":0,"async_results":0,"buffered_results":0,"item_updates":1,"joined":false,"last_error_code":"","messages_received":47099,"messages_sent":65578,"pending_blocking":0,"snapshot_updates":47052},"event":"CLIENT_HEALTH","player":"b","process_id":4048,"time_msec":3110302}
[m7_client] {"details":{"async_rejections":0,"async_results":0,"buffered_results":0,"item_updates":1,"joined":false,"last_error_code":"","messages_received":47099,"messages_sent":65578,"pending_blocking":0,"snapshot_updates":47052},"event":"CLIENT_HEALTH","player":"b","process_id":4048,"time_msec":3112302}
[m7_client] {"details":{"async_rejections":0,"async_results":0,"buffered_results":0,"item_updates":1,"joined":false,"last_error_code":"","messages_received":47099,"messages_sent":65578,"pending_blocking":0,"snapshot_updates":47052},"event":"CLIENT_HEALTH","player":"b","process_id":4048,"time_msec":3114307}
[m7_client] {"details":{"async_rejections":0,"async_results":0,"buffered_results":0,"item_updates":1,"joined":false,"last_error_code":"","messages_received":47099,"messages_sent":65578,"pending_blocking":0,"snapshot_updates":47052},"event":"CLIENT_HEALTH","player":"b","process_id":4048,"time_msec":3116307}
[m7_client] {"details":{"async_rejections":0,"async_results":0,"buffered_results":0,"item_updates":1,"joined":false,"last_error_code":"","messages_received":47099,"messages_sent":65578,"pending_blocking":0,"snapshot_updates":47052},"event":"CLIENT_HEALTH","player":"b","process_id":4048,"time_msec":3118307}
[m7_client] {"details":{"async_rejections":0,"async_results":0,"buffered_results":0,"item_updates":1,"joined":false,"last_error_code":"","messages_received":47099,"messages_sent":65578,"pending_blocking":0,"snapshot_updates":47052},"event":"CLIENT_HEALTH","player":"b","process_id":4048,"time_msec":3120307}
[m7_client] {"details":{"async_rejections":0,"async_results":0,"buffered_results":0,"item_updates":1,"joined":false,"last_error_code":"","messages_received":47099,"messages_sent":65578,"pending_blocking":0,"snapshot_updates":47052},"event":"CLIENT_HEALTH","player":"b","process_id":4048,"time_msec":3122307}
[m7_client] {"details":{"async_rejections":0,"async_results":0,"buffered_results":0,"item_updates":1,"joined":false,"last_error_code":"","messages_received":47099,"messages_sent":65578,"pending_blocking":0,"snapshot_updates":47052},"event":"CLIENT_HEALTH","player":"b","process_id":4048,"time_msec":3124307}
[m7_client] {"details":{"async_rejections":0,"async_results":0,"buffered_results":0,"item_updates":1,"joined":false,"last_error_code":"","messages_received":47099,"messages_sent":65578,"pending_blocking":0,"snapshot_updates":47052},"event":"CLIENT_HEALTH","player":"b","process_id":4048,"time_msec":3126313}
[m7_client] {"details":{"async_rejections":0,"async_results":0,"buffered_results":0,"item_updates":1,"joined":false,"last_error_code":"","messages_received":47099,"messages_sent":65578,"pending_blocking":0,"snapshot_updates":47052},"event":"CLIENT_HEALTH","player":"b","process_id":4048,"time_msec":3128319}
[m7_client] {"details":{"async_rejections":0,"async_results":0,"buffered_results":0,"item_updates":1,"joined":false,"last_error_code":"","messages_received":47099,"messages_sent":65578,"pending_blocking":0,"snapshot_updates":47052},"event":"CLIENT_HEALTH","player":"b","process_id":4048,"time_msec":3130324}
[m7_client] {"details":{"async_rejections":0,"async_results":0,"buffered_results":0,"item_updates":1,"joined":false,"last_error_code":"","messages_received":47099,"messages_sent":65578,"pending_blocking":0,"snapshot_updates":47052},"event":"CLIENT_HEALTH","player":"b","process_id":4048,"time_msec":3132324}
[m7_client] {"details":{"async_rejections":0,"async_results":0,"buffered_results":0,"item_updates":1,"joined":false,"last_error_code":"","messages_received":47099,"messages_sent":65578,"pending_blocking":0,"snapshot_updates":47052},"event":"CLIENT_HEALTH","player":"b","process_id":4048,"time_msec":3134324}
[m7_client] {"details":{"async_rejections":0,"async_results":0,"buffered_results":0,"item_updates":1,"joined":false,"last_error_code":"","messages_received":47099,"messages_sent":65578,"pending_blocking":0,"snapshot_updates":47052},"event":"CLIENT_HEALTH","player":"b","process_id":4048,"time_msec":3136324}
[m7_client] {"details":{"async_rejections":0,"async_results":0,"buffered_results":0,"item_updates":1,"joined":false,"last_error_code":"","messages_received":47099,"messages_sent":65578,"pending_blocking":0,"snapshot_updates":47052},"event":"CLIENT_HEALTH","player":"b","process_id":4048,"time_msec":3138324}
[m7_client] {"details":{"async_rejections":0,"async_results":0,"buffered_results":0,"item_updates":1,"joined":false,"last_error_code":"","messages_received":47099,"messages_sent":65578,"pending_blocking":0,"snapshot_updates":47052},"event":"CLIENT_HEALTH","player":"b","process_id":4048,"time_msec":3140324}
[m7_client] {"details":{"async_rejections":0,"async_results":0,"buffered_results":0,"item_updates":1,"joined":false,"last_error_code":"","messages_received":47099,"messages_sent":65578,"pending_blocking":0,"snapshot_updates":47052},"event":"CLIENT_HEALTH","player":"b","process_id":4048,"time_msec":3142324}
[m7_client] {"details":{"async_rejections":0,"async_results":0,"buffered_results":0,"item_updates":1,"joined":false,"last_error_code":"","messages_received":47099,"messages_sent":65578,"pending_blocking":0,"snapshot_updates":47052},"event":"CLIENT_HEALTH","player":"b","process_id":4048,"time_msec":3144329}
[m7_client] {"details":{"async_rejections":0,"async_results":0,"buffered_results":0,"item_updates":1,"joined":false,"last_error_code":"","messages_received":47099,"messages_sent":65578,"pending_blocking":0,"snapshot_updates":47052},"event":"CLIENT_HEALTH","player":"b","process_id":4048,"time_msec":3146329}
[m7_client] {"details":{"async_rejections":0,"async_results":0,"buffered_results":0,"item_updates":1,"joined":false,"last_error_code":"","messages_received":47099,"messages_sent":65578,"pending_blocking":0,"snapshot_updates":47052},"event":"CLIENT_HEALTH","player":"b","process_id":4048,"time_msec":3148329}
[m7_client] {"details":{"async_rejections":0,"async_results":0,"buffered_results":0,"item_updates":1,"joined":false,"last_error_code":"","messages_received":47099,"messages_sent":65578,"pending_blocking":0,"snapshot_updates":47052},"event":"CLIENT_HEALTH","player":"b","process_id":4048,"time_msec":3150329}
[m7_client] {"details":{"async_rejections":0,"async_results":0,"buffered_results":0,"item_updates":1,"joined":false,"last_error_code":"","messages_received":47099,"messages_sent":65578,"pending_blocking":0,"snapshot_updates":47052},"event":"CLIENT_HEALTH","player":"b","process_id":4048,"time_msec":3152329}
[m7_client] {"details":{"async_rejections":0,"async_results":0,"buffered_results":0,"item_updates":1,"joined":false,"last_error_code":"","messages_received":47099,"messages_sent":65578,"pending_blocking":0,"snapshot_updates":47052},"event":"CLIENT_HEALTH","player":"b","process_id":4048,"time_msec":3154329}
[m7_client] {"details":{"async_rejections":0,"async_results":0,"buffered_results":0,"item_updates":1,"joined":false,"last_error_code":"","messages_received":47099,"messages_sent":65578,"pending_blocking":0,"snapshot_updates":47052},"event":"CLIENT_HEALTH","player":"b","process_id":4048,"time_msec":3156335}
[m7_client] {"details":{"async_rejections":0,"async_results":0,"buffered_results":0,"item_updates":1,"joined":false,"last_error_code":"","messages_received":47099,"messages_sent":65578,"pending_blocking":0,"snapshot_updates":47052},"event":"CLIENT_HEALTH","player":"b","process_id":4048,"time_msec":3158341}
[m7_client] {"details":{"async_rejections":0,"async_results":0,"buffered_results":0,"item_updates":1,"joined":false,"last_error_code":"","messages_received":47099,"messages_sent":65578,"pending_blocking":0,"snapshot_updates":47052},"event":"CLIENT_HEALTH","player":"b","process_id":4048,"time_msec":3160346}
[m7_client] {"details":{"async_rejections":0,"async_results":0,"buffered_results":0,"item_updates":1,"joined":false,"last_error_code":"","messages_received":47099,"messages_sent":65578,"pending_blocking":0,"snapshot_updates":47052},"event":"CLIENT_HEALTH","player":"b","process_id":4048,"time_msec":3162346}
[m7_client] {"details":{"async_rejections":0,"async_results":0,"buffered_results":0,"item_updates":1,"joined":false,"last_error_code":"","messages_received":47099,"messages_sent":65578,"pending_blocking":0,"snapshot_updates":47052},"event":"CLIENT_HEALTH","player":"b","process_id":4048,"time_msec":3164346}
[m7_client] {"details":{"async_rejections":0,"async_results":0,"buffered_results":0,"item_updates":1,"joined":false,"last_error_code":"","messages_received":47099,"messages_sent":65578,"pending_blocking":0,"snapshot_updates":47052},"event":"CLIENT_HEALTH","player":"b","process_id":4048,"time_msec":3166346}
[m7_client] {"details":{"async_rejections":0,"async_results":0,"buffered_results":0,"item_updates":1,"joined":false,"last_error_code":"","messages_received":47099,"messages_sent":65578,"pending_blocking":0,"snapshot_updates":47052},"event":"CLIENT_HEALTH","player":"b","process_id":4048,"time_msec":3168346}
[m7_client] {"details":{"async_rejections":0,"async_results":0,"buffered_results":0,"item_updates":1,"joined":false,"last_error_code":"","messages_received":47099,"messages_sent":65578,"pending_blocking":0,"snapshot_updates":47052},"event":"CLIENT_HEALTH","player":"b","process_id":4048,"time_msec":3170346}
[m7_client] {"details":{"async_rejections":0,"async_results":0,"buffered_results":0,"item_updates":1,"joined":false,"last_error_code":"","messages_received":47099,"messages_sent":65578,"pending_blocking":0,"snapshot_updates":47052},"event":"CLIENT_HEALTH","player":"b","process_id":4048,"time_msec":3172346}
[m7_client] {"details":{"async_rejections":0,"async_results":0,"buffered_results":0,"item_updates":1,"joined":false,"last_error_code":"","messages_received":47099,"messages_sent":65578,"pending_blocking":0,"snapshot_updates":47052},"event":"CLIENT_HEALTH","player":"b","process_id":4048,"time_msec":3174346}
[m7_client] {"details":{"async_rejections":0,"async_results":0,"buffered_results":0,"item_updates":1,"joined":false,"last_error_code":"","messages_received":47099,"messages_sent":65578,"pending_blocking":0,"snapshot_updates":47052},"event":"CLIENT_HEALTH","player":"b","process_id":4048,"time_msec":3176351}
[m7_client] {"details":{"async_rejections":0,"async_results":0,"buffered_results":0,"item_updates":1,"joined":false,"last_error_code":"","messages_received":47099,"messages_sent":65578,"pending_blocking":0,"snapshot_updates":47052},"event":"CLIENT_HEALTH","player":"b","process_id":4048,"time_msec":3178351}
[m7_client] {"details":{"async_rejections":0,"async_results":0,"buffered_results":0,"item_updates":1,"joined":false,"last_error_code":"","messages_received":47099,"messages_sent":65578,"pending_blocking":0,"snapshot_updates":47052},"event":"CLIENT_HEALTH","player":"b","process_id":4048,"time_msec":3180351}
[m7_client] {"details":{"async_rejections":0,"async_results":0,"buffered_results":0,"item_updates":1,"joined":false,"last_error_code":"","messages_received":47099,"messages_sent":65578,"pending_blocking":0,"snapshot_updates":47052},"event":"CLIENT_HEALTH","player":"b","process_id":4048,"time_msec":3182352}
[m7_client] {"details":{"async_rejections":0,"async_results":0,"buffered_results":0,"item_updates":1,"joined":false,"last_error_code":"","messages_received":47099,"messages_sent":65578,"pending_blocking":0,"snapshot_updates":47052},"event":"CLIENT_HEALTH","player":"b","process_id":4048,"time_msec":3184357}
[m7_client] {"details":{"async_rejections":0,"async_results":0,"buffered_results":0,"item_updates":1,"joined":false,"last_error_code":"","messages_received":47099,"messages_sent":65578,"pending_blocking":0,"snapshot_updates":47052},"event":"CLIENT_HEALTH","player":"b","process_id":4048,"time_msec":3186357}
[m7_client] {"details":{"async_rejections":0,"async_results":0,"buffered_results":0,"item_updates":1,"joined":false,"last_error_code":"","messages_received":47099,"messages_sent":65578,"pending_blocking":0,"snapshot_updates":47052},"event":"CLIENT_HEALTH","player":"b","process_id":4048,"time_msec":3188357}
[m7_client] {"details":{"async_rejections":0,"async_results":0,"buffered_results":0,"item_updates":1,"joined":false,"last_error_code":"","messages_received":47099,"messages_sent":65578,"pending_blocking":0,"snapshot_updates":47052},"event":"CLIENT_HEALTH","player":"b","process_id":4048,"time_msec":3190362}
[m7_client] {"details":{"async_rejections":0,"async_results":0,"buffered_results":0,"item_updates":1,"joined":false,"last_error_code":"","messages_received":47099,"messages_sent":65578,"pending_blocking":0,"snapshot_updates":47052},"event":"CLIENT_HEALTH","player":"b","process_id":4048,"time_msec":3192362}
[m7_client] {"details":{"async_rejections":0,"async_results":0,"buffered_results":0,"item_updates":1,"joined":false,"last_error_code":"","messages_received":47099,"messages_sent":65578,"pending_blocking":0,"snapshot_updates":47052},"event":"CLIENT_HEALTH","player":"b","process_id":4048,"time_msec":3194362}
[m7_client] {"details":{"async_rejections":0,"async_results":0,"buffered_results":0,"item_updates":1,"joined":false,"last_error_code":"","messages_received":47099,"messages_sent":65578,"pending_blocking":0,"snapshot_updates":47052},"event":"CLIENT_HEALTH","player":"b","process_id":4048,"time_msec":3196362}
[m7_client] {"details":{"async_rejections":0,"async_results":0,"buffered_results":0,"item_updates":1,"joined":false,"last_error_code":"","messages_received":47099,"messages_sent":65578,"pending_blocking":0,"snapshot_updates":47052},"event":"CLIENT_HEALTH","player":"b","process_id":4048,"time_msec":3198362}
[m7_client] {"details":{"async_rejections":0,"async_results":0,"buffered_results":0,"item_updates":1,"joined":false,"last_error_code":"","messages_received":47099,"messages_sent":65578,"pending_blocking":0,"snapshot_updates":47052},"event":"CLIENT_HEALTH","player":"b","process_id":4048,"time_msec":3200362}
[m7_client] {"details":{"async_rejections":0,"async_results":0,"buffered_results":0,"item_updates":1,"joined":false,"last_error_code":"","messages_received":47099,"messages_sent":65578,"pending_blocking":0,"snapshot_updates":47052},"event":"CLIENT_HEALTH","player":"b","process_id":4048,"time_msec":3202368}
[m7_client] {"details":{"async_rejections":0,"async_results":0,"buffered_results":0,"item_updates":1,"joined":false,"last_error_code":"","messages_received":47099,"messages_sent":65578,"pending_blocking":0,"snapshot_updates":47052},"event":"CLIENT_HEALTH","player":"b","process_id":4048,"time_msec":3204373}
[m7_client] {"details":{"async_rejections":0,"async_results":0,"buffered_results":0,"item_updates":1,"joined":false,"last_error_code":"","messages_received":47099,"messages_sent":65578,"pending_blocking":0,"snapshot_updates":47052},"event":"CLIENT_HEALTH","player":"b","process_id":4048,"time_msec":3206374}
[m7_client] {"details":{"async_rejections":0,"async_results":0,"buffered_results":0,"item_updates":1,"joined":false,"last_error_code":"","messages_received":47099,"messages_sent":65578,"pending_blocking":0,"snapshot_updates":47052},"event":"CLIENT_HEALTH","player":"b","process_id":4048,"time_msec":3208379}
[m7_client] {"details":{"async_rejections":0,"async_results":0,"buffered_results":0,"item_updates":1,"joined":false,"last_error_code":"","messages_received":47099,"messages_sent":65578,"pending_blocking":0,"snapshot_updates":47052},"event":"CLIENT_HEALTH","player":"b","process_id":4048,"time_msec":3210379}
[m7_client] {"details":{"async_rejections":0,"async_results":0,"buffered_results":0,"item_updates":1,"joined":false,"last_error_code":"","messages_received":47099,"messages_sent":65578,"pending_blocking":0,"snapshot_updates":47052},"event":"CLIENT_HEALTH","player":"b","process_id":4048,"time_msec":3212379}
[m7_client] {"details":{"async_rejections":0,"async_results":0,"buffered_results":0,"item_updates":1,"joined":false,"last_error_code":"","messages_received":47099,"messages_sent":65578,"pending_blocking":0,"snapshot_updates":47052},"event":"CLIENT_HEALTH","player":"b","process_id":4048,"time_msec":3214379}
[m7_client] {"details":{"async_rejections":0,"async_results":0,"buffered_results":0,"item_updates":1,"joined":false,"last_error_code":"","messages_received":47099,"messages_sent":65578,"pending_blocking":0,"snapshot_updates":47052},"event":"CLIENT_HEALTH","player":"b","process_id":4048,"time_msec":3216379}
[m7_client] {"details":{"async_rejections":0,"async_results":0,"buffered_results":0,"item_updates":1,"joined":false,"last_error_code":"","messages_received":47099,"messages_sent":65578,"pending_blocking":0,"snapshot_updates":47052},"event":"CLIENT_HEALTH","player":"b","process_id":4048,"time_msec":3218379}
[m7_client] {"details":{"async_rejections":0,"async_results":0,"buffered_results":0,"item_updates":1,"joined":false,"last_error_code":"","messages_received":47099,"messages_sent":65578,"pending_blocking":0,"snapshot_updates":47052},"event":"CLIENT_HEALTH","player":"b","process_id":4048,"time_msec":3220384}
[m7_client] {"details":{"async_rejections":0,"async_results":0,"buffered_results":0,"item_updates":1,"joined":false,"last_error_code":"","messages_received":47099,"messages_sent":65578,"pending_blocking":0,"snapshot_updates":47052},"event":"CLIENT_HEALTH","player":"b","process_id":4048,"time_msec":3222384}
[m7_client] {"details":{"async_rejections":0,"async_results":0,"buffered_results":0,"item_updates":1,"joined":false,"last_error_code":"","messages_received":47099,"messages_sent":65578,"pending_blocking":0,"snapshot_updates":47052},"event":"CLIENT_HEALTH","player":"b","process_id":4048,"time_msec":3224384}
[m7_client] {"details":{"async_rejections":0,"async_results":0,"buffered_results":0,"item_updates":1,"joined":false,"last_error_code":"","messages_received":47099,"messages_sent":65578,"pending_blocking":0,"snapshot_updates":47052},"event":"CLIENT_HEALTH","player":"b","process_id":4048,"time_msec":3226384}
[m7_client] {"details":{"async_rejections":0,"async_results":0,"buffered_results":0,"item_updates":1,"joined":false,"last_error_code":"","messages_received":47099,"messages_sent":65578,"pending_blocking":0,"snapshot_updates":47052},"event":"CLIENT_HEALTH","player":"b","process_id":4048,"time_msec":3228384}
[m7_client] {"details":{"async_rejections":0,"async_results":0,"buffered_results":0,"item_updates":1,"joined":false,"last_error_code":"","messages_received":47099,"messages_sent":65578,"pending_blocking":0,"snapshot_updates":47052},"event":"CLIENT_HEALTH","player":"b","process_id":4048,"time_msec":3230384}
[m7_client] {"details":{"async_rejections":0,"async_results":0,"buffered_results":0,"item_updates":1,"joined":false,"last_error_code":"","messages_received":47099,"messages_sent":65578,"pending_blocking":0,"snapshot_updates":47052},"event":"CLIENT_HEALTH","player":"b","process_id":4048,"time_msec":3232389}
[m7_client] {"details":{"async_rejections":0,"async_results":0,"buffered_results":0,"item_updates":1,"joined":false,"last_error_code":"","messages_received":47099,"messages_sent":65578,"pending_blocking":0,"snapshot_updates":47052},"event":"CLIENT_HEALTH","player":"b","process_id":4048,"time_msec":3234389}
[m7_client] {"details":{"async_rejections":0,"async_results":0,"buffered_results":0,"item_updates":1,"joined":false,"last_error_code":"","messages_received":47099,"messages_sent":65578,"pending_blocking":0,"snapshot_updates":47052},"event":"CLIENT_HEALTH","player":"b","process_id":4048,"time_msec":3236389}
[m7_client] {"details":{"async_rejections":0,"async_results":0,"buffered_results":0,"item_updates":1,"joined":false,"last_error_code":"","messages_received":47099,"messages_sent":65578,"pending_blocking":0,"snapshot_updates":47052},"event":"CLIENT_HEALTH","player":"b","process_id":4048,"time_msec":3238389}
[m7_client] {"details":{"async_rejections":0,"async_results":0,"buffered_results":0,"item_updates":1,"joined":false,"last_error_code":"","messages_received":47099,"messages_sent":65578,"pending_blocking":0,"snapshot_updates":47052},"event":"CLIENT_HEALTH","player":"b","process_id":4048,"time_msec":3240389}
[m7_client] {"details":{"async_rejections":0,"async_results":0,"buffered_results":0,"item_updates":1,"joined":false,"last_error_code":"","messages_received":47099,"messages_sent":65578,"pending_blocking":0,"snapshot_updates":47052},"event":"CLIENT_HEALTH","player":"b","process_id":4048,"time_msec":3242389}
[m7_client] {"details":{"async_rejections":0,"async_results":0,"buffered_results":0,"item_updates":1,"joined":false,"last_error_code":"","messages_received":47099,"messages_sent":65578,"pending_blocking":0,"snapshot_updates":47052},"event":"CLIENT_HEALTH","player":"b","process_id":4048,"time_msec":3244389}
[m7_client] {"details":{"async_rejections":0,"async_results":0,"buffered_results":0,"item_updates":1,"joined":false,"last_error_code":"","messages_received":47099,"messages_sent":65578,"pending_blocking":0,"snapshot_updates":47052},"event":"CLIENT_HEALTH","player":"b","process_id":4048,"time_msec":3246394}
[m7_client] {"details":{"async_rejections":0,"async_results":0,"buffered_results":0,"item_updates":1,"joined":false,"last_error_code":"","messages_received":47099,"messages_sent":65578,"pending_blocking":0,"snapshot_updates":47052},"event":"CLIENT_HEALTH","player":"b","process_id":4048,"time_msec":3248394}
[m7_client] {"details":{"async_rejections":0,"async_results":0,"buffered_results":0,"item_updates":1,"joined":false,"last_error_code":"","messages_received":47099,"messages_sent":65578,"pending_blocking":0,"snapshot_updates":47052},"event":"CLIENT_HEALTH","player":"b","process_id":4048,"time_msec":3250394}
[m7_client] {"details":{"async_rejections":0,"async_results":0,"buffered_results":0,"item_updates":1,"joined":false,"last_error_code":"","messages_received":47099,"messages_sent":65578,"pending_blocking":0,"snapshot_updates":47052},"event":"CLIENT_HEALTH","player":"b","process_id":4048,"time_msec":3252394}
[m7_client] {"details":{"async_rejections":0,"async_results":0,"buffered_results":0,"item_updates":1,"joined":false,"last_error_code":"","messages_received":47099,"messages_sent":65578,"pending_blocking":0,"snapshot_updates":47052},"event":"CLIENT_HEALTH","player":"b","process_id":4048,"time_msec":3254394}
[m7_client] {"details":{"async_rejections":0,"async_results":0,"buffered_results":0,"item_updates":1,"joined":false,"last_error_code":"","messages_received":47099,"messages_sent":65578,"pending_blocking":0,"snapshot_updates":47052},"event":"CLIENT_HEALTH","player":"b","process_id":4048,"time_msec":3256394}
[m7_client] {"details":{"async_rejections":0,"async_results":0,"buffered_results":0,"item_updates":1,"joined":false,"last_error_code":"","messages_received":47099,"messages_sent":65578,"pending_blocking":0,"snapshot_updates":47052},"event":"CLIENT_HEALTH","player":"b","process_id":4048,"time_msec":3258394}
[m7_client] {"details":{"async_rejections":0,"async_results":0,"buffered_results":0,"item_updates":1,"joined":false,"last_error_code":"","messages_received":47099,"messages_sent":65578,"pending_blocking":0,"snapshot_updates":47052},"event":"CLIENT_HEALTH","player":"b","process_id":4048,"time_msec":3260399}
[m7_client] {"details":{"async_rejections":0,"async_results":0,"buffered_results":0,"item_updates":1,"joined":false,"last_error_code":"","messages_received":47099,"messages_sent":65578,"pending_blocking":0,"snapshot_updates":47052},"event":"CLIENT_HEALTH","player":"b","process_id":4048,"time_msec":3262399}
[m7_client] {"details":{"async_rejections":0,"async_results":0,"buffered_results":0,"item_updates":1,"joined":false,"last_error_code":"","messages_received":47099,"messages_sent":65578,"pending_blocking":0,"snapshot_updates":47052},"event":"CLIENT_HEALTH","player":"b","process_id":4048,"time_msec":3264399}
[m7_client] {"details":{"async_rejections":0,"async_results":0,"buffered_results":0,"item_updates":1,"joined":false,"last_error_code":"","messages_received":47099,"messages_sent":65578,"pending_blocking":0,"snapshot_updates":47052},"event":"CLIENT_HEALTH","player":"b","process_id":4048,"time_msec":3266399}
[m7_client] {"details":{"async_rejections":0,"async_results":0,"buffered_results":0,"item_updates":1,"joined":false,"last_error_code":"","messages_received":47099,"messages_sent":65578,"pending_blocking":0,"snapshot_updates":47052},"event":"CLIENT_HEALTH","player":"b","process_id":4048,"time_msec":3268399}
[m7_client] {"details":{"async_rejections":0,"async_results":0,"buffered_results":0,"item_updates":1,"joined":false,"last_error_code":"","messages_received":47099,"messages_sent":65578,"pending_blocking":0,"snapshot_updates":47052},"event":"CLIENT_HEALTH","player":"b","process_id":4048,"time_msec":3270399}
[m7_client] {"details":{"async_rejections":0,"async_results":0,"buffered_results":0,"item_updates":1,"joined":false,"last_error_code":"","messages_received":47099,"messages_sent":65578,"pending_blocking":0,"snapshot_updates":47052},"event":"CLIENT_HEALTH","player":"b","process_id":4048,"time_msec":3272399}
[m7_client] {"details":{"async_rejections":0,"async_results":0,"buffered_results":0,"item_updates":1,"joined":false,"last_error_code":"","messages_received":47099,"messages_sent":65578,"pending_blocking":0,"snapshot_updates":47052},"event":"CLIENT_HEALTH","player":"b","process_id":4048,"time_msec":3274404}
[m7_client] {"details":{"async_rejections":0,"async_results":0,"buffered_results":0,"item_updates":1,"joined":false,"last_error_code":"","messages_received":47099,"messages_sent":65578,"pending_blocking":0,"snapshot_updates":47052},"event":"CLIENT_HEALTH","player":"b","process_id":4048,"time_msec":3276404}
[m7_client] {"details":{"async_rejections":0,"async_results":0,"buffered_results":0,"item_updates":1,"joined":false,"last_error_code":"","messages_received":47099,"messages_sent":65578,"pending_blocking":0,"snapshot_updates":47052},"event":"CLIENT_HEALTH","player":"b","process_id":4048,"time_msec":3278405}
[m7_client] {"details":{"async_rejections":0,"async_results":0,"buffered_results":0,"item_updates":1,"joined":false,"last_error_code":"","messages_received":47099,"messages_sent":65578,"pending_blocking":0,"snapshot_updates":47052},"event":"CLIENT_HEALTH","player":"b","process_id":4048,"time_msec":3280411}
[m7_client] {"details":{"async_rejections":0,"async_results":0,"buffered_results":0,"item_updates":1,"joined":false,"last_error_code":"","messages_received":47099,"messages_sent":65578,"pending_blocking":0,"snapshot_updates":47052},"event":"CLIENT_HEALTH","player":"b","process_id":4048,"time_msec":3282416}
[m7_client] {"details":{"async_rejections":0,"async_results":0,"buffered_results":0,"item_updates":1,"joined":false,"last_error_code":"","messages_received":47099,"messages_sent":65578,"pending_blocking":0,"snapshot_updates":47052},"event":"CLIENT_HEALTH","player":"b","process_id":4048,"time_msec":3284416}
[m7_client] {"details":{"async_rejections":0,"async_results":0,"buffered_results":0,"item_updates":1,"joined":false,"last_error_code":"","messages_received":47099,"messages_sent":65578,"pending_blocking":0,"snapshot_updates":47052},"event":"CLIENT_HEALTH","player":"b","process_id":4048,"time_msec":3286416}
[m7_client] {"details":{"async_rejections":0,"async_results":0,"buffered_results":0,"item_updates":1,"joined":false,"last_error_code":"","messages_received":47099,"messages_sent":65578,"pending_blocking":0,"snapshot_updates":47052},"event":"CLIENT_HEALTH","player":"b","process_id":4048,"time_msec":3288416}
[m7_client] {"details":{"async_rejections":0,"async_results":0,"buffered_results":0,"item_updates":1,"joined":false,"last_error_code":"","messages_received":47099,"messages_sent":65578,"pending_blocking":0,"snapshot_updates":47052},"event":"CLIENT_HEALTH","player":"b","process_id":4048,"time_msec":3290421}
[m7_client] {"details":{"async_rejections":0,"async_results":0,"buffered_results":0,"item_updates":1,"joined":false,"last_error_code":"","messages_received":47099,"messages_sent":65578,"pending_blocking":0,"snapshot_updates":47052},"event":"CLIENT_HEALTH","player":"b","process_id":4048,"time_msec":3292421}
[m7_client] {"details":{"async_rejections":0,"async_results":0,"buffered_results":0,"item_updates":1,"joined":false,"last_error_code":"","messages_received":47099,"messages_sent":65578,"pending_blocking":0,"snapshot_updates":47052},"event":"CLIENT_HEALTH","player":"b","process_id":4048,"time_msec":3294421}
[m7_client] {"details":{"async_rejections":0,"async_results":0,"buffered_results":0,"item_updates":1,"joined":false,"last_error_code":"","messages_received":47099,"messages_sent":65578,"pending_blocking":0,"snapshot_updates":47052},"event":"CLIENT_HEALTH","player":"b","process_id":4048,"time_msec":3296421}
[m7_client] {"details":{"async_rejections":0,"async_results":0,"buffered_results":0,"item_updates":1,"joined":false,"last_error_code":"","messages_received":47099,"messages_sent":65578,"pending_blocking":0,"snapshot_updates":47052},"event":"CLIENT_HEALTH","player":"b","process_id":4048,"time_msec":3298421}
[m7_client] {"details":{"async_rejections":0,"async_results":0,"buffered_results":0,"item_updates":1,"joined":false,"last_error_code":"","messages_received":47099,"messages_sent":65578,"pending_blocking":0,"snapshot_updates":47052},"event":"CLIENT_HEALTH","player":"b","process_id":4048,"time_msec":3300421}
[m7_client] {"details":{"async_rejections":0,"async_results":0,"buffered_results":0,"item_updates":1,"joined":false,"last_error_code":"","messages_received":47099,"messages_sent":65578,"pending_blocking":0,"snapshot_updates":47052},"event":"CLIENT_HEALTH","player":"b","process_id":4048,"time_msec":3302421}
[m7_client] {"details":{"async_rejections":0,"async_results":0,"buffered_results":0,"item_updates":1,"joined":false,"last_error_code":"","messages_received":47099,"messages_sent":65578,"pending_blocking":0,"snapshot_updates":47052},"event":"CLIENT_HEALTH","player":"b","process_id":4048,"time_msec":3304426}
[m7_client] {"details":{"async_rejections":0,"async_results":0,"buffered_results":0,"item_updates":1,"joined":false,"last_error_code":"","messages_received":47099,"messages_sent":65578,"pending_blocking":0,"snapshot_updates":47052},"event":"CLIENT_HEALTH","player":"b","process_id":4048,"time_msec":3306426}
[m7_client] {"details":{"async_rejections":0,"async_results":0,"buffered_results":0,"item_updates":1,"joined":false,"last_error_code":"","messages_received":47099,"messages_sent":65578,"pending_blocking":0,"snapshot_updates":47052},"event":"CLIENT_HEALTH","player":"b","process_id":4048,"time_msec":3308426}
[m7_client] {"details":{"async_rejections":0,"async_results":0,"buffered_results":0,"item_updates":1,"joined":false,"last_error_code":"","messages_received":47099,"messages_sent":65578,"pending_blocking":0,"snapshot_updates":47052},"event":"CLIENT_HEALTH","player":"b","process_id":4048,"time_msec":3310426}
[m7_client] {"details":{"async_rejections":0,"async_results":0,"buffered_results":0,"item_updates":1,"joined":false,"last_error_code":"","messages_received":47099,"messages_sent":65578,"pending_blocking":0,"snapshot_updates":47052},"event":"CLIENT_HEALTH","player":"b","process_id":4048,"time_msec":3312426}
[m7_client] {"details":{"async_rejections":0,"async_results":0,"buffered_results":0,"item_updates":1,"joined":false,"last_error_code":"","messages_received":47099,"messages_sent":65578,"pending_blocking":0,"snapshot_updates":47052},"event":"CLIENT_HEALTH","player":"b","process_id":4048,"time_msec":3314426}
[m7_client] {"details":{"async_rejections":0,"async_results":0,"buffered_results":0,"item_updates":1,"joined":false,"last_error_code":"","messages_received":47099,"messages_sent":65578,"pending_blocking":0,"snapshot_updates":47052},"event":"CLIENT_HEALTH","player":"b","process_id":4048,"time_msec":3316432}
[m7_client] {"details":{"async_rejections":0,"async_results":0,"buffered_results":0,"item_updates":1,"joined":false,"last_error_code":"","messages_received":47099,"messages_sent":65578,"pending_blocking":0,"snapshot_updates":47052},"event":"CLIENT_HEALTH","player":"b","process_id":4048,"time_msec":3318437}
[m7_client] {"details":{"async_rejections":0,"async_results":0,"buffered_results":0,"item_updates":1,"joined":false,"last_error_code":"","messages_received":47099,"messages_sent":65578,"pending_blocking":0,"snapshot_updates":47052},"event":"CLIENT_HEALTH","player":"b","process_id":4048,"time_msec":3320439}
[m7_client] {"details":{"async_rejections":0,"async_results":0,"buffered_results":0,"item_updates":1,"joined":false,"last_error_code":"","messages_received":47099,"messages_sent":65578,"pending_blocking":0,"snapshot_updates":47052},"event":"CLIENT_HEALTH","player":"b","process_id":4048,"time_msec":3322444}
[m7_client] {"details":{"async_rejections":0,"async_results":0,"buffered_results":0,"item_updates":1,"joined":false,"last_error_code":"","messages_received":47099,"messages_sent":65578,"pending_blocking":0,"snapshot_updates":47052},"event":"CLIENT_HEALTH","player":"b","process_id":4048,"time_msec":3324449}
[m7_client] {"details":{"async_rejections":0,"async_results":0,"buffered_results":0,"item_updates":1,"joined":false,"last_error_code":"","messages_received":47099,"messages_sent":65578,"pending_blocking":0,"snapshot_updates":47052},"event":"CLIENT_HEALTH","player":"b","process_id":4048,"time_msec":3326449}
[m7_client] {"details":{"async_rejections":0,"async_results":0,"buffered_results":0,"item_updates":1,"joined":false,"last_error_code":"","messages_received":47099,"messages_sent":65578,"pending_blocking":0,"snapshot_updates":47052},"event":"CLIENT_HEALTH","player":"b","process_id":4048,"time_msec":3328449}
[m7_client] {"details":{"async_rejections":0,"async_results":0,"buffered_results":0,"item_updates":1,"joined":false,"last_error_code":"","messages_received":47099,"messages_sent":65578,"pending_blocking":0,"snapshot_updates":47052},"event":"CLIENT_HEALTH","player":"b","process_id":4048,"time_msec":3330449}
[m7_client] {"details":{"async_rejections":0,"async_results":0,"buffered_results":0,"item_updates":1,"joined":false,"last_error_code":"","messages_received":47099,"messages_sent":65578,"pending_blocking":0,"snapshot_updates":47052},"event":"CLIENT_HEALTH","player":"b","process_id":4048,"time_msec":3332449}
[m7_client] {"details":{"async_rejections":0,"async_results":0,"buffered_results":0,"item_updates":1,"joined":false,"last_error_code":"","messages_received":47099,"messages_sent":65578,"pending_blocking":0,"snapshot_updates":47052},"event":"CLIENT_HEALTH","player":"b","process_id":4048,"time_msec":3334454}
[m7_client] {"details":{"async_rejections":0,"async_results":0,"buffered_results":0,"item_updates":1,"joined":false,"last_error_code":"","messages_received":47099,"messages_sent":65578,"pending_blocking":0,"snapshot_updates":47052},"event":"CLIENT_HEALTH","player":"b","process_id":4048,"time_msec":3336454}
[m7_client] {"details":{"async_rejections":0,"async_results":0,"buffered_results":0,"item_updates":1,"joined":false,"last_error_code":"","messages_received":47099,"messages_sent":65578,"pending_blocking":0,"snapshot_updates":47052},"event":"CLIENT_HEALTH","player":"b","process_id":4048,"time_msec":3338454}
[m7_client] {"details":{"async_rejections":0,"async_results":0,"buffered_results":0,"item_updates":1,"joined":false,"last_error_code":"","messages_received":47099,"messages_sent":65578,"pending_blocking":0,"snapshot_updates":47052},"event":"CLIENT_HEALTH","player":"b","process_id":4048,"time_msec":3340454}
[m7_client] {"details":{"async_rejections":0,"async_results":0,"buffered_results":0,"item_updates":1,"joined":false,"last_error_code":"","messages_received":47099,"messages_sent":65578,"pending_blocking":0,"snapshot_updates":47052},"event":"CLIENT_HEALTH","player":"b","process_id":4048,"time_msec":3342454}
[m7_client] {"details":{"async_rejections":0,"async_results":0,"buffered_results":0,"item_updates":1,"joined":false,"last_error_code":"","messages_received":47099,"messages_sent":65578,"pending_blocking":0,"snapshot_updates":47052},"event":"CLIENT_HEALTH","player":"b","process_id":4048,"time_msec":3344454}
[m7_client] {"details":{"async_rejections":0,"async_results":0,"buffered_results":0,"item_updates":1,"joined":false,"last_error_code":"","messages_received":47099,"messages_sent":65578,"pending_blocking":0,"snapshot_updates":47052},"event":"CLIENT_HEALTH","player":"b","process_id":4048,"time_msec":3346454}
[m7_client] {"details":{"async_rejections":0,"async_results":0,"buffered_results":0,"item_updates":1,"joined":false,"last_error_code":"","messages_received":47099,"messages_sent":65578,"pending_blocking":0,"snapshot_updates":47052},"event":"CLIENT_HEALTH","player":"b","process_id":4048,"time_msec":3348459}
[m7_client] {"details":{"async_rejections":0,"async_results":0,"buffered_results":0,"item_updates":1,"joined":false,"last_error_code":"","messages_received":47099,"messages_sent":65578,"pending_blocking":0,"snapshot_updates":47052},"event":"CLIENT_HEALTH","player":"b","process_id":4048,"time_msec":3350459}
[m7_client] {"details":{"async_rejections":0,"async_results":0,"buffered_results":0,"item_updates":1,"joined":false,"last_error_code":"","messages_received":47099,"messages_sent":65578,"pending_blocking":0,"snapshot_updates":47052},"event":"CLIENT_HEALTH","player":"b","process_id":4048,"time_msec":3352459}
[m7_client] {"details":{"async_rejections":0,"async_results":0,"buffered_results":0,"item_updates":1,"joined":false,"last_error_code":"","messages_received":47099,"messages_sent":65578,"pending_blocking":0,"snapshot_updates":47052},"event":"CLIENT_HEALTH","player":"b","process_id":4048,"time_msec":3354459}
[m7_client] {"details":{"async_rejections":0,"async_results":0,"buffered_results":0,"item_updates":1,"joined":false,"last_error_code":"","messages_received":47099,"messages_sent":65578,"pending_blocking":0,"snapshot_updates":47052},"event":"CLIENT_HEALTH","player":"b","process_id":4048,"time_msec":3356459}
[m7_client] {"details":{"async_rejections":0,"async_results":0,"buffered_results":0,"item_updates":1,"joined":false,"last_error_code":"","messages_received":47099,"messages_sent":65578,"pending_blocking":0,"snapshot_updates":47052},"event":"CLIENT_HEALTH","player":"b","process_id":4048,"time_msec":3358459}
[m7_client] {"details":{"async_rejections":0,"async_results":0,"buffered_results":0,"item_updates":1,"joined":false,"last_error_code":"","messages_received":47099,"messages_sent":65578,"pending_blocking":0,"snapshot_updates":47052},"event":"CLIENT_HEALTH","player":"b","process_id":4048,"time_msec":3360459}
[m7_client] {"details":{"async_rejections":0,"async_results":0,"buffered_results":0,"item_updates":1,"joined":false,"last_error_code":"","messages_received":47099,"messages_sent":65578,"pending_blocking":0,"snapshot_updates":47052},"event":"CLIENT_HEALTH","player":"b","process_id":4048,"time_msec":3362464}
[m7_client] {"details":{"async_rejections":0,"async_results":0,"buffered_results":0,"item_updates":1,"joined":false,"last_error_code":"","messages_received":47099,"messages_sent":65578,"pending_blocking":0,"snapshot_updates":47052},"event":"CLIENT_HEALTH","player":"b","process_id":4048,"time_msec":3364464}
[m7_client] {"details":{"async_rejections":0,"async_results":0,"buffered_results":0,"item_updates":1,"joined":false,"last_error_code":"","messages_received":47099,"messages_sent":65578,"pending_blocking":0,"snapshot_updates":47052},"event":"CLIENT_HEALTH","player":"b","process_id":4048,"time_msec":3366464}
[m7_client] {"details":{"async_rejections":0,"async_results":0,"buffered_results":0,"item_updates":1,"joined":false,"last_error_code":"","messages_received":47099,"messages_sent":65578,"pending_blocking":0,"snapshot_updates":47052},"event":"CLIENT_HEALTH","player":"b","process_id":4048,"time_msec":3368464}
[m7_client] {"details":{"async_rejections":0,"async_results":0,"buffered_results":0,"item_updates":1,"joined":false,"last_error_code":"","messages_received":47099,"messages_sent":65578,"pending_blocking":0,"snapshot_updates":47052},"event":"CLIENT_HEALTH","player":"b","process_id":4048,"time_msec":3370464}
[m7_client] {"details":{"async_rejections":0,"async_results":0,"buffered_results":0,"item_updates":1,"joined":false,"last_error_code":"","messages_received":47099,"messages_sent":65578,"pending_blocking":0,"snapshot_updates":47052},"event":"CLIENT_HEALTH","player":"b","process_id":4048,"time_msec":3372464}
[m7_client] {"details":{"async_rejections":0,"async_results":0,"buffered_results":0,"item_updates":1,"joined":false,"last_error_code":"","messages_received":47099,"messages_sent":65578,"pending_blocking":0,"snapshot_updates":47052},"event":"CLIENT_HEALTH","player":"b","process_id":4048,"time_msec":3374470}
[m7_client] {"details":{"async_rejections":0,"async_results":0,"buffered_results":0,"item_updates":1,"joined":false,"last_error_code":"","messages_received":47099,"messages_sent":65578,"pending_blocking":0,"snapshot_updates":47052},"event":"CLIENT_HEALTH","player":"b","process_id":4048,"time_msec":3376470}
[m7_client] {"details":{"async_rejections":0,"async_results":0,"buffered_results":0,"item_updates":1,"joined":false,"last_error_code":"","messages_received":47099,"messages_sent":65578,"pending_blocking":0,"snapshot_updates":47052},"event":"CLIENT_HEALTH","player":"b","process_id":4048,"time_msec":3378475}
[m7_client] {"details":{"async_rejections":0,"async_results":0,"buffered_results":0,"item_updates":1,"joined":false,"last_error_code":"","messages_received":47099,"messages_sent":65578,"pending_blocking":0,"snapshot_updates":47052},"event":"CLIENT_HEALTH","player":"b","process_id":4048,"time_msec":3380475}
[m7_client] {"details":{"async_rejections":0,"async_results":0,"buffered_results":0,"item_updates":1,"joined":false,"last_error_code":"","messages_received":47099,"messages_sent":65578,"pending_blocking":0,"snapshot_updates":47052},"event":"CLIENT_HEALTH","player":"b","process_id":4048,"time_msec":3382475}
[m7_client] {"details":{"async_rejections":0,"async_results":0,"buffered_results":0,"item_updates":1,"joined":false,"last_error_code":"","messages_received":47099,"messages_sent":65578,"pending_blocking":0,"snapshot_updates":47052},"event":"CLIENT_HEALTH","player":"b","process_id":4048,"time_msec":3384475}
[m7_client] {"details":{"async_rejections":0,"async_results":0,"buffered_results":0,"item_updates":1,"joined":false,"last_error_code":"","messages_received":47099,"messages_sent":65578,"pending_blocking":0,"snapshot_updates":47052},"event":"CLIENT_HEALTH","player":"b","process_id":4048,"time_msec":3386475}
[m7_client] {"details":{"async_rejections":0,"async_results":0,"buffered_results":0,"item_updates":1,"joined":false,"last_error_code":"","messages_received":47099,"messages_sent":65578,"pending_blocking":0,"snapshot_updates":47052},"event":"CLIENT_HEALTH","player":"b","process_id":4048,"time_msec":3388475}
[m7_client] {"details":{"async_rejections":0,"async_results":0,"buffered_results":0,"item_updates":1,"joined":false,"last_error_code":"","messages_received":47099,"messages_sent":65578,"pending_blocking":0,"snapshot_updates":47052},"event":"CLIENT_HEALTH","player":"b","process_id":4048,"time_msec":3390475}
[m7_client] {"details":{"async_rejections":0,"async_results":0,"buffered_results":0,"item_updates":1,"joined":false,"last_error_code":"","messages_received":47099,"messages_sent":65578,"pending_blocking":0,"snapshot_updates":47052},"event":"CLIENT_HEALTH","player":"b","process_id":4048,"time_msec":3392480}
[m7_client] {"details":{"async_rejections":0,"async_results":0,"buffered_results":0,"item_updates":1,"joined":false,"last_error_code":"","messages_received":47099,"messages_sent":65578,"pending_blocking":0,"snapshot_updates":47052},"event":"CLIENT_HEALTH","player":"b","process_id":4048,"time_msec":3394480}
[m7_client] {"details":{"async_rejections":0,"async_results":0,"buffered_results":0,"item_updates":1,"joined":false,"last_error_code":"","messages_received":47099,"messages_sent":65578,"pending_blocking":0,"snapshot_updates":47052},"event":"CLIENT_HEALTH","player":"b","process_id":4048,"time_msec":3396480}
[m7_client] {"details":{"async_rejections":0,"async_results":0,"buffered_results":0,"item_updates":1,"joined":false,"last_error_code":"","messages_received":47099,"messages_sent":65578,"pending_blocking":0,"snapshot_updates":47052},"event":"CLIENT_HEALTH","player":"b","process_id":4048,"time_msec":3398480}
[m7_client] {"details":{"async_rejections":0,"async_results":0,"buffered_results":0,"item_updates":1,"joined":false,"last_error_code":"","messages_received":47099,"messages_sent":65578,"pending_blocking":0,"snapshot_updates":47052},"event":"CLIENT_HEALTH","player":"b","process_id":4048,"time_msec":3400480}
[m7_client] {"details":{"async_rejections":0,"async_results":0,"buffered_results":0,"item_updates":1,"joined":false,"last_error_code":"","messages_received":47099,"messages_sent":65578,"pending_blocking":0,"snapshot_updates":47052},"event":"CLIENT_HEALTH","player":"b","process_id":4048,"time_msec":3402480}
[m7_client] {"details":{"async_rejections":0,"async_results":0,"buffered_results":0,"item_updates":1,"joined":false,"last_error_code":"","messages_received":47099,"messages_sent":65578,"pending_blocking":0,"snapshot_updates":47052},"event":"CLIENT_HEALTH","player":"b","process_id":4048,"time_msec":3404485}
[m7_client] {"details":{"async_rejections":0,"async_results":0,"buffered_results":0,"item_updates":1,"joined":false,"last_error_code":"","messages_received":47099,"messages_sent":65578,"pending_blocking":0,"snapshot_updates":47052},"event":"CLIENT_HEALTH","player":"b","process_id":4048,"time_msec":3406485}
[m7_client] {"details":{"async_rejections":0,"async_results":0,"buffered_results":0,"item_updates":1,"joined":false,"last_error_code":"","messages_received":47099,"messages_sent":65578,"pending_blocking":0,"snapshot_updates":47052},"event":"CLIENT_HEALTH","player":"b","process_id":4048,"time_msec":3408485}
[m7_client] {"details":{"async_rejections":0,"async_results":0,"buffered_results":0,"item_updates":1,"joined":false,"last_error_code":"","messages_received":47099,"messages_sent":65578,"pending_blocking":0,"snapshot_updates":47052},"event":"CLIENT_HEALTH","player":"b","process_id":4048,"time_msec":3410485}
[m7_client] {"details":{"async_rejections":0,"async_results":0,"buffered_results":0,"item_updates":1,"joined":false,"last_error_code":"","messages_received":47099,"messages_sent":65578,"pending_blocking":0,"snapshot_updates":47052},"event":"CLIENT_HEALTH","player":"b","process_id":4048,"time_msec":3412486}
[m7_client] {"details":{"async_rejections":0,"async_results":0,"buffered_results":0,"item_updates":1,"joined":false,"last_error_code":"","messages_received":47099,"messages_sent":65578,"pending_blocking":0,"snapshot_updates":47052},"event":"CLIENT_HEALTH","player":"b","process_id":4048,"time_msec":3414491}
[m7_client] {"details":{"async_rejections":0,"async_results":0,"buffered_results":0,"item_updates":1,"joined":false,"last_error_code":"","messages_received":47099,"messages_sent":65578,"pending_blocking":0,"snapshot_updates":47052},"event":"CLIENT_HEALTH","player":"b","process_id":4048,"time_msec":3416491}
[m7_client] {"details":{"async_rejections":0,"async_results":0,"buffered_results":0,"item_updates":1,"joined":false,"last_error_code":"","messages_received":47099,"messages_sent":65578,"pending_blocking":0,"snapshot_updates":47052},"event":"CLIENT_HEALTH","player":"b","process_id":4048,"time_msec":3418491}
[m7_client] {"details":{"async_rejections":0,"async_results":0,"buffered_results":0,"item_updates":1,"joined":false,"last_error_code":"","messages_received":47099,"messages_sent":65578,"pending_blocking":0,"snapshot_updates":47052},"event":"CLIENT_HEALTH","player":"b","process_id":4048,"time_msec":3420495}
[m7_client] {"details":{"async_rejections":0,"async_results":0,"buffered_results":0,"item_updates":1,"joined":false,"last_error_code":"","messages_received":47099,"messages_sent":65578,"pending_blocking":0,"snapshot_updates":47052},"event":"CLIENT_HEALTH","player":"b","process_id":4048,"time_msec":3422496}
[m7_client] {"details":{"async_rejections":0,"async_results":0,"buffered_results":0,"item_updates":1,"joined":false,"last_error_code":"","messages_received":47099,"messages_sent":65578,"pending_blocking":0,"snapshot_updates":47052},"event":"CLIENT_HEALTH","player":"b","process_id":4048,"time_msec":3424496}
[m7_client] {"details":{"async_rejections":0,"async_results":0,"buffered_results":0,"item_updates":1,"joined":false,"last_error_code":"","messages_received":47099,"messages_sent":65578,"pending_blocking":0,"snapshot_updates":47052},"event":"CLIENT_HEALTH","player":"b","process_id":4048,"time_msec":3426496}
[m7_client] {"details":{"async_rejections":0,"async_results":0,"buffered_results":0,"item_updates":1,"joined":false,"last_error_code":"","messages_received":47099,"messages_sent":65578,"pending_blocking":0,"snapshot_updates":47052},"event":"CLIENT_HEALTH","player":"b","process_id":4048,"time_msec":3428496}
[m7_client] {"details":{"async_rejections":0,"async_results":0,"buffered_results":0,"item_updates":1,"joined":false,"last_error_code":"","messages_received":47099,"messages_sent":65578,"pending_blocking":0,"snapshot_updates":47052},"event":"CLIENT_HEALTH","player":"b","process_id":4048,"time_msec":3430496}
[m7_client] {"details":{"async_rejections":0,"async_results":0,"buffered_results":0,"item_updates":1,"joined":false,"last_error_code":"","messages_received":47099,"messages_sent":65578,"pending_blocking":0,"snapshot_updates":47052},"event":"CLIENT_HEALTH","player":"b","process_id":4048,"time_msec":3432501}
[m7_client] {"details":{"async_rejections":0,"async_results":0,"buffered_results":0,"item_updates":1,"joined":false,"last_error_code":"","messages_received":47099,"messages_sent":65578,"pending_blocking":0,"snapshot_updates":47052},"event":"CLIENT_HEALTH","player":"b","process_id":4048,"time_msec":3434501}
[m7_client] {"details":{"async_rejections":0,"async_results":0,"buffered_results":0,"item_updates":1,"joined":false,"last_error_code":"","messages_received":47099,"messages_sent":65578,"pending_blocking":0,"snapshot_updates":47052},"event":"CLIENT_HEALTH","player":"b","process_id":4048,"time_msec":3436501}
[m7_client] {"details":{"async_rejections":0,"async_results":0,"buffered_results":0,"item_updates":1,"joined":false,"last_error_code":"","messages_received":47099,"messages_sent":65578,"pending_blocking":0,"snapshot_updates":47052},"event":"CLIENT_HEALTH","player":"b","process_id":4048,"time_msec":3438501}
[m7_client] {"details":{"async_rejections":0,"async_results":0,"buffered_results":0,"item_updates":1,"joined":false,"last_error_code":"","messages_received":47099,"messages_sent":65578,"pending_blocking":0,"snapshot_updates":47052},"event":"CLIENT_HEALTH","player":"b","process_id":4048,"time_msec":3440501}
[m7_client] {"details":{"async_rejections":0,"async_results":0,"buffered_results":0,"item_updates":1,"joined":false,"last_error_code":"","messages_received":47099,"messages_sent":65578,"pending_blocking":0,"snapshot_updates":47052},"event":"CLIENT_HEALTH","player":"b","process_id":4048,"time_msec":3442501}
[m7_client] {"details":{"async_rejections":0,"async_results":0,"buffered_results":0,"item_updates":1,"joined":false,"last_error_code":"","messages_received":47099,"messages_sent":65578,"pending_blocking":0,"snapshot_updates":47052},"event":"CLIENT_HEALTH","player":"b","process_id":4048,"time_msec":3444501}
[m7_client] {"details":{"async_rejections":0,"async_results":0,"buffered_results":0,"item_updates":1,"joined":false,"last_error_code":"","messages_received":47099,"messages_sent":65578,"pending_blocking":0,"snapshot_updates":47052},"event":"CLIENT_HEALTH","player":"b","process_id":4048,"time_msec":3446501}
[m7_client] {"details":{"async_rejections":0,"async_results":0,"buffered_results":0,"item_updates":1,"joined":false,"last_error_code":"","messages_received":47099,"messages_sent":65578,"pending_blocking":0,"snapshot_updates":47052},"event":"CLIENT_HEALTH","player":"b","process_id":4048,"time_msec":3448501}
[m7_client] {"details":{"async_rejections":0,"async_results":0,"buffered_results":0,"item_updates":1,"joined":false,"last_error_code":"","messages_received":47099,"messages_sent":65578,"pending_blocking":0,"snapshot_updates":47052},"event":"CLIENT_HEALTH","player":"b","process_id":4048,"time_msec":3450506}
[m7_client] {"details":{"async_rejections":0,"async_results":0,"buffered_results":0,"item_updates":1,"joined":false,"last_error_code":"","messages_received":47099,"messages_sent":65578,"pending_blocking":0,"snapshot_updates":47052},"event":"CLIENT_HEALTH","player":"b","process_id":4048,"time_msec":3452506}
[m7_client] {"details":{"async_rejections":0,"async_results":0,"buffered_results":0,"item_updates":1,"joined":false,"last_error_code":"","messages_received":47099,"messages_sent":65578,"pending_blocking":0,"snapshot_updates":47052},"event":"CLIENT_HEALTH","player":"b","process_id":4048,"time_msec":3454506}
[m7_client] {"details":{"async_rejections":0,"async_results":0,"buffered_results":0,"item_updates":1,"joined":false,"last_error_code":"","messages_received":47099,"messages_sent":65578,"pending_blocking":0,"snapshot_updates":47052},"event":"CLIENT_HEALTH","player":"b","process_id":4048,"time_msec":3456506}
[m7_client] {"details":{"async_rejections":0,"async_results":0,"buffered_results":0,"item_updates":1,"joined":false,"last_error_code":"","messages_received":47099,"messages_sent":65578,"pending_blocking":0,"snapshot_updates":47052},"event":"CLIENT_HEALTH","player":"b","process_id":4048,"time_msec":3458506}
[m7_client] {"details":{"async_rejections":0,"async_results":0,"buffered_results":0,"item_updates":1,"joined":false,"last_error_code":"","messages_received":47099,"messages_sent":65578,"pending_blocking":0,"snapshot_updates":47052},"event":"CLIENT_HEALTH","player":"b","process_id":4048,"time_msec":3460512}
[m7_client] {"details":{"async_rejections":0,"async_results":0,"buffered_results":0,"item_updates":1,"joined":false,"last_error_code":"","messages_received":47099,"messages_sent":65578,"pending_blocking":0,"snapshot_updates":47052},"event":"CLIENT_HEALTH","player":"b","process_id":4048,"time_msec":3462517}
[m7_client] {"details":{"async_rejections":0,"async_results":0,"buffered_results":0,"item_updates":1,"joined":false,"last_error_code":"","messages_received":47099,"messages_sent":65578,"pending_blocking":0,"snapshot_updates":47052},"event":"CLIENT_HEALTH","player":"b","process_id":4048,"time_msec":3464517}
[m7_client] {"details":{"async_rejections":0,"async_results":0,"buffered_results":0,"item_updates":1,"joined":false,"last_error_code":"","messages_received":47099,"messages_sent":65578,"pending_blocking":0,"snapshot_updates":47052},"event":"CLIENT_HEALTH","player":"b","process_id":4048,"time_msec":3466517}
[m7_client] {"details":{"async_rejections":0,"async_results":0,"buffered_results":0,"item_updates":1,"joined":false,"last_error_code":"","messages_received":47099,"messages_sent":65578,"pending_blocking":0,"snapshot_updates":47052},"event":"CLIENT_HEALTH","player":"b","process_id":4048,"time_msec":3468517}
[m7_client] {"details":{"async_rejections":0,"async_results":0,"buffered_results":0,"item_updates":1,"joined":false,"last_error_code":"","messages_received":47099,"messages_sent":65578,"pending_blocking":0,"snapshot_updates":47052},"event":"CLIENT_HEALTH","player":"b","process_id":4048,"time_msec":3470517}
[m7_client] {"details":{"async_rejections":0,"async_results":0,"buffered_results":0,"item_updates":1,"joined":false,"last_error_code":"","messages_received":47099,"messages_sent":65578,"pending_blocking":0,"snapshot_updates":47052},"event":"CLIENT_HEALTH","player":"b","process_id":4048,"time_msec":3472517}
[m7_client] {"details":{"async_rejections":0,"async_results":0,"buffered_results":0,"item_updates":1,"joined":false,"last_error_code":"","messages_received":47099,"messages_sent":65578,"pending_blocking":0,"snapshot_updates":47052},"event":"CLIENT_HEALTH","player":"b","process_id":4048,"time_msec":3474517}
[m7_client] {"details":{"async_rejections":0,"async_results":0,"buffered_results":0,"item_updates":1,"joined":false,"last_error_code":"","messages_received":47099,"messages_sent":65578,"pending_blocking":0,"snapshot_updates":47052},"event":"CLIENT_HEALTH","player":"b","process_id":4048,"time_msec":3476522}
[m7_client] {"details":{"async_rejections":0,"async_results":0,"buffered_results":0,"item_updates":1,"joined":false,"last_error_code":"","messages_received":47099,"messages_sent":65578,"pending_blocking":0,"snapshot_updates":47052},"event":"CLIENT_HEALTH","player":"b","process_id":4048,"time_msec":3478522}
[m7_client] {"details":{"async_rejections":0,"async_results":0,"buffered_results":0,"item_updates":1,"joined":false,"last_error_code":"","messages_received":47099,"messages_sent":65578,"pending_blocking":0,"snapshot_updates":47052},"event":"CLIENT_HEALTH","player":"b","process_id":4048,"time_msec":3480523}
[m7_client] {"details":{"async_rejections":0,"async_results":0,"buffered_results":0,"item_updates":1,"joined":false,"last_error_code":"","messages_received":47099,"messages_sent":65578,"pending_blocking":0,"snapshot_updates":47052},"event":"CLIENT_HEALTH","player":"b","process_id":4048,"time_msec":3482522}
[m7_client] {"details":{"async_rejections":0,"async_results":0,"buffered_results":0,"item_updates":1,"joined":false,"last_error_code":"","messages_received":47099,"messages_sent":65578,"pending_blocking":0,"snapshot_updates":47052},"event":"CLIENT_HEALTH","player":"b","process_id":4048,"time_msec":3484522}
[m7_client] {"details":{"async_rejections":0,"async_results":0,"buffered_results":0,"item_updates":1,"joined":false,"last_error_code":"","messages_received":47099,"messages_sent":65578,"pending_blocking":0,"snapshot_updates":47052},"event":"CLIENT_HEALTH","player":"b","process_id":4048,"time_msec":3486522}
[m7_client] {"details":{"async_rejections":0,"async_results":0,"buffered_results":0,"item_updates":1,"joined":false,"last_error_code":"","messages_received":47099,"messages_sent":65578,"pending_blocking":0,"snapshot_updates":47052},"event":"CLIENT_HEALTH","player":"b","process_id":4048,"time_msec":3488528}
[m7_client] {"details":{"async_rejections":0,"async_results":0,"buffered_results":0,"item_updates":1,"joined":false,"last_error_code":"","messages_received":47099,"messages_sent":65578,"pending_blocking":0,"snapshot_updates":47052},"event":"CLIENT_HEALTH","player":"b","process_id":4048,"time_msec":3490534}
[m7_client] {"details":{"async_rejections":0,"async_results":0,"buffered_results":0,"item_updates":1,"joined":false,"last_error_code":"","messages_received":47099,"messages_sent":65578,"pending_blocking":0,"snapshot_updates":47052},"event":"CLIENT_HEALTH","player":"b","process_id":4048,"time_msec":3492539}
[m7_client] {"details":{"async_rejections":0,"async_results":0,"buffered_results":0,"item_updates":1,"joined":false,"last_error_code":"","messages_received":47099,"messages_sent":65578,"pending_blocking":0,"snapshot_updates":47052},"event":"CLIENT_HEALTH","player":"b","process_id":4048,"time_msec":3494539}
[m7_client] {"details":{"async_rejections":0,"async_results":0,"buffered_results":0,"item_updates":1,"joined":false,"last_error_code":"","messages_received":47099,"messages_sent":65578,"pending_blocking":0,"snapshot_updates":47052},"event":"CLIENT_HEALTH","player":"b","process_id":4048,"time_msec":3496539}
[m7_client] {"details":{"async_rejections":0,"async_results":0,"buffered_results":0,"item_updates":1,"joined":false,"last_error_code":"","messages_received":47099,"messages_sent":65578,"pending_blocking":0,"snapshot_updates":47052},"event":"CLIENT_HEALTH","player":"b","process_id":4048,"time_msec":3498539}
[m7_client] {"details":{"async_rejections":0,"async_results":0,"buffered_results":0,"item_updates":1,"joined":false,"last_error_code":"","messages_received":47099,"messages_sent":65578,"pending_blocking":0,"snapshot_updates":47052},"event":"CLIENT_HEALTH","player":"b","process_id":4048,"time_msec":3500539}
[m7_client] {"details":{"async_rejections":0,"async_results":0,"buffered_results":0,"item_updates":1,"joined":false,"last_error_code":"","messages_received":47099,"messages_sent":65578,"pending_blocking":0,"snapshot_updates":47052},"event":"CLIENT_HEALTH","player":"b","process_id":4048,"time_msec":3502539}
[m7_client] {"details":{"async_rejections":0,"async_results":0,"buffered_results":0,"item_updates":1,"joined":false,"last_error_code":"","messages_received":47099,"messages_sent":65578,"pending_blocking":0,"snapshot_updates":47052},"event":"CLIENT_HEALTH","player":"b","process_id":4048,"time_msec":3504544}
[m7_client] {"details":{"async_rejections":0,"async_results":0,"buffered_results":0,"item_updates":1,"joined":false,"last_error_code":"","messages_received":47099,"messages_sent":65578,"pending_blocking":0,"snapshot_updates":47052},"event":"CLIENT_HEALTH","player":"b","process_id":4048,"time_msec":3506544}
[m7_client] {"details":{"async_rejections":0,"async_results":0,"buffered_results":0,"item_updates":1,"joined":false,"last_error_code":"","messages_received":47099,"messages_sent":65578,"pending_blocking":0,"snapshot_updates":47052},"event":"CLIENT_HEALTH","player":"b","process_id":4048,"time_msec":3508544}
[m7_client] {"details":{"async_rejections":0,"async_results":0,"buffered_results":0,"item_updates":1,"joined":false,"last_error_code":"","messages_received":47099,"messages_sent":65578,"pending_blocking":0,"snapshot_updates":47052},"event":"CLIENT_HEALTH","player":"b","process_id":4048,"time_msec":3510544}
[m7_client] {"details":{"async_rejections":0,"async_results":0,"buffered_results":0,"item_updates":1,"joined":false,"last_error_code":"","messages_received":47099,"messages_sent":65578,"pending_blocking":0,"snapshot_updates":47052},"event":"CLIENT_HEALTH","player":"b","process_id":4048,"time_msec":3512544}
[m7_client] {"details":{"async_rejections":0,"async_results":0,"buffered_results":0,"item_updates":1,"joined":false,"last_error_code":"","messages_received":47099,"messages_sent":65578,"pending_blocking":0,"snapshot_updates":47052},"event":"CLIENT_HEALTH","player":"b","process_id":4048,"time_msec":3514544}
[m7_client] {"details":{"async_rejections":0,"async_results":0,"buffered_results":0,"item_updates":1,"joined":false,"last_error_code":"","messages_received":47099,"messages_sent":65578,"pending_blocking":0,"snapshot_updates":47052},"event":"CLIENT_HEALTH","player":"b","process_id":4048,"time_msec":3516550}
[m7_client] {"details":{"async_rejections":0,"async_results":0,"buffered_results":0,"item_updates":1,"joined":false,"last_error_code":"","messages_received":47099,"messages_sent":65578,"pending_blocking":0,"snapshot_updates":47052},"event":"CLIENT_HEALTH","player":"b","process_id":4048,"time_msec":3518556}
[m7_client] {"details":{"async_rejections":0,"async_results":0,"buffered_results":0,"item_updates":1,"joined":false,"last_error_code":"","messages_received":47099,"messages_sent":65578,"pending_blocking":0,"snapshot_updates":47052},"event":"CLIENT_HEALTH","player":"b","process_id":4048,"time_msec":3520562}
[m7_client] {"details":{"async_rejections":0,"async_results":0,"buffered_results":0,"item_updates":1,"joined":false,"last_error_code":"","messages_received":47099,"messages_sent":65578,"pending_blocking":0,"snapshot_updates":47052},"event":"CLIENT_HEALTH","player":"b","process_id":4048,"time_msec":3522562}
[m7_client] {"details":{"async_rejections":0,"async_results":0,"buffered_results":0,"item_updates":1,"joined":false,"last_error_code":"","messages_received":47099,"messages_sent":65578,"pending_blocking":0,"snapshot_updates":47052},"event":"CLIENT_HEALTH","player":"b","process_id":4048,"time_msec":3524567}
[m7_client] {"details":{"async_rejections":0,"async_results":0,"buffered_results":0,"item_updates":1,"joined":false,"last_error_code":"","messages_received":47099,"messages_sent":65578,"pending_blocking":0,"snapshot_updates":47052},"event":"CLIENT_HEALTH","player":"b","process_id":4048,"time_msec":3526567}
[m7_client] {"details":{"async_rejections":0,"async_results":0,"buffered_results":0,"item_updates":1,"joined":false,"last_error_code":"","messages_received":47099,"messages_sent":65578,"pending_blocking":0,"snapshot_updates":47052},"event":"CLIENT_HEALTH","player":"b","process_id":4048,"time_msec":3528567}
[m7_client] {"details":{"async_rejections":0,"async_results":0,"buffered_results":0,"item_updates":1,"joined":false,"last_error_code":"","messages_received":47099,"messages_sent":65578,"pending_blocking":0,"snapshot_updates":47052},"event":"CLIENT_HEALTH","player":"b","process_id":4048,"time_msec":3530567}
[m7_client] {"details":{"async_rejections":0,"async_results":0,"buffered_results":0,"item_updates":1,"joined":false,"last_error_code":"","messages_received":47099,"messages_sent":65578,"pending_blocking":0,"snapshot_updates":47052},"event":"CLIENT_HEALTH","player":"b","process_id":4048,"time_msec":3532567}
[m7_client] {"details":{"async_rejections":0,"async_results":0,"buffered_results":0,"item_updates":1,"joined":false,"last_error_code":"","messages_received":47099,"messages_sent":65578,"pending_blocking":0,"snapshot_updates":47052},"event":"CLIENT_HEALTH","player":"b","process_id":4048,"time_msec":3534573}
[m7_client] {"details":{"async_rejections":0,"async_results":0,"buffered_results":0,"item_updates":1,"joined":false,"last_error_code":"","messages_received":47099,"messages_sent":65578,"pending_blocking":0,"snapshot_updates":47052},"event":"CLIENT_HEALTH","player":"b","process_id":4048,"time_msec":3536573}
[m7_client] {"details":{"async_rejections":0,"async_results":0,"buffered_results":0,"item_updates":1,"joined":false,"last_error_code":"","messages_received":47099,"messages_sent":65578,"pending_blocking":0,"snapshot_updates":47052},"event":"CLIENT_HEALTH","player":"b","process_id":4048,"time_msec":3538578}
[m7_client] {"details":{"async_rejections":0,"async_results":0,"buffered_results":0,"item_updates":1,"joined":false,"last_error_code":"","messages_received":47099,"messages_sent":65578,"pending_blocking":0,"snapshot_updates":47052},"event":"CLIENT_HEALTH","player":"b","process_id":4048,"time_msec":3540578}
[m7_client] {"details":{"async_rejections":0,"async_results":0,"buffered_results":0,"item_updates":1,"joined":false,"last_error_code":"","messages_received":47099,"messages_sent":65578,"pending_blocking":0,"snapshot_updates":47052},"event":"CLIENT_HEALTH","player":"b","process_id":4048,"time_msec":3542578}
[m7_client] {"details":{"async_rejections":0,"async_results":0,"buffered_results":0,"item_updates":1,"joined":false,"last_error_code":"","messages_received":47099,"messages_sent":65578,"pending_blocking":0,"snapshot_updates":47052},"event":"CLIENT_HEALTH","player":"b","process_id":4048,"time_msec":3544578}
[m7_client] {"details":{"async_rejections":0,"async_results":0,"buffered_results":0,"item_updates":1,"joined":false,"last_error_code":"","messages_received":47099,"messages_sent":65578,"pending_blocking":0,"snapshot_updates":47052},"event":"CLIENT_HEALTH","player":"b","process_id":4048,"time_msec":3546578}
[m7_client] {"details":{"async_rejections":0,"async_results":0,"buffered_results":0,"item_updates":1,"joined":false,"last_error_code":"","messages_received":47099,"messages_sent":65578,"pending_blocking":0,"snapshot_updates":47052},"event":"CLIENT_HEALTH","player":"b","process_id":4048,"time_msec":3548578}
[m7_client] {"details":{"async_rejections":0,"async_results":0,"buffered_results":0,"item_updates":1,"joined":false,"last_error_code":"","messages_received":47099,"messages_sent":65578,"pending_blocking":0,"snapshot_updates":47052},"event":"CLIENT_HEALTH","player":"b","process_id":4048,"time_msec":3550583}
[m7_client] {"details":{"async_rejections":0,"async_results":0,"buffered_results":0,"item_updates":1,"joined":false,"last_error_code":"","messages_received":47099,"messages_sent":65578,"pending_blocking":0,"snapshot_updates":47052},"event":"CLIENT_HEALTH","player":"b","process_id":4048,"time_msec":3552584}
[m7_client] {"details":{"async_rejections":0,"async_results":0,"buffered_results":0,"item_updates":1,"joined":false,"last_error_code":"","messages_received":47099,"messages_sent":65578,"pending_blocking":0,"snapshot_updates":47052},"event":"CLIENT_HEALTH","player":"b","process_id":4048,"time_msec":3554589}
[m7_client] {"details":{"async_rejections":0,"async_results":0,"buffered_results":0,"item_updates":1,"joined":false,"last_error_code":"","messages_received":47099,"messages_sent":65578,"pending_blocking":0,"snapshot_updates":47052},"event":"CLIENT_HEALTH","player":"b","process_id":4048,"time_msec":3556589}
[m7_client] {"details":{"async_rejections":0,"async_results":0,"buffered_results":0,"item_updates":1,"joined":false,"last_error_code":"","messages_received":47099,"messages_sent":65578,"pending_blocking":0,"snapshot_updates":47052},"event":"CLIENT_HEALTH","player":"b","process_id":4048,"time_msec":3558589}
[m7_client] {"details":{"async_rejections":0,"async_results":0,"buffered_results":0,"item_updates":1,"joined":false,"last_error_code":"","messages_received":47099,"messages_sent":65578,"pending_blocking":0,"snapshot_updates":47052},"event":"CLIENT_HEALTH","player":"b","process_id":4048,"time_msec":3560589}
[m7_client] {"details":{"async_rejections":0,"async_results":0,"buffered_results":0,"item_updates":1,"joined":false,"last_error_code":"","messages_received":47099,"messages_sent":65578,"pending_blocking":0,"snapshot_updates":47052},"event":"CLIENT_HEALTH","player":"b","process_id":4048,"time_msec":3562595}
[m7_client] {"details":{"async_rejections":0,"async_results":0,"buffered_results":0,"item_updates":1,"joined":false,"last_error_code":"","messages_received":47099,"messages_sent":65578,"pending_blocking":0,"snapshot_updates":47052},"event":"CLIENT_HEALTH","player":"b","process_id":4048,"time_msec":3564600}
[m7_client] {"details":{"async_rejections":0,"async_results":0,"buffered_results":0,"item_updates":1,"joined":false,"last_error_code":"","messages_received":47099,"messages_sent":65578,"pending_blocking":0,"snapshot_updates":47052},"event":"CLIENT_HEALTH","player":"b","process_id":4048,"time_msec":3566600}
[m7_client] {"details":{"async_rejections":0,"async_results":0,"buffered_results":0,"item_updates":1,"joined":false,"last_error_code":"","messages_received":47099,"messages_sent":65578,"pending_blocking":0,"snapshot_updates":47052},"event":"CLIENT_HEALTH","player":"b","process_id":4048,"time_msec":3568600}
[m7_client] {"details":{"async_rejections":0,"async_results":0,"buffered_results":0,"item_updates":1,"joined":false,"last_error_code":"","messages_received":47099,"messages_sent":65578,"pending_blocking":0,"snapshot_updates":47052},"event":"CLIENT_HEALTH","player":"b","process_id":4048,"time_msec":3570600}
[m7_client] {"details":{"async_rejections":0,"async_results":0,"buffered_results":0,"item_updates":1,"joined":false,"last_error_code":"","messages_received":47099,"messages_sent":65578,"pending_blocking":0,"snapshot_updates":47052},"event":"CLIENT_HEALTH","player":"b","process_id":4048,"time_msec":3572600}
[m7_client] {"details":{"async_rejections":0,"async_results":0,"buffered_results":0,"item_updates":1,"joined":false,"last_error_code":"","messages_received":47099,"messages_sent":65578,"pending_blocking":0,"snapshot_updates":47052},"event":"CLIENT_HEALTH","player":"b","process_id":4048,"time_msec":3574600}
[m7_client] {"details":{"async_rejections":0,"async_results":0,"buffered_results":0,"item_updates":1,"joined":false,"last_error_code":"","messages_received":47099,"messages_sent":65578,"pending_blocking":0,"snapshot_updates":47052},"event":"CLIENT_HEALTH","player":"b","process_id":4048,"time_msec":3576600}
[m7_client] {"details":{"async_rejections":0,"async_results":0,"buffered_results":0,"item_updates":1,"joined":false,"last_error_code":"","messages_received":47099,"messages_sent":65578,"pending_blocking":0,"snapshot_updates":47052},"event":"CLIENT_HEALTH","player":"b","process_id":4048,"time_msec":3578605}
[m7_client] {"details":{"async_rejections":0,"async_results":0,"buffered_results":0,"item_updates":1,"joined":false,"last_error_code":"","messages_received":47099,"messages_sent":65578,"pending_blocking":0,"snapshot_updates":47052},"event":"CLIENT_HEALTH","player":"b","process_id":4048,"time_msec":3580605}
[m7_client] {"details":{"async_rejections":0,"async_results":0,"buffered_results":0,"item_updates":1,"joined":false,"last_error_code":"","messages_received":47099,"messages_sent":65578,"pending_blocking":0,"snapshot_updates":47052},"event":"CLIENT_HEALTH","player":"b","process_id":4048,"time_msec":3582605}
[m7_client] {"details":{"async_rejections":0,"async_results":0,"buffered_results":0,"item_updates":1,"joined":false,"last_error_code":"","messages_received":47099,"messages_sent":65578,"pending_blocking":0,"snapshot_updates":47052},"event":"CLIENT_HEALTH","player":"b","process_id":4048,"time_msec":3584605}
[m7_client] {"details":{"async_rejections":0,"async_results":0,"buffered_results":0,"item_updates":1,"joined":false,"last_error_code":"","messages_received":47099,"messages_sent":65578,"pending_blocking":0,"snapshot_updates":47052},"event":"CLIENT_HEALTH","player":"b","process_id":4048,"time_msec":3586605}
[m7_client] {"details":{"async_rejections":0,"async_results":0,"buffered_results":0,"item_updates":1,"joined":false,"last_error_code":"","messages_received":47099,"messages_sent":65578,"pending_blocking":0,"snapshot_updates":47052},"event":"CLIENT_HEALTH","player":"b","process_id":4048,"time_msec":3588605}
[m7_client] {"details":{"async_rejections":0,"async_results":0,"buffered_results":0,"item_updates":1,"joined":false,"last_error_code":"","messages_received":47099,"messages_sent":65578,"pending_blocking":0,"snapshot_updates":47052},"event":"CLIENT_HEALTH","player":"b","process_id":4048,"time_msec":3590605}
[m7_client] {"details":{"async_rejections":0,"async_results":0,"buffered_results":0,"item_updates":1,"joined":false,"last_error_code":"","messages_received":47099,"messages_sent":65578,"pending_blocking":0,"snapshot_updates":47052},"event":"CLIENT_HEALTH","player":"b","process_id":4048,"time_msec":3592610}
[m7_client] {"details":{"async_rejections":0,"async_results":0,"buffered_results":0,"item_updates":1,"joined":false,"last_error_code":"","messages_received":47099,"messages_sent":65578,"pending_blocking":0,"snapshot_updates":47052},"event":"CLIENT_HEALTH","player":"b","process_id":4048,"time_msec":3594610}
[m7_client] {"details":{"async_rejections":0,"async_results":0,"buffered_results":0,"item_updates":1,"joined":false,"last_error_code":"","messages_received":47099,"messages_sent":65578,"pending_blocking":0,"snapshot_updates":47052},"event":"CLIENT_HEALTH","player":"b","process_id":4048,"time_msec":3596610}
[m7_client] {"details":{"async_rejections":0,"async_results":0,"buffered_results":0,"item_updates":1,"joined":false,"last_error_code":"","messages_received":47099,"messages_sent":65578,"pending_blocking":0,"snapshot_updates":47052},"event":"CLIENT_HEALTH","player":"b","process_id":4048,"time_msec":3598610}
[m7_client] {"details":{"async_rejections":0,"async_results":0,"buffered_results":0,"item_updates":1,"joined":false,"last_error_code":"","messages_received":47099,"messages_sent":65578,"pending_blocking":0,"snapshot_updates":47052},"event":"CLIENT_HEALTH","player":"b","process_id":4048,"time_msec":3600610}
[m7_client] {"details":{"async_rejections":0,"async_results":0,"buffered_results":0,"item_updates":1,"joined":false,"last_error_code":"","messages_received":47099,"messages_sent":65578,"pending_blocking":0,"snapshot_updates":47052},"event":"CLIENT_HEALTH","player":"b","process_id":4048,"time_msec":3602610}
[m7_client] {"details":{"async_rejections":0,"async_results":0,"buffered_results":0,"item_updates":1,"joined":false,"last_error_code":"","messages_received":47099,"messages_sent":65578,"pending_blocking":0,"snapshot_updates":47052},"event":"CLIENT_HEALTH","player":"b","process_id":4048,"time_msec":3604616}
[m7_client] {"details":{"async_rejections":0,"async_results":0,"buffered_results":0,"item_updates":1,"joined":false,"last_error_code":"","messages_received":47099,"messages_sent":65578,"pending_blocking":0,"snapshot_updates":47052},"event":"CLIENT_HEALTH","player":"b","process_id":4048,"time_msec":3606621}
[m7_client] {"details":{"async_rejections":0,"async_results":0,"buffered_results":0,"item_updates":1,"joined":false,"last_error_code":"","messages_received":47099,"messages_sent":65578,"pending_blocking":0,"snapshot_updates":47052},"event":"CLIENT_HEALTH","player":"b","process_id":4048,"time_msec":3608621}
[m7_client] {"details":{"async_rejections":0,"async_results":0,"buffered_results":0,"item_updates":1,"joined":false,"last_error_code":"","messages_received":47099,"messages_sent":65578,"pending_blocking":0,"snapshot_updates":47052},"event":"CLIENT_HEALTH","player":"b","process_id":4048,"time_msec":3610621}
[m7_client] {"details":{"async_rejections":0,"async_results":0,"buffered_results":0,"item_updates":1,"joined":false,"last_error_code":"","messages_received":47099,"messages_sent":65578,"pending_blocking":0,"snapshot_updates":47052},"event":"CLIENT_HEALTH","player":"b","process_id":4048,"time_msec":3612621}
[m7_client] {"details":{"async_rejections":0,"async_results":0,"buffered_results":0,"item_updates":1,"joined":false,"last_error_code":"","messages_received":47099,"messages_sent":65578,"pending_blocking":0,"snapshot_updates":47052},"event":"CLIENT_HEALTH","player":"b","process_id":4048,"time_msec":3614621}
[m7_client] {"details":{"async_rejections":0,"async_results":0,"buffered_results":0,"item_updates":1,"joined":false,"last_error_code":"","messages_received":47099,"messages_sent":65578,"pending_blocking":0,"snapshot_updates":47052},"event":"CLIENT_HEALTH","player":"b","process_id":4048,"time_msec":3616621}
[m7_client] {"details":{"async_rejections":0,"async_results":0,"buffered_results":0,"item_updates":1,"joined":false,"last_error_code":"","messages_received":47099,"messages_sent":65578,"pending_blocking":0,"snapshot_updates":47052},"event":"CLIENT_HEALTH","player":"b","process_id":4048,"time_msec":3618621}
[m7_client] {"details":{"async_rejections":0,"async_results":0,"buffered_results":0,"item_updates":1,"joined":false,"last_error_code":"","messages_received":47099,"messages_sent":65578,"pending_blocking":0,"snapshot_updates":47052},"event":"CLIENT_HEALTH","player":"b","process_id":4048,"time_msec":3620626}
[m7_client] {"details":{"async_rejections":0,"async_results":0,"buffered_results":0,"item_updates":1,"joined":false,"last_error_code":"","messages_received":47099,"messages_sent":65578,"pending_blocking":0,"snapshot_updates":47052},"event":"CLIENT_HEALTH","player":"b","process_id":4048,"time_msec":3622626}
[m7_client] {"details":{"async_rejections":0,"async_results":0,"buffered_results":0,"item_updates":1,"joined":false,"last_error_code":"","messages_received":47099,"messages_sent":65578,"pending_blocking":0,"snapshot_updates":47052},"event":"CLIENT_HEALTH","player":"b","process_id":4048,"time_msec":3624626}
[m7_client] {"details":{"async_rejections":0,"async_results":0,"buffered_results":0,"item_updates":1,"joined":false,"last_error_code":"","messages_received":47099,"messages_sent":65578,"pending_blocking":0,"snapshot_updates":47052},"event":"CLIENT_HEALTH","player":"b","process_id":4048,"time_msec":3626626}
[m7_client] {"details":{"async_rejections":0,"async_results":0,"buffered_results":0,"item_updates":1,"joined":false,"last_error_code":"","messages_received":47099,"messages_sent":65578,"pending_blocking":0,"snapshot_updates":47052},"event":"CLIENT_HEALTH","player":"b","process_id":4048,"time_msec":3628626}
[m7_client] {"details":{"async_rejections":0,"async_results":0,"buffered_results":0,"item_updates":1,"joined":false,"last_error_code":"","messages_received":47099,"messages_sent":65578,"pending_blocking":0,"snapshot_updates":47052},"event":"CLIENT_HEALTH","player":"b","process_id":4048,"time_msec":3630626}
[m7_client] {"details":{"async_rejections":0,"async_results":0,"buffered_results":0,"item_updates":1,"joined":false,"last_error_code":"","messages_received":47099,"messages_sent":65578,"pending_blocking":0,"snapshot_updates":47052},"event":"CLIENT_HEALTH","player":"b","process_id":4048,"time_msec":3632626}
[m7_client] {"details":{"async_rejections":0,"async_results":0,"buffered_results":0,"item_updates":1,"joined":false,"last_error_code":"","messages_received":47099,"messages_sent":65578,"pending_blocking":0,"snapshot_updates":47052},"event":"CLIENT_HEALTH","player":"b","process_id":4048,"time_msec":3634626}
[m7_client] {"details":{"async_rejections":0,"async_results":0,"buffered_results":0,"item_updates":1,"joined":false,"last_error_code":"","messages_received":47099,"messages_sent":65578,"pending_blocking":0,"snapshot_updates":47052},"event":"CLIENT_HEALTH","player":"b","process_id":4048,"time_msec":3636631}
[m7_client] {"details":{"async_rejections":0,"async_results":0,"buffered_results":0,"item_updates":1,"joined":false,"last_error_code":"","messages_received":47099,"messages_sent":65578,"pending_blocking":0,"snapshot_updates":47052},"event":"CLIENT_HEALTH","player":"b","process_id":4048,"time_msec":3638631}
[m7_client] {"details":{"async_rejections":0,"async_results":0,"buffered_results":0,"item_updates":1,"joined":false,"last_error_code":"","messages_received":47099,"messages_sent":65578,"pending_blocking":0,"snapshot_updates":47052},"event":"CLIENT_HEALTH","player":"b","process_id":4048,"time_msec":3640631}
[m7_client] {"details":{"async_rejections":0,"async_results":0,"buffered_results":0,"item_updates":1,"joined":false,"last_error_code":"","messages_received":47099,"messages_sent":65578,"pending_blocking":0,"snapshot_updates":47052},"event":"CLIENT_HEALTH","player":"b","process_id":4048,"time_msec":3642631}
[m7_client] {"details":{"async_rejections":0,"async_results":0,"buffered_results":0,"item_updates":1,"joined":false,"last_error_code":"","messages_received":47099,"messages_sent":65578,"pending_blocking":0,"snapshot_updates":47052},"event":"CLIENT_HEALTH","player":"b","process_id":4048,"time_msec":3644631}
[m7_client] {"details":{"async_rejections":0,"async_results":0,"buffered_results":0,"item_updates":1,"joined":false,"last_error_code":"","messages_received":47099,"messages_sent":65578,"pending_blocking":0,"snapshot_updates":47052},"event":"CLIENT_HEALTH","player":"b","process_id":4048,"time_msec":3646637}
[m7_client] {"details":{"async_rejections":0,"async_results":0,"buffered_results":0,"item_updates":1,"joined":false,"last_error_code":"","messages_received":47099,"messages_sent":65578,"pending_blocking":0,"snapshot_updates":47052},"event":"CLIENT_HEALTH","player":"b","process_id":4048,"time_msec":3648643}
[m7_client] {"details":{"async_rejections":0,"async_results":0,"buffered_results":0,"item_updates":1,"joined":false,"last_error_code":"","messages_received":47099,"messages_sent":65578,"pending_blocking":0,"snapshot_updates":47052},"event":"CLIENT_HEALTH","player":"b","process_id":4048,"time_msec":3650648}
[m7_client] {"details":{"async_rejections":0,"async_results":0,"buffered_results":0,"item_updates":1,"joined":false,"last_error_code":"","messages_received":47099,"messages_sent":65578,"pending_blocking":0,"snapshot_updates":47052},"event":"CLIENT_HEALTH","player":"b","process_id":4048,"time_msec":3652648}
[m7_client] {"details":{"async_rejections":0,"async_results":0,"buffered_results":0,"item_updates":1,"joined":false,"last_error_code":"","messages_received":47099,"messages_sent":65578,"pending_blocking":0,"snapshot_updates":47052},"event":"CLIENT_HEALTH","player":"b","process_id":4048,"time_msec":3654648}
[m7_client] {"details":{"async_rejections":0,"async_results":0,"buffered_results":0,"item_updates":1,"joined":false,"last_error_code":"","messages_received":47099,"messages_sent":65578,"pending_blocking":0,"snapshot_updates":47052},"event":"CLIENT_HEALTH","player":"b","process_id":4048,"time_msec":3656648}
[m7_client] {"details":{"async_rejections":0,"async_results":0,"buffered_results":0,"item_updates":1,"joined":false,"last_error_code":"","messages_received":47099,"messages_sent":65578,"pending_blocking":0,"snapshot_updates":47052},"event":"CLIENT_HEALTH","player":"b","process_id":4048,"time_msec":3658648}
[m7_client] {"details":{"async_rejections":0,"async_results":0,"buffered_results":0,"item_updates":1,"joined":false,"last_error_code":"","messages_received":47099,"messages_sent":65578,"pending_blocking":0,"snapshot_updates":47052},"event":"CLIENT_HEALTH","player":"b","process_id":4048,"time_msec":3660648}
[m7_client] {"details":{"async_rejections":0,"async_results":0,"buffered_results":0,"item_updates":1,"joined":false,"last_error_code":"","messages_received":47099,"messages_sent":65578,"pending_blocking":0,"snapshot_updates":47052},"event":"CLIENT_HEALTH","player":"b","process_id":4048,"time_msec":3662648}
[m7_client] {"details":{"async_rejections":0,"async_results":0,"buffered_results":0,"item_updates":1,"joined":false,"last_error_code":"","messages_received":47099,"messages_sent":65578,"pending_blocking":0,"snapshot_updates":47052},"event":"CLIENT_HEALTH","player":"b","process_id":4048,"time_msec":3664653}
[m7_client] {"details":{"async_rejections":0,"async_results":0,"buffered_results":0,"item_updates":1,"joined":false,"last_error_code":"","messages_received":47099,"messages_sent":65578,"pending_blocking":0,"snapshot_updates":47052},"event":"CLIENT_HEALTH","player":"b","process_id":4048,"time_msec":3666653}
[m7_client] {"details":{"async_rejections":0,"async_results":0,"buffered_results":0,"item_updates":1,"joined":false,"last_error_code":"","messages_received":47099,"messages_sent":65578,"pending_blocking":0,"snapshot_updates":47052},"event":"CLIENT_HEALTH","player":"b","process_id":4048,"time_msec":3668653}
[m7_client] {"details":{"async_rejections":0,"async_results":0,"buffered_results":0,"item_updates":1,"joined":false,"last_error_code":"","messages_received":47099,"messages_sent":65578,"pending_blocking":0,"snapshot_updates":47052},"event":"CLIENT_HEALTH","player":"b","process_id":4048,"time_msec":3670653}
[m7_client] {"details":{"async_rejections":0,"async_results":0,"buffered_results":0,"item_updates":1,"joined":false,"last_error_code":"","messages_received":47099,"messages_sent":65578,"pending_blocking":0,"snapshot_updates":47052},"event":"CLIENT_HEALTH","player":"b","process_id":4048,"time_msec":3672653}
[m7_client] {"details":{"async_rejections":0,"async_results":0,"buffered_results":0,"item_updates":1,"joined":false,"last_error_code":"","messages_received":47099,"messages_sent":65578,"pending_blocking":0,"snapshot_updates":47052},"event":"CLIENT_HEALTH","player":"b","process_id":4048,"time_msec":3674653}
[m7_client] {"details":{"async_rejections":0,"async_results":0,"buffered_results":0,"item_updates":1,"joined":false,"last_error_code":"","messages_received":47099,"messages_sent":65578,"pending_blocking":0,"snapshot_updates":47052},"event":"CLIENT_HEALTH","player":"b","process_id":4048,"time_msec":3676659}
[m7_client] {"details":{"async_rejections":0,"async_results":0,"buffered_results":0,"item_updates":1,"joined":false,"last_error_code":"","messages_received":47099,"messages_sent":65578,"pending_blocking":0,"snapshot_updates":47052},"event":"CLIENT_HEALTH","player":"b","process_id":4048,"time_msec":3678664}
[m7_client] {"details":{"async_rejections":0,"async_results":0,"buffered_results":0,"item_updates":1,"joined":false,"last_error_code":"","messages_received":47099,"messages_sent":65578,"pending_blocking":0,"snapshot_updates":47052},"event":"CLIENT_HEALTH","player":"b","process_id":4048,"time_msec":3680664}
[m7_client] {"details":{"async_rejections":0,"async_results":0,"buffered_results":0,"item_updates":1,"joined":false,"last_error_code":"","messages_received":47099,"messages_sent":65578,"pending_blocking":0,"snapshot_updates":47052},"event":"CLIENT_HEALTH","player":"b","process_id":4048,"time_msec":3682664}
[m7_client] {"details":{"async_rejections":0,"async_results":0,"buffered_results":0,"item_updates":1,"joined":false,"last_error_code":"","messages_received":47099,"messages_sent":65578,"pending_blocking":0,"snapshot_updates":47052},"event":"CLIENT_HEALTH","player":"b","process_id":4048,"time_msec":3684664}
[m7_client] {"details":{"async_rejections":0,"async_results":0,"buffered_results":0,"item_updates":1,"joined":false,"last_error_code":"","messages_received":47099,"messages_sent":65578,"pending_blocking":0,"snapshot_updates":47052},"event":"CLIENT_HEALTH","player":"b","process_id":4048,"time_msec":3686664}
[m7_client] {"details":{"async_rejections":0,"async_results":0,"buffered_results":0,"item_updates":1,"joined":false,"last_error_code":"","messages_received":47099,"messages_sent":65578,"pending_blocking":0,"snapshot_updates":47052},"event":"CLIENT_HEALTH","player":"b","process_id":4048,"time_msec":3688664}
[m7_client] {"details":{"async_rejections":0,"async_results":0,"buffered_results":0,"item_updates":1,"joined":false,"last_error_code":"","messages_received":47099,"messages_sent":65578,"pending_blocking":0,"snapshot_updates":47052},"event":"CLIENT_HEALTH","player":"b","process_id":4048,"time_msec":3690664}
[m7_client] {"details":{"async_rejections":0,"async_results":0,"buffered_results":0,"item_updates":1,"joined":false,"last_error_code":"","messages_received":47099,"messages_sent":65578,"pending_blocking":0,"snapshot_updates":47052},"event":"CLIENT_HEALTH","player":"b","process_id":4048,"time_msec":3692670}
[m7_client] {"details":{"async_rejections":0,"async_results":0,"buffered_results":0,"item_updates":1,"joined":false,"last_error_code":"","messages_received":47099,"messages_sent":65578,"pending_blocking":0,"snapshot_updates":47052},"event":"CLIENT_HEALTH","player":"b","process_id":4048,"time_msec":3694675}
[m7_client] {"details":{"async_rejections":0,"async_results":0,"buffered_results":0,"item_updates":1,"joined":false,"last_error_code":"","messages_received":47099,"messages_sent":65578,"pending_blocking":0,"snapshot_updates":47052},"event":"CLIENT_HEALTH","player":"b","process_id":4048,"time_msec":3696675}
[m7_client] {"details":{"async_rejections":0,"async_results":0,"buffered_results":0,"item_updates":1,"joined":false,"last_error_code":"","messages_received":47099,"messages_sent":65578,"pending_blocking":0,"snapshot_updates":47052},"event":"CLIENT_HEALTH","player":"b","process_id":4048,"time_msec":3698675}
[m7_client] {"details":{"async_rejections":0,"async_results":0,"buffered_results":0,"item_updates":1,"joined":false,"last_error_code":"","messages_received":47099,"messages_sent":65578,"pending_blocking":0,"snapshot_updates":47052},"event":"CLIENT_HEALTH","player":"b","process_id":4048,"time_msec":3700675}
[m7_client] {"details":{"async_rejections":0,"async_results":0,"buffered_results":0,"item_updates":1,"joined":false,"last_error_code":"","messages_received":47099,"messages_sent":65578,"pending_blocking":0,"snapshot_updates":47052},"event":"CLIENT_HEALTH","player":"b","process_id":4048,"time_msec":3702675}
[m7_client] {"details":{"async_rejections":0,"async_results":0,"buffered_results":0,"item_updates":1,"joined":false,"last_error_code":"","messages_received":47099,"messages_sent":65578,"pending_blocking":0,"snapshot_updates":47052},"event":"CLIENT_HEALTH","player":"b","process_id":4048,"time_msec":3704675}
[m7_client] {"details":{"async_rejections":0,"async_results":0,"buffered_results":0,"item_updates":1,"joined":false,"last_error_code":"","messages_received":47099,"messages_sent":65578,"pending_blocking":0,"snapshot_updates":47052},"event":"CLIENT_HEALTH","player":"b","process_id":4048,"time_msec":3706681}
[m7_client] {"details":{"async_rejections":0,"async_results":0,"buffered_results":0,"item_updates":1,"joined":false,"last_error_code":"","messages_received":47099,"messages_sent":65578,"pending_blocking":0,"snapshot_updates":47052},"event":"CLIENT_HEALTH","player":"b","process_id":4048,"time_msec":3708687}
[m7_client] {"details":{"async_rejections":0,"async_results":0,"buffered_results":0,"item_updates":1,"joined":false,"last_error_code":"","messages_received":47099,"messages_sent":65578,"pending_blocking":0,"snapshot_updates":47052},"event":"CLIENT_HEALTH","player":"b","process_id":4048,"time_msec":3710692}
[m7_client] {"details":{"async_rejections":0,"async_results":0,"buffered_results":0,"item_updates":1,"joined":false,"last_error_code":"","messages_received":47099,"messages_sent":65578,"pending_blocking":0,"snapshot_updates":47052},"event":"CLIENT_HEALTH","player":"b","process_id":4048,"time_msec":3712692}
[m7_client] {"details":{"async_rejections":0,"async_results":0,"buffered_results":0,"item_updates":1,"joined":false,"last_error_code":"","messages_received":47099,"messages_sent":65578,"pending_blocking":0,"snapshot_updates":47052},"event":"CLIENT_HEALTH","player":"b","process_id":4048,"time_msec":3714692}
[m7_client] {"details":{"async_rejections":0,"async_results":0,"buffered_results":0,"item_updates":1,"joined":false,"last_error_code":"","messages_received":47099,"messages_sent":65578,"pending_blocking":0,"snapshot_updates":47052},"event":"CLIENT_HEALTH","player":"b","process_id":4048,"time_msec":3716692}
[m7_client] {"details":{"async_rejections":0,"async_results":0,"buffered_results":0,"item_updates":1,"joined":false,"last_error_code":"","messages_received":47099,"messages_sent":65578,"pending_blocking":0,"snapshot_updates":47052},"event":"CLIENT_HEALTH","player":"b","process_id":4048,"time_msec":3718692}
[m7_client] {"details":{"async_rejections":0,"async_results":0,"buffered_results":0,"item_updates":1,"joined":false,"last_error_code":"","messages_received":47099,"messages_sent":65578,"pending_blocking":0,"snapshot_updates":47052},"event":"CLIENT_HEALTH","player":"b","process_id":4048,"time_msec":3720692}
[m7_client] {"details":{"async_rejections":0,"async_results":0,"buffered_results":0,"item_updates":1,"joined":false,"last_error_code":"","messages_received":47099,"messages_sent":65578,"pending_blocking":0,"snapshot_updates":47052},"event":"CLIENT_HEALTH","player":"b","process_id":4048,"time_msec":3722692}
[m7_client] {"details":{"async_rejections":0,"async_results":0,"buffered_results":0,"item_updates":1,"joined":false,"last_error_code":"","messages_received":47099,"messages_sent":65578,"pending_blocking":0,"snapshot_updates":47052},"event":"CLIENT_HEALTH","player":"b","process_id":4048,"time_msec":3724697}
[m7_client] {"details":{"async_rejections":0,"async_results":0,"buffered_results":0,"item_updates":1,"joined":false,"last_error_code":"","messages_received":47099,"messages_sent":65578,"pending_blocking":0,"snapshot_updates":47052},"event":"CLIENT_HEALTH","player":"b","process_id":4048,"time_msec":3726698}
[m7_client] {"details":{"async_rejections":0,"async_results":0,"buffered_results":0,"item_updates":1,"joined":false,"last_error_code":"","messages_received":47099,"messages_sent":65578,"pending_blocking":0,"snapshot_updates":47052},"event":"CLIENT_HEALTH","player":"b","process_id":4048,"time_msec":3728703}
[m7_client] {"details":{"async_rejections":0,"async_results":0,"buffered_results":0,"item_updates":1,"joined":false,"last_error_code":"","messages_received":47099,"messages_sent":65578,"pending_blocking":0,"snapshot_updates":47052},"event":"CLIENT_HEALTH","player":"b","process_id":4048,"time_msec":3730703}
[m7_client] {"details":{"async_rejections":0,"async_results":0,"buffered_results":0,"item_updates":1,"joined":false,"last_error_code":"","messages_received":47099,"messages_sent":65578,"pending_blocking":0,"snapshot_updates":47052},"event":"CLIENT_HEALTH","player":"b","process_id":4048,"time_msec":3732703}
[m7_client] {"details":{"async_rejections":0,"async_results":0,"buffered_results":0,"item_updates":1,"joined":false,"last_error_code":"","messages_received":47099,"messages_sent":65578,"pending_blocking":0,"snapshot_updates":47052},"event":"CLIENT_HEALTH","player":"b","process_id":4048,"time_msec":3734703}
[m7_client] {"details":{"async_rejections":0,"async_results":0,"buffered_results":0,"item_updates":1,"joined":false,"last_error_code":"","messages_received":47099,"messages_sent":65578,"pending_blocking":0,"snapshot_updates":47052},"event":"CLIENT_HEALTH","player":"b","process_id":4048,"time_msec":3736703}
[m7_client] {"details":{"async_rejections":0,"async_results":0,"buffered_results":0,"item_updates":1,"joined":false,"last_error_code":"","messages_received":47099,"messages_sent":65578,"pending_blocking":0,"snapshot_updates":47052},"event":"CLIENT_HEALTH","player":"b","process_id":4048,"time_msec":3738709}
[m7_client] {"details":{"async_rejections":0,"async_results":0,"buffered_results":0,"item_updates":1,"joined":false,"last_error_code":"","messages_received":47099,"messages_sent":65578,"pending_blocking":0,"snapshot_updates":47052},"event":"CLIENT_HEALTH","player":"b","process_id":4048,"time_msec":3740715}
[m7_client] {"details":{"async_rejections":0,"async_results":0,"buffered_results":0,"item_updates":1,"joined":false,"last_error_code":"","messages_received":47099,"messages_sent":65578,"pending_blocking":0,"snapshot_updates":47052},"event":"CLIENT_HEALTH","player":"b","process_id":4048,"time_msec":3742720}
[m7_client] {"details":{"async_rejections":0,"async_results":0,"buffered_results":0,"item_updates":1,"joined":false,"last_error_code":"","messages_received":47099,"messages_sent":65578,"pending_blocking":0,"snapshot_updates":47052},"event":"CLIENT_HEALTH","player":"b","process_id":4048,"time_msec":3744720}
[m7_client] {"details":{"async_rejections":0,"async_results":0,"buffered_results":0,"item_updates":1,"joined":false,"last_error_code":"","messages_received":47099,"messages_sent":65578,"pending_blocking":0,"snapshot_updates":47052},"event":"CLIENT_HEALTH","player":"b","process_id":4048,"time_msec":3746720}
[m7_client] {"details":{"async_rejections":0,"async_results":0,"buffered_results":0,"item_updates":1,"joined":false,"last_error_code":"","messages_received":47099,"messages_sent":65578,"pending_blocking":0,"snapshot_updates":47052},"event":"CLIENT_HEALTH","player":"b","process_id":4048,"time_msec":3748728}
[m7_client] {"details":{"async_rejections":0,"async_results":0,"buffered_results":0,"item_updates":1,"joined":false,"last_error_code":"","messages_received":47099,"messages_sent":65578,"pending_blocking":0,"snapshot_updates":47052},"event":"CLIENT_HEALTH","player":"b","process_id":4048,"time_msec":3750728}
[m7_client] {"details":{"async_rejections":0,"async_results":0,"buffered_results":0,"item_updates":1,"joined":false,"last_error_code":"","messages_received":47099,"messages_sent":65578,"pending_blocking":0,"snapshot_updates":47052},"event":"CLIENT_HEALTH","player":"b","process_id":4048,"time_msec":3752732}
[m7_client] {"details":{"async_rejections":0,"async_results":0,"buffered_results":0,"item_updates":1,"joined":false,"last_error_code":"","messages_received":47099,"messages_sent":65578,"pending_blocking":0,"snapshot_updates":47052},"event":"CLIENT_HEALTH","player":"b","process_id":4048,"time_msec":3754737}
[m7_client] {"details":{"async_rejections":0,"async_results":0,"buffered_results":0,"item_updates":1,"joined":false,"last_error_code":"","messages_received":47099,"messages_sent":65578,"pending_blocking":0,"snapshot_updates":47052},"event":"CLIENT_HEALTH","player":"b","process_id":4048,"time_msec":3756737}
[m7_client] {"details":{"async_rejections":0,"async_results":0,"buffered_results":0,"item_updates":1,"joined":false,"last_error_code":"","messages_received":47099,"messages_sent":65578,"pending_blocking":0,"snapshot_updates":47052},"event":"CLIENT_HEALTH","player":"b","process_id":4048,"time_msec":3758737}
[m7_client] {"details":{"async_rejections":0,"async_results":0,"buffered_results":0,"item_updates":1,"joined":false,"last_error_code":"","messages_received":47099,"messages_sent":65578,"pending_blocking":0,"snapshot_updates":47052},"event":"CLIENT_HEALTH","player":"b","process_id":4048,"time_msec":3760737}
[m7_client] {"details":{"async_rejections":0,"async_results":0,"buffered_results":0,"item_updates":1,"joined":false,"last_error_code":"","messages_received":47099,"messages_sent":65578,"pending_blocking":0,"snapshot_updates":47052},"event":"CLIENT_HEALTH","player":"b","process_id":4048,"time_msec":3762737}
[m7_client] {"details":{"async_rejections":0,"async_results":0,"buffered_results":0,"item_updates":1,"joined":false,"last_error_code":"","messages_received":47099,"messages_sent":65578,"pending_blocking":0,"snapshot_updates":47052},"event":"CLIENT_HEALTH","player":"b","process_id":4048,"time_msec":3764737}
[m7_client] {"details":{"async_rejections":0,"async_results":0,"buffered_results":0,"item_updates":1,"joined":false,"last_error_code":"","messages_received":47099,"messages_sent":65578,"pending_blocking":0,"snapshot_updates":47052},"event":"CLIENT_HEALTH","player":"b","process_id":4048,"time_msec":3766737}
[m7_client] {"details":{"async_rejections":0,"async_results":0,"buffered_results":0,"item_updates":1,"joined":false,"last_error_code":"","messages_received":47099,"messages_sent":65578,"pending_blocking":0,"snapshot_updates":47052},"event":"CLIENT_HEALTH","player":"b","process_id":4048,"time_msec":3768737}
[m7_client] {"details":{"async_rejections":0,"async_results":0,"buffered_results":0,"item_updates":1,"joined":false,"last_error_code":"","messages_received":47099,"messages_sent":65578,"pending_blocking":0,"snapshot_updates":47052},"event":"CLIENT_HEALTH","player":"b","process_id":4048,"time_msec":3770743}
[m7_client] {"details":{"async_rejections":0,"async_results":0,"buffered_results":0,"item_updates":1,"joined":false,"last_error_code":"","messages_received":47099,"messages_sent":65578,"pending_blocking":0,"snapshot_updates":47052},"event":"CLIENT_HEALTH","player":"b","process_id":4048,"time_msec":3772749}
[m7_client] {"details":{"async_rejections":0,"async_results":0,"buffered_results":0,"item_updates":1,"joined":false,"last_error_code":"","messages_received":47099,"messages_sent":65578,"pending_blocking":0,"snapshot_updates":47052},"event":"CLIENT_HEALTH","player":"b","process_id":4048,"time_msec":3774754}
[m7_client] {"details":{"async_rejections":0,"async_results":0,"buffered_results":0,"item_updates":1,"joined":false,"last_error_code":"","messages_received":47099,"messages_sent":65578,"pending_blocking":0,"snapshot_updates":47052},"event":"CLIENT_HEALTH","player":"b","process_id":4048,"time_msec":3776754}
[m7_client] {"details":{"async_rejections":0,"async_results":0,"buffered_results":0,"item_updates":1,"joined":false,"last_error_code":"","messages_received":47099,"messages_sent":65578,"pending_blocking":0,"snapshot_updates":47052},"event":"CLIENT_HEALTH","player":"b","process_id":4048,"time_msec":3778754}
[m7_client] {"details":{"async_rejections":0,"async_results":0,"buffered_results":0,"item_updates":1,"joined":false,"last_error_code":"","messages_received":47099,"messages_sent":65578,"pending_blocking":0,"snapshot_updates":47052},"event":"CLIENT_HEALTH","player":"b","process_id":4048,"time_msec":3780754}
[m7_client] {"details":{"async_rejections":0,"async_results":0,"buffered_results":0,"item_updates":1,"joined":false,"last_error_code":"","messages_received":47099,"messages_sent":65578,"pending_blocking":0,"snapshot_updates":47052},"event":"CLIENT_HEALTH","player":"b","process_id":4048,"time_msec":3782754}
[m7_client] {"details":{"async_rejections":0,"async_results":0,"buffered_results":0,"item_updates":1,"joined":false,"last_error_code":"","messages_received":47099,"messages_sent":65578,"pending_blocking":0,"snapshot_updates":47052},"event":"CLIENT_HEALTH","player":"b","process_id":4048,"time_msec":3784754}
[m7_client] {"details":{"async_rejections":0,"async_results":0,"buffered_results":0,"item_updates":1,"joined":false,"last_error_code":"","messages_received":47099,"messages_sent":65578,"pending_blocking":0,"snapshot_updates":47052},"event":"CLIENT_HEALTH","player":"b","process_id":4048,"time_msec":3786759}
[m7_client] {"details":{"async_rejections":0,"async_results":0,"buffered_results":0,"item_updates":1,"joined":false,"last_error_code":"","messages_received":47099,"messages_sent":65578,"pending_blocking":0,"snapshot_updates":47052},"event":"CLIENT_HEALTH","player":"b","process_id":4048,"time_msec":3788759}
[m7_client] {"details":{"async_rejections":0,"async_results":0,"buffered_results":0,"item_updates":1,"joined":false,"last_error_code":"","messages_received":47099,"messages_sent":65578,"pending_blocking":0,"snapshot_updates":47052},"event":"CLIENT_HEALTH","player":"b","process_id":4048,"time_msec":3790759}
[m7_client] {"details":{"async_rejections":0,"async_results":0,"buffered_results":0,"item_updates":1,"joined":false,"last_error_code":"","messages_received":47099,"messages_sent":65578,"pending_blocking":0,"snapshot_updates":47052},"event":"CLIENT_HEALTH","player":"b","process_id":4048,"time_msec":3792759}
[m7_client] {"details":{"async_rejections":0,"async_results":0,"buffered_results":0,"item_updates":1,"joined":false,"last_error_code":"","messages_received":47099,"messages_sent":65578,"pending_blocking":0,"snapshot_updates":47052},"event":"CLIENT_HEALTH","player":"b","process_id":4048,"time_msec":3794759}
[m7_client] {"details":{"async_rejections":0,"async_results":0,"buffered_results":0,"item_updates":1,"joined":false,"last_error_code":"","messages_received":47099,"messages_sent":65578,"pending_blocking":0,"snapshot_updates":47052},"event":"CLIENT_HEALTH","player":"b","process_id":4048,"time_msec":3796759}
[m7_client] {"details":{"async_rejections":0,"async_results":0,"buffered_results":0,"item_updates":1,"joined":false,"last_error_code":"","messages_received":47099,"messages_sent":65578,"pending_blocking":0,"snapshot_updates":47052},"event":"CLIENT_HEALTH","player":"b","process_id":4048,"time_msec":3798759}
[m7_client] {"details":{"async_rejections":0,"async_results":0,"buffered_results":0,"item_updates":1,"joined":false,"last_error_code":"","messages_received":47099,"messages_sent":65578,"pending_blocking":0,"snapshot_updates":47052},"event":"CLIENT_HEALTH","player":"b","process_id":4048,"time_msec":3800759}
[m7_client] {"details":{"async_rejections":0,"async_results":0,"buffered_results":0,"item_updates":1,"joined":false,"last_error_code":"","messages_received":47099,"messages_sent":65578,"pending_blocking":0,"snapshot_updates":47052},"event":"CLIENT_HEALTH","player":"b","process_id":4048,"time_msec":3802764}
[m7_client] {"details":{"async_rejections":0,"async_results":0,"buffered_results":0,"item_updates":1,"joined":false,"last_error_code":"","messages_received":47099,"messages_sent":65578,"pending_blocking":0,"snapshot_updates":47052},"event":"CLIENT_HEALTH","player":"b","process_id":4048,"time_msec":3804764}
[m7_client] {"details":{"async_rejections":0,"async_results":0,"buffered_results":0,"item_updates":1,"joined":false,"last_error_code":"","messages_received":47099,"messages_sent":65578,"pending_blocking":0,"snapshot_updates":47052},"event":"CLIENT_HEALTH","player":"b","process_id":4048,"time_msec":3806764}
[m7_client] {"details":{"async_rejections":0,"async_results":0,"buffered_results":0,"item_updates":1,"joined":false,"last_error_code":"","messages_received":47099,"messages_sent":65578,"pending_blocking":0,"snapshot_updates":47052},"event":"CLIENT_HEALTH","player":"b","process_id":4048,"time_msec":3808764}
[m7_client] {"details":{"async_rejections":0,"async_results":0,"buffered_results":0,"item_updates":1,"joined":false,"last_error_code":"","messages_received":47099,"messages_sent":65578,"pending_blocking":0,"snapshot_updates":47052},"event":"CLIENT_HEALTH","player":"b","process_id":4048,"time_msec":3810764}
[m7_client] {"details":{"async_rejections":0,"async_results":0,"buffered_results":0,"item_updates":1,"joined":false,"last_error_code":"","messages_received":47099,"messages_sent":65578,"pending_blocking":0,"snapshot_updates":47052},"event":"CLIENT_HEALTH","player":"b","process_id":4048,"time_msec":3812764}
[m7_client] {"details":{"async_rejections":0,"async_results":0,"buffered_results":0,"item_updates":1,"joined":false,"last_error_code":"","messages_received":47099,"messages_sent":65578,"pending_blocking":0,"snapshot_updates":47052},"event":"CLIENT_HEALTH","player":"b","process_id":4048,"time_msec":3814764}
[m7_client] {"details":{"async_rejections":0,"async_results":0,"buffered_results":0,"item_updates":1,"joined":false,"last_error_code":"","messages_received":47099,"messages_sent":65578,"pending_blocking":0,"snapshot_updates":47052},"event":"CLIENT_HEALTH","player":"b","process_id":4048,"time_msec":3816769}
[m7_client] {"details":{"async_rejections":0,"async_results":0,"buffered_results":0,"item_updates":1,"joined":false,"last_error_code":"","messages_received":47099,"messages_sent":65578,"pending_blocking":0,"snapshot_updates":47052},"event":"CLIENT_HEALTH","player":"b","process_id":4048,"time_msec":3818769}
[m7_client] {"details":{"async_rejections":0,"async_results":0,"buffered_results":0,"item_updates":1,"joined":false,"last_error_code":"","messages_received":47099,"messages_sent":65578,"pending_blocking":0,"snapshot_updates":47052},"event":"CLIENT_HEALTH","player":"b","process_id":4048,"time_msec":3820769}
[m7_client] {"details":{"async_rejections":0,"async_results":0,"buffered_results":0,"item_updates":1,"joined":false,"last_error_code":"","messages_received":47099,"messages_sent":65578,"pending_blocking":0,"snapshot_updates":47052},"event":"CLIENT_HEALTH","player":"b","process_id":4048,"time_msec":3822769}
[m7_client] {"details":{"async_rejections":0,"async_results":0,"buffered_results":0,"item_updates":1,"joined":false,"last_error_code":"","messages_received":47099,"messages_sent":65578,"pending_blocking":0,"snapshot_updates":47052},"event":"CLIENT_HEALTH","player":"b","process_id":4048,"time_msec":3824769}
[m7_client] {"details":{"async_rejections":0,"async_results":0,"buffered_results":0,"item_updates":1,"joined":false,"last_error_code":"","messages_received":47099,"messages_sent":65578,"pending_blocking":0,"snapshot_updates":47052},"event":"CLIENT_HEALTH","player":"b","process_id":4048,"time_msec":3826769}
[m7_client] {"details":{"async_rejections":0,"async_results":0,"buffered_results":0,"item_updates":1,"joined":false,"last_error_code":"","messages_received":47099,"messages_sent":65578,"pending_blocking":0,"snapshot_updates":47052},"event":"CLIENT_HEALTH","player":"b","process_id":4048,"time_msec":3828769}
[m7_client] {"details":{"async_rejections":0,"async_results":0,"buffered_results":0,"item_updates":1,"joined":false,"last_error_code":"","messages_received":47099,"messages_sent":65578,"pending_blocking":0,"snapshot_updates":47052},"event":"CLIENT_HEALTH","player":"b","process_id":4048,"time_msec":3830774}
[m7_client] {"details":{"async_rejections":0,"async_results":0,"buffered_results":0,"item_updates":1,"joined":false,"last_error_code":"","messages_received":47099,"messages_sent":65578,"pending_blocking":0,"snapshot_updates":47052},"event":"CLIENT_HEALTH","player":"b","process_id":4048,"time_msec":3832774}
[m7_client] {"details":{"async_rejections":0,"async_results":0,"buffered_results":0,"item_updates":1,"joined":false,"last_error_code":"","messages_received":47099,"messages_sent":65578,"pending_blocking":0,"snapshot_updates":47052},"event":"CLIENT_HEALTH","player":"b","process_id":4048,"time_msec":3834774}
[m7_client] {"details":{"async_rejections":0,"async_results":0,"buffered_results":0,"item_updates":1,"joined":false,"last_error_code":"","messages_received":47099,"messages_sent":65578,"pending_blocking":0,"snapshot_updates":47052},"event":"CLIENT_HEALTH","player":"b","process_id":4048,"time_msec":3836774}
[m7_client] {"details":{"async_rejections":0,"async_results":0,"buffered_results":0,"item_updates":1,"joined":false,"last_error_code":"","messages_received":47099,"messages_sent":65578,"pending_blocking":0,"snapshot_updates":47052},"event":"CLIENT_HEALTH","player":"b","process_id":4048,"time_msec":3838780}
[m7_client] {"details":{"async_rejections":0,"async_results":0,"buffered_results":0,"item_updates":1,"joined":false,"last_error_code":"","messages_received":47099,"messages_sent":65578,"pending_blocking":0,"snapshot_updates":47052},"event":"CLIENT_HEALTH","player":"b","process_id":4048,"time_msec":3840780}
[m7_client] {"details":{"async_rejections":0,"async_results":0,"buffered_results":0,"item_updates":1,"joined":false,"last_error_code":"","messages_received":47099,"messages_sent":65578,"pending_blocking":0,"snapshot_updates":47052},"event":"CLIENT_HEALTH","player":"b","process_id":4048,"time_msec":3842780}
[m7_client] {"details":{"async_rejections":0,"async_results":0,"buffered_results":0,"item_updates":1,"joined":false,"last_error_code":"","messages_received":47099,"messages_sent":65578,"pending_blocking":0,"snapshot_updates":47052},"event":"CLIENT_HEALTH","player":"b","process_id":4048,"time_msec":3844785}
[m7_client] {"details":{"async_rejections":0,"async_results":0,"buffered_results":0,"item_updates":1,"joined":false,"last_error_code":"","messages_received":47099,"messages_sent":65578,"pending_blocking":0,"snapshot_updates":47052},"event":"CLIENT_HEALTH","player":"b","process_id":4048,"time_msec":3846787}
[m7_client] {"details":{"async_rejections":0,"async_results":0,"buffered_results":0,"item_updates":1,"joined":false,"last_error_code":"","messages_received":47099,"messages_sent":65578,"pending_blocking":0,"snapshot_updates":47052},"event":"CLIENT_HEALTH","player":"b","process_id":4048,"time_msec":3848791}
[m7_client] {"details":{"async_rejections":0,"async_results":0,"buffered_results":0,"item_updates":1,"joined":false,"last_error_code":"","messages_received":47099,"messages_sent":65578,"pending_blocking":0,"snapshot_updates":47052},"event":"CLIENT_HEALTH","player":"b","process_id":4048,"time_msec":3850791}
[m7_client] {"details":{"async_rejections":0,"async_results":0,"buffered_results":0,"item_updates":1,"joined":false,"last_error_code":"","messages_received":47099,"messages_sent":65578,"pending_blocking":0,"snapshot_updates":47052},"event":"CLIENT_HEALTH","player":"b","process_id":4048,"time_msec":3852791}
[m7_client] {"details":{"async_rejections":0,"async_results":0,"buffered_results":0,"item_updates":1,"joined":false,"last_error_code":"","messages_received":47099,"messages_sent":65578,"pending_blocking":0,"snapshot_updates":47052},"event":"CLIENT_HEALTH","player":"b","process_id":4048,"time_msec":3854791}
[m7_client] {"details":{"async_rejections":0,"async_results":0,"buffered_results":0,"item_updates":1,"joined":false,"last_error_code":"","messages_received":47099,"messages_sent":65578,"pending_blocking":0,"snapshot_updates":47052},"event":"CLIENT_HEALTH","player":"b","process_id":4048,"time_msec":3856791}
[m7_client] {"details":{"async_rejections":0,"async_results":0,"buffered_results":0,"item_updates":1,"joined":false,"last_error_code":"","messages_received":47099,"messages_sent":65578,"pending_blocking":0,"snapshot_updates":47052},"event":"CLIENT_HEALTH","player":"b","process_id":4048,"time_msec":3858797}
{"category":"atmosphere","data":{"altitude_m":4000.0,"instances":214,"patch_radius_m":70000.0,"plugin_id":"earth_low_clouds"},"event":"cloud_layer_rebuilt","level":"INFO","schema":"lunar.log.v1","session_id":"1790689269-3619","ticks_msec":3859506,"timestamp_utc":"2026-09-29 14:45:25"}
[m7_client] {"details":{"async_rejections":0,"async_results":0,"buffered_results":0,"item_updates":1,"joined":false,"last_error_code":"","messages_received":47099,"messages_sent":65578,"pending_blocking":0,"snapshot_updates":47052},"event":"CLIENT_HEALTH","player":"b","process_id":4048,"time_msec":3860802}
[m7_client] {"details":{"async_rejections":0,"async_results":0,"buffered_results":0,"item_updates":1,"joined":false,"last_error_code":"","messages_received":47099,"messages_sent":65578,"pending_blocking":0,"snapshot_updates":47052},"event":"CLIENT_HEALTH","player":"b","process_id":4048,"time_msec":3862802}
[m7_client] {"details":{"async_rejections":0,"async_results":0,"buffered_results":0,"item_updates":1,"joined":false,"last_error_code":"","messages_received":47099,"messages_sent":65578,"pending_blocking":0,"snapshot_updates":47052},"event":"CLIENT_HEALTH","player":"b","process_id":4048,"time_msec":3864802}
[m7_client] {"details":{"async_rejections":0,"async_results":0,"buffered_results":0,"item_updates":1,"joined":false,"last_error_code":"","messages_received":47099,"messages_sent":65578,"pending_blocking":0,"snapshot_updates":47052},"event":"CLIENT_HEALTH","player":"b","process_id":4048,"time_msec":3866802}
[m7_client] {"details":{"async_rejections":0,"async_results":0,"buffered_results":0,"item_updates":1,"joined":false,"last_error_code":"","messages_received":47099,"messages_sent":65578,"pending_blocking":0,"snapshot_updates":47052},"event":"CLIENT_HEALTH","player":"b","process_id":4048,"time_msec":3868802}
[m7_client] {"details":{"async_rejections":0,"async_results":0,"buffered_results":0,"item_updates":1,"joined":false,"last_error_code":"","messages_received":47099,"messages_sent":65578,"pending_blocking":0,"snapshot_updates":47052},"event":"CLIENT_HEALTH","player":"b","process_id":4048,"time_msec":3870802}
[m7_client] {"details":{"async_rejections":0,"async_results":0,"buffered_results":0,"item_updates":1,"joined":false,"last_error_code":"","messages_received":47099,"messages_sent":65578,"pending_blocking":0,"snapshot_updates":47052},"event":"CLIENT_HEALTH","player":"b","process_id":4048,"time_msec":3872808}
[m7_client] {"details":{"async_rejections":0,"async_results":0,"buffered_results":0,"item_updates":1,"joined":false,"last_error_code":"","messages_received":47099,"messages_sent":65578,"pending_blocking":0,"snapshot_updates":47052},"event":"CLIENT_HEALTH","player":"b","process_id":4048,"time_msec":3874813}
[m7_client] {"details":{"async_rejections":0,"async_results":0,"buffered_results":0,"item_updates":1,"joined":false,"last_error_code":"","messages_received":47099,"messages_sent":65578,"pending_blocking":0,"snapshot_updates":47052},"event":"CLIENT_HEALTH","player":"b","process_id":4048,"time_msec":3876813}
[m7_client] {"details":{"async_rejections":0,"async_results":0,"buffered_results":0,"item_updates":1,"joined":false,"last_error_code":"","messages_received":47099,"messages_sent":65578,"pending_blocking":0,"snapshot_updates":47052},"event":"CLIENT_HEALTH","player":"b","process_id":4048,"time_msec":3878813}
[m7_client] {"details":{"async_rejections":0,"async_results":0,"buffered_results":0,"item_updates":1,"joined":false,"last_error_code":"","messages_received":47099,"messages_sent":65578,"pending_blocking":0,"snapshot_updates":47052},"event":"CLIENT_HEALTH","player":"b","process_id":4048,"time_msec":3880813}
[m7_client] {"details":{"async_rejections":0,"async_results":0,"buffered_results":0,"item_updates":1,"joined":false,"last_error_code":"","messages_received":47099,"messages_sent":65578,"pending_blocking":0,"snapshot_updates":47052},"event":"CLIENT_HEALTH","player":"b","process_id":4048,"time_msec":3882813}
[m7_client] {"details":{"async_rejections":0,"async_results":0,"buffered_results":0,"item_updates":1,"joined":false,"last_error_code":"","messages_received":47099,"messages_sent":65578,"pending_blocking":0,"snapshot_updates":47052},"event":"CLIENT_HEALTH","player":"b","process_id":4048,"time_msec":3884813}
[m7_client] {"details":{"async_rejections":0,"async_results":0,"buffered_results":0,"item_updates":1,"joined":false,"last_error_code":"","messages_received":47099,"messages_sent":65578,"pending_blocking":0,"snapshot_updates":47052},"event":"CLIENT_HEALTH","player":"b","process_id":4048,"time_msec":3886813}
[m7_client] {"details":{"async_rejections":0,"async_results":0,"buffered_results":0,"item_updates":1,"joined":false,"last_error_code":"","messages_received":47099,"messages_sent":65578,"pending_blocking":0,"snapshot_updates":47052},"event":"CLIENT_HEALTH","player":"b","process_id":4048,"time_msec":3888818}
[m7_client] {"details":{"async_rejections":0,"async_results":0,"buffered_results":0,"item_updates":1,"joined":false,"last_error_code":"","messages_received":47099,"messages_sent":65578,"pending_blocking":0,"snapshot_updates":47052},"event":"CLIENT_HEALTH","player":"b","process_id":4048,"time_msec":3890818}
[m7_client] {"details":{"async_rejections":0,"async_results":0,"buffered_results":0,"item_updates":1,"joined":false,"last_error_code":"","messages_received":47099,"messages_sent":65578,"pending_blocking":0,"snapshot_updates":47052},"event":"CLIENT_HEALTH","player":"b","process_id":4048,"time_msec":3892818}
[m7_client] {"details":{"async_rejections":0,"async_results":0,"buffered_results":0,"item_updates":1,"joined":false,"last_error_code":"","messages_received":47099,"messages_sent":65578,"pending_blocking":0,"snapshot_updates":47052},"event":"CLIENT_HEALTH","player":"b","process_id":4048,"time_msec":3894818}
[m7_client] {"details":{"async_rejections":0,"async_results":0,"buffered_results":0,"item_updates":1,"joined":false,"last_error_code":"","messages_received":47099,"messages_sent":65578,"pending_blocking":0,"snapshot_updates":47052},"event":"CLIENT_HEALTH","player":"b","process_id":4048,"time_msec":3896818}
[m7_client] {"details":{"async_rejections":0,"async_results":0,"buffered_results":0,"item_updates":1,"joined":false,"last_error_code":"","messages_received":47099,"messages_sent":65578,"pending_blocking":0,"snapshot_updates":47052},"event":"CLIENT_HEALTH","player":"b","process_id":4048,"time_msec":3898818}
[m7_client] {"details":{"async_rejections":0,"async_results":0,"buffered_results":0,"item_updates":1,"joined":false,"last_error_code":"","messages_received":47099,"messages_sent":65578,"pending_blocking":0,"snapshot_updates":47052},"event":"CLIENT_HEALTH","player":"b","process_id":4048,"time_msec":3900823}
[m7_client] {"details":{"async_rejections":0,"async_results":0,"buffered_results":0,"item_updates":1,"joined":false,"last_error_code":"","messages_received":47099,"messages_sent":65578,"pending_blocking":0,"snapshot_updates":47052},"event":"CLIENT_HEALTH","player":"b","process_id":4048,"time_msec":3902823}
[m7_client] {"details":{"async_rejections":0,"async_results":0,"buffered_results":0,"item_updates":1,"joined":false,"last_error_code":"","messages_received":47099,"messages_sent":65578,"pending_blocking":0,"snapshot_updates":47052},"event":"CLIENT_HEALTH","player":"b","process_id":4048,"time_msec":3904823}
[m7_client] {"details":{"async_rejections":0,"async_results":0,"buffered_results":0,"item_updates":1,"joined":false,"last_error_code":"","messages_received":47099,"messages_sent":65578,"pending_blocking":0,"snapshot_updates":47052},"event":"CLIENT_HEALTH","player":"b","process_id":4048,"time_msec":3906823}
[m7_client] {"details":{"async_rejections":0,"async_results":0,"buffered_results":0,"item_updates":1,"joined":false,"last_error_code":"","messages_received":47099,"messages_sent":65578,"pending_blocking":0,"snapshot_updates":47052},"event":"CLIENT_HEALTH","player":"b","process_id":4048,"time_msec":3908823}
[m7_client] {"details":{"async_rejections":0,"async_results":0,"buffered_results":0,"item_updates":1,"joined":false,"last_error_code":"","messages_received":47099,"messages_sent":65578,"pending_blocking":0,"snapshot_updates":47052},"event":"CLIENT_HEALTH","player":"b","process_id":4048,"time_msec":3910823}
[m7_client] {"details":{"async_rejections":0,"async_results":0,"buffered_results":0,"item_updates":1,"joined":false,"last_error_code":"","messages_received":47099,"messages_sent":65578,"pending_blocking":0,"snapshot_updates":47052},"event":"CLIENT_HEALTH","player":"b","process_id":4048,"time_msec":3912823}
[m7_client] {"details":{"async_rejections":0,"async_results":0,"buffered_results":0,"item_updates":1,"joined":false,"last_error_code":"","messages_received":47099,"messages_sent":65578,"pending_blocking":0,"snapshot_updates":47052},"event":"CLIENT_HEALTH","player":"b","process_id":4048,"time_msec":3914829}
[m7_client] {"details":{"async_rejections":0,"async_results":0,"buffered_results":0,"item_updates":1,"joined":false,"last_error_code":"","messages_received":47099,"messages_sent":65578,"pending_blocking":0,"snapshot_updates":47052},"event":"CLIENT_HEALTH","player":"b","process_id":4048,"time_msec":3916834}
[m7_client] {"details":{"async_rejections":0,"async_results":0,"buffered_results":0,"item_updates":1,"joined":false,"last_error_code":"","messages_received":47099,"messages_sent":65578,"pending_blocking":0,"snapshot_updates":47052},"event":"CLIENT_HEALTH","player":"b","process_id":4048,"time_msec":3918834}
[m7_client] {"details":{"async_rejections":0,"async_results":0,"buffered_results":0,"item_updates":1,"joined":false,"last_error_code":"","messages_received":47099,"messages_sent":65578,"pending_blocking":0,"snapshot_updates":47052},"event":"CLIENT_HEALTH","player":"b","process_id":4048,"time_msec":3920834}
[m7_client] {"details":{"async_rejections":0,"async_results":0,"buffered_results":0,"item_updates":1,"joined":false,"last_error_code":"","messages_received":47099,"messages_sent":65578,"pending_blocking":0,"snapshot_updates":47052},"event":"CLIENT_HEALTH","player":"b","process_id":4048,"time_msec":3922834}
[m7_client] {"details":{"async_rejections":0,"async_results":0,"buffered_results":0,"item_updates":1,"joined":false,"last_error_code":"","messages_received":47099,"messages_sent":65578,"pending_blocking":0,"snapshot_updates":47052},"event":"CLIENT_HEALTH","player":"b","process_id":4048,"time_msec":3924834}
[m7_client] {"details":{"async_rejections":0,"async_results":0,"buffered_results":0,"item_updates":1,"joined":false,"last_error_code":"","messages_received":47099,"messages_sent":65578,"pending_blocking":0,"snapshot_updates":47052},"event":"CLIENT_HEALTH","player":"b","process_id":4048,"time_msec":3926834}
[m7_client] {"details":{"async_rejections":0,"async_results":0,"buffered_results":0,"item_updates":1,"joined":false,"last_error_code":"","messages_received":47099,"messages_sent":65578,"pending_blocking":0,"snapshot_updates":47052},"event":"CLIENT_HEALTH","player":"b","process_id":4048,"time_msec":3928834}
[m7_client] {"details":{"async_rejections":0,"async_results":0,"buffered_results":0,"item_updates":1,"joined":false,"last_error_code":"","messages_received":47099,"messages_sent":65578,"pending_blocking":0,"snapshot_updates":47052},"event":"CLIENT_HEALTH","player":"b","process_id":4048,"time_msec":3930839}
[m7_client] {"details":{"async_rejections":0,"async_results":0,"buffered_results":0,"item_updates":1,"joined":false,"last_error_code":"","messages_received":47099,"messages_sent":65578,"pending_blocking":0,"snapshot_updates":47052},"event":"CLIENT_HEALTH","player":"b","process_id":4048,"time_msec":3932839}
[m7_client] {"details":{"async_rejections":0,"async_results":0,"buffered_results":0,"item_updates":1,"joined":false,"last_error_code":"","messages_received":47099,"messages_sent":65578,"pending_blocking":0,"snapshot_updates":47052},"event":"CLIENT_HEALTH","player":"b","process_id":4048,"time_msec":3934839}
[m7_client] {"details":{"async_rejections":0,"async_results":0,"buffered_results":0,"item_updates":1,"joined":false,"last_error_code":"","messages_received":47099,"messages_sent":65578,"pending_blocking":0,"snapshot_updates":47052},"event":"CLIENT_HEALTH","player":"b","process_id":4048,"time_msec":3936839}
[m7_client] {"details":{"async_rejections":0,"async_results":0,"buffered_results":0,"item_updates":1,"joined":false,"last_error_code":"","messages_received":47099,"messages_sent":65578,"pending_blocking":0,"snapshot_updates":47052},"event":"CLIENT_HEALTH","player":"b","process_id":4048,"time_msec":3938839}
[m7_client] {"details":{"async_rejections":0,"async_results":0,"buffered_results":0,"item_updates":1,"joined":false,"last_error_code":"","messages_received":47099,"messages_sent":65578,"pending_blocking":0,"snapshot_updates":47052},"event":"CLIENT_HEALTH","player":"b","process_id":4048,"time_msec":3940839}
[m7_client] {"details":{"async_rejections":0,"async_results":0,"buffered_results":0,"item_updates":1,"joined":false,"last_error_code":"","messages_received":47099,"messages_sent":65578,"pending_blocking":0,"snapshot_updates":47052},"event":"CLIENT_HEALTH","player":"b","process_id":4048,"time_msec":3942844}
[m7_client] {"details":{"async_rejections":0,"async_results":0,"buffered_results":0,"item_updates":1,"joined":false,"last_error_code":"","messages_received":47099,"messages_sent":65578,"pending_blocking":0,"snapshot_updates":47052},"event":"CLIENT_HEALTH","player":"b","process_id":4048,"time_msec":3944845}
[m7_client] {"details":{"async_rejections":0,"async_results":0,"buffered_results":0,"item_updates":1,"joined":false,"last_error_code":"","messages_received":47099,"messages_sent":65578,"pending_blocking":0,"snapshot_updates":47052},"event":"CLIENT_HEALTH","player":"b","process_id":4048,"time_msec":3946850}
[m7_client] {"details":{"async_rejections":0,"async_results":0,"buffered_results":0,"item_updates":1,"joined":false,"last_error_code":"","messages_received":47099,"messages_sent":65578,"pending_blocking":0,"snapshot_updates":47052},"event":"CLIENT_HEALTH","player":"b","process_id":4048,"time_msec":3948850}
[m7_client] {"details":{"async_rejections":0,"async_results":0,"buffered_results":0,"item_updates":1,"joined":false,"last_error_code":"","messages_received":47099,"messages_sent":65578,"pending_blocking":0,"snapshot_updates":47052},"event":"CLIENT_HEALTH","player":"b","process_id":4048,"time_msec":3950850}
[m7_client] {"details":{"async_rejections":0,"async_results":0,"buffered_results":0,"item_updates":1,"joined":false,"last_error_code":"","messages_received":47099,"messages_sent":65578,"pending_blocking":0,"snapshot_updates":47052},"event":"CLIENT_HEALTH","player":"b","process_id":4048,"time_msec":3952850}
[m7_client] {"details":{"async_rejections":0,"async_results":0,"buffered_results":0,"item_updates":1,"joined":false,"last_error_code":"","messages_received":47099,"messages_sent":65578,"pending_blocking":0,"snapshot_updates":47052},"event":"CLIENT_HEALTH","player":"b","process_id":4048,"time_msec":3954850}
[m7_client] {"details":{"async_rejections":0,"async_results":0,"buffered_results":0,"item_updates":1,"joined":false,"last_error_code":"","messages_received":47099,"messages_sent":65578,"pending_blocking":0,"snapshot_updates":47052},"event":"CLIENT_HEALTH","player":"b","process_id":4048,"time_msec":3956850}
[m7_client] {"details":{"async_rejections":0,"async_results":0,"buffered_results":0,"item_updates":1,"joined":false,"last_error_code":"","messages_received":47099,"messages_sent":65578,"pending_blocking":0,"snapshot_updates":47052},"event":"CLIENT_HEALTH","player":"b","process_id":4048,"time_msec":3958855}
[m7_client] {"details":{"async_rejections":0,"async_results":0,"buffered_results":0,"item_updates":1,"joined":false,"last_error_code":"","messages_received":47099,"messages_sent":65578,"pending_blocking":0,"snapshot_updates":47052},"event":"CLIENT_HEALTH","player":"b","process_id":4048,"time_msec":3960855}
[m7_client] {"details":{"async_rejections":0,"async_results":0,"buffered_results":0,"item_updates":1,"joined":false,"last_error_code":"","messages_received":47099,"messages_sent":65578,"pending_blocking":0,"snapshot_updates":47052},"event":"CLIENT_HEALTH","player":"b","process_id":4048,"time_msec":3962855}
[m7_client] {"details":{"async_rejections":0,"async_results":0,"buffered_results":0,"item_updates":1,"joined":false,"last_error_code":"","messages_received":47099,"messages_sent":65578,"pending_blocking":0,"snapshot_updates":47052},"event":"CLIENT_HEALTH","player":"b","process_id":4048,"time_msec":3964855}
[m7_client] {"details":{"async_rejections":0,"async_results":0,"buffered_results":0,"item_updates":1,"joined":false,"last_error_code":"","messages_received":47099,"messages_sent":65578,"pending_blocking":0,"snapshot_updates":47052},"event":"CLIENT_HEALTH","player":"b","process_id":4048,"time_msec":3966855}
[m7_client] {"details":{"async_rejections":0,"async_results":0,"buffered_results":0,"item_updates":1,"joined":false,"last_error_code":"","messages_received":47099,"messages_sent":65578,"pending_blocking":0,"snapshot_updates":47052},"event":"CLIENT_HEALTH","player":"b","process_id":4048,"time_msec":3968855}
[m7_client] {"details":{"async_rejections":0,"async_results":0,"buffered_results":0,"item_updates":1,"joined":false,"last_error_code":"","messages_received":47099,"messages_sent":65578,"pending_blocking":0,"snapshot_updates":47052},"event":"CLIENT_HEALTH","player":"b","process_id":4048,"time_msec":3970861}
[m7_client] {"details":{"async_rejections":0,"async_results":0,"buffered_results":0,"item_updates":1,"joined":false,"last_error_code":"","messages_received":47099,"messages_sent":65578,"pending_blocking":0,"snapshot_updates":47052},"event":"CLIENT_HEALTH","player":"b","process_id":4048,"time_msec":3972861}
[m7_client] {"details":{"async_rejections":0,"async_results":0,"buffered_results":0,"item_updates":1,"joined":false,"last_error_code":"","messages_received":47099,"messages_sent":65578,"pending_blocking":0,"snapshot_updates":47052},"event":"CLIENT_HEALTH","player":"b","process_id":4048,"time_msec":3974866}
[m7_client] {"details":{"async_rejections":0,"async_results":0,"buffered_results":0,"item_updates":1,"joined":false,"last_error_code":"","messages_received":47099,"messages_sent":65578,"pending_blocking":0,"snapshot_updates":47052},"event":"CLIENT_HEALTH","player":"b","process_id":4048,"time_msec":3976866}
[m7_client] {"details":{"async_rejections":0,"async_results":0,"buffered_results":0,"item_updates":1,"joined":false,"last_error_code":"","messages_received":47099,"messages_sent":65578,"pending_blocking":0,"snapshot_updates":47052},"event":"CLIENT_HEALTH","player":"b","process_id":4048,"time_msec":3978866}
[m7_client] {"details":{"async_rejections":0,"async_results":0,"buffered_results":0,"item_updates":1,"joined":false,"last_error_code":"","messages_received":47099,"messages_sent":65578,"pending_blocking":0,"snapshot_updates":47052},"event":"CLIENT_HEALTH","player":"b","process_id":4048,"time_msec":3980866}
[m7_client] {"details":{"async_rejections":0,"async_results":0,"buffered_results":0,"item_updates":1,"joined":false,"last_error_code":"","messages_received":47099,"messages_sent":65578,"pending_blocking":0,"snapshot_updates":47052},"event":"CLIENT_HEALTH","player":"b","process_id":4048,"time_msec":3982866}
[m7_client] {"details":{"async_rejections":0,"async_results":0,"buffered_results":0,"item_updates":1,"joined":false,"last_error_code":"","messages_received":47099,"messages_sent":65578,"pending_blocking":0,"snapshot_updates":47052},"event":"CLIENT_HEALTH","player":"b","process_id":4048,"time_msec":3984872}
[m7_client] {"details":{"async_rejections":0,"async_results":0,"buffered_results":0,"item_updates":1,"joined":false,"last_error_code":"","messages_received":47099,"messages_sent":65578,"pending_blocking":0,"snapshot_updates":47052},"event":"CLIENT_HEALTH","player":"b","process_id":4048,"time_msec":3986878}
[m7_client] {"details":{"async_rejections":0,"async_results":0,"buffered_results":0,"item_updates":1,"joined":false,"last_error_code":"","messages_received":47099,"messages_sent":65578,"pending_blocking":0,"snapshot_updates":47052},"event":"CLIENT_HEALTH","player":"b","process_id":4048,"time_msec":3988878}
[m7_client] {"details":{"async_rejections":0,"async_results":0,"buffered_results":0,"item_updates":1,"joined":false,"last_error_code":"","messages_received":47099,"messages_sent":65578,"pending_blocking":0,"snapshot_updates":47052},"event":"CLIENT_HEALTH","player":"b","process_id":4048,"time_msec":3990883}
[m7_client] {"details":{"async_rejections":0,"async_results":0,"buffered_results":0,"item_updates":1,"joined":false,"last_error_code":"","messages_received":47099,"messages_sent":65578,"pending_blocking":0,"snapshot_updates":47052},"event":"CLIENT_HEALTH","player":"b","process_id":4048,"time_msec":3992883}
[m7_client] {"details":{"async_rejections":0,"async_results":0,"buffered_results":0,"item_updates":1,"joined":false,"last_error_code":"","messages_received":47099,"messages_sent":65578,"pending_blocking":0,"snapshot_updates":47052},"event":"CLIENT_HEALTH","player":"b","process_id":4048,"time_msec":3994883}
[m7_client] {"details":{"async_rejections":0,"async_results":0,"buffered_results":0,"item_updates":1,"joined":false,"last_error_code":"","messages_received":47099,"messages_sent":65578,"pending_blocking":0,"snapshot_updates":47052},"event":"CLIENT_HEALTH","player":"b","process_id":4048,"time_msec":3996883}
[m7_client] {"details":{"async_rejections":0,"async_results":0,"buffered_results":0,"item_updates":1,"joined":false,"last_error_code":"","messages_received":47099,"messages_sent":65578,"pending_blocking":0,"snapshot_updates":47052},"event":"CLIENT_HEALTH","player":"b","process_id":4048,"time_msec":3998883}
[m7_client] {"details":{"async_rejections":0,"async_results":0,"buffered_results":0,"item_updates":1,"joined":false,"last_error_code":"","messages_received":47099,"messages_sent":65578,"pending_blocking":0,"snapshot_updates":47052},"event":"CLIENT_HEALTH","player":"b","process_id":4048,"time_msec":4000888}
[m7_client] {"details":{"async_rejections":0,"async_results":0,"buffered_results":0,"item_updates":1,"joined":false,"last_error_code":"","messages_received":47099,"messages_sent":65578,"pending_blocking":0,"snapshot_updates":47052},"event":"CLIENT_HEALTH","player":"b","process_id":4048,"time_msec":4002888}
[m7_client] {"details":{"async_rejections":0,"async_results":0,"buffered_results":0,"item_updates":1,"joined":false,"last_error_code":"","messages_received":47099,"messages_sent":65578,"pending_blocking":0,"snapshot_updates":47052},"event":"CLIENT_HEALTH","player":"b","process_id":4048,"time_msec":4004888}
[m7_client] {"details":{"async_rejections":0,"async_results":0,"buffered_results":0,"item_updates":1,"joined":false,"last_error_code":"","messages_received":47099,"messages_sent":65578,"pending_blocking":0,"snapshot_updates":47052},"event":"CLIENT_HEALTH","player":"b","process_id":4048,"time_msec":4006888}
[m7_client] {"details":{"async_rejections":0,"async_results":0,"buffered_results":0,"item_updates":1,"joined":false,"last_error_code":"","messages_received":47099,"messages_sent":65578,"pending_blocking":0,"snapshot_updates":47052},"event":"CLIENT_HEALTH","player":"b","process_id":4048,"time_msec":4008888}
[m7_client] {"details":{"async_rejections":0,"async_results":0,"buffered_results":0,"item_updates":1,"joined":false,"last_error_code":"","messages_received":47099,"messages_sent":65578,"pending_blocking":0,"snapshot_updates":47052},"event":"CLIENT_HEALTH","player":"b","process_id":4048,"time_msec":4010888}
[m7_client] {"details":{"async_rejections":0,"async_results":0,"buffered_results":0,"item_updates":1,"joined":false,"last_error_code":"","messages_received":47099,"messages_sent":65578,"pending_blocking":0,"snapshot_updates":47052},"event":"CLIENT_HEALTH","player":"b","process_id":4048,"time_msec":4012888}
[m7_client] {"details":{"async_rejections":0,"async_results":0,"buffered_results":0,"item_updates":1,"joined":false,"last_error_code":"","messages_received":47099,"messages_sent":65578,"pending_blocking":0,"snapshot_updates":47052},"event":"CLIENT_HEALTH","player":"b","process_id":4048,"time_msec":4014894}
[m7_client] {"details":{"async_rejections":0,"async_results":0,"buffered_results":0,"item_updates":1,"joined":false,"last_error_code":"","messages_received":47099,"messages_sent":65578,"pending_blocking":0,"snapshot_updates":47052},"event":"CLIENT_HEALTH","player":"b","process_id":4048,"time_msec":4016894}
[m7_client] {"details":{"async_rejections":0,"async_results":0,"buffered_results":0,"item_updates":1,"joined":false,"last_error_code":"","messages_received":47099,"messages_sent":65578,"pending_blocking":0,"snapshot_updates":47052},"event":"CLIENT_HEALTH","player":"b","process_id":4048,"time_msec":4018899}
[m7_client] {"details":{"async_rejections":0,"async_results":0,"buffered_results":0,"item_updates":1,"joined":false,"last_error_code":"","messages_received":47099,"messages_sent":65578,"pending_blocking":0,"snapshot_updates":47052},"event":"CLIENT_HEALTH","player":"b","process_id":4048,"time_msec":4020899}
[m7_client] {"details":{"async_rejections":0,"async_results":0,"buffered_results":0,"item_updates":1,"joined":false,"last_error_code":"","messages_received":47099,"messages_sent":65578,"pending_blocking":0,"snapshot_updates":47052},"event":"CLIENT_HEALTH","player":"b","process_id":4048,"time_msec":4022899}
[m7_client] {"details":{"async_rejections":0,"async_results":0,"buffered_results":0,"item_updates":1,"joined":false,"last_error_code":"","messages_received":47099,"messages_sent":65578,"pending_blocking":0,"snapshot_updates":47052},"event":"CLIENT_HEALTH","player":"b","process_id":4048,"time_msec":4024899}
[m7_client] {"details":{"async_rejections":0,"async_results":0,"buffered_results":0,"item_updates":1,"joined":false,"last_error_code":"","messages_received":47099,"messages_sent":65578,"pending_blocking":0,"snapshot_updates":47052},"event":"CLIENT_HEALTH","player":"b","process_id":4048,"time_msec":4026899}
[m7_client] {"details":{"async_rejections":0,"async_results":0,"buffered_results":0,"item_updates":1,"joined":false,"last_error_code":"","messages_received":47099,"messages_sent":65578,"pending_blocking":0,"snapshot_updates":47052},"event":"CLIENT_HEALTH","player":"b","process_id":4048,"time_msec":4028904}
[m7_client] {"details":{"async_rejections":0,"async_results":0,"buffered_results":0,"item_updates":1,"joined":false,"last_error_code":"","messages_received":47099,"messages_sent":65578,"pending_blocking":0,"snapshot_updates":47052},"event":"CLIENT_HEALTH","player":"b","process_id":4048,"time_msec":4030904}
[m7_client] {"details":{"async_rejections":0,"async_results":0,"buffered_results":0,"item_updates":1,"joined":false,"last_error_code":"","messages_received":47099,"messages_sent":65578,"pending_blocking":0,"snapshot_updates":47052},"event":"CLIENT_HEALTH","player":"b","process_id":4048,"time_msec":4032904}
[m7_client] {"details":{"async_rejections":0,"async_results":0,"buffered_results":0,"item_updates":1,"joined":false,"last_error_code":"","messages_received":47099,"messages_sent":65578,"pending_blocking":0,"snapshot_updates":47052},"event":"CLIENT_HEALTH","player":"b","process_id":4048,"time_msec":4034904}
[m7_client] {"details":{"async_rejections":0,"async_results":0,"buffered_results":0,"item_updates":1,"joined":false,"last_error_code":"","messages_received":47099,"messages_sent":65578,"pending_blocking":0,"snapshot_updates":47052},"event":"CLIENT_HEALTH","player":"b","process_id":4048,"time_msec":4036904}
[m7_client] {"details":{"async_rejections":0,"async_results":0,"buffered_results":0,"item_updates":1,"joined":false,"last_error_code":"","messages_received":47099,"messages_sent":65578,"pending_blocking":0,"snapshot_updates":47052},"event":"CLIENT_HEALTH","player":"b","process_id":4048,"time_msec":4038904}
[m7_client] {"details":{"async_rejections":0,"async_results":0,"buffered_results":0,"item_updates":1,"joined":false,"last_error_code":"","messages_received":47099,"messages_sent":65578,"pending_blocking":0,"snapshot_updates":47052},"event":"CLIENT_HEALTH","player":"b","process_id":4048,"time_msec":4040904}
[m7_client] {"details":{"async_rejections":0,"async_results":0,"buffered_results":0,"item_updates":1,"joined":false,"last_error_code":"","messages_received":47099,"messages_sent":65578,"pending_blocking":0,"snapshot_updates":47052},"event":"CLIENT_HEALTH","player":"b","process_id":4048,"time_msec":4042909}
[m7_client] {"details":{"async_rejections":0,"async_results":0,"buffered_results":0,"item_updates":1,"joined":false,"last_error_code":"","messages_received":47099,"messages_sent":65578,"pending_blocking":0,"snapshot_updates":47052},"event":"CLIENT_HEALTH","player":"b","process_id":4048,"time_msec":4044909}
[m7_client] {"details":{"async_rejections":0,"async_results":0,"buffered_results":0,"item_updates":1,"joined":false,"last_error_code":"","messages_received":47099,"messages_sent":65578,"pending_blocking":0,"snapshot_updates":47052},"event":"CLIENT_HEALTH","player":"b","process_id":4048,"time_msec":4046909}
[m7_client] {"details":{"async_rejections":0,"async_results":0,"buffered_results":0,"item_updates":1,"joined":false,"last_error_code":"","messages_received":47099,"messages_sent":65578,"pending_blocking":0,"snapshot_updates":47052},"event":"CLIENT_HEALTH","player":"b","process_id":4048,"time_msec":4048909}
[m7_client] {"details":{"async_rejections":0,"async_results":0,"buffered_results":0,"item_updates":1,"joined":false,"last_error_code":"","messages_received":47099,"messages_sent":65578,"pending_blocking":0,"snapshot_updates":47052},"event":"CLIENT_HEALTH","player":"b","process_id":4048,"time_msec":4050909}
[m7_client] {"details":{"async_rejections":0,"async_results":0,"buffered_results":0,"item_updates":1,"joined":false,"last_error_code":"","messages_received":47099,"messages_sent":65578,"pending_blocking":0,"snapshot_updates":47052},"event":"CLIENT_HEALTH","player":"b","process_id":4048,"time_msec":4052909}
[m7_client] {"details":{"async_rejections":0,"async_results":0,"buffered_results":0,"item_updates":1,"joined":false,"last_error_code":"","messages_received":47099,"messages_sent":65578,"pending_blocking":0,"snapshot_updates":47052},"event":"CLIENT_HEALTH","player":"b","process_id":4048,"time_msec":4054909}
[m7_client] {"details":{"async_rejections":0,"async_results":0,"buffered_results":0,"item_updates":1,"joined":false,"last_error_code":"","messages_received":47099,"messages_sent":65578,"pending_blocking":0,"snapshot_updates":47052},"event":"CLIENT_HEALTH","player":"b","process_id":4048,"time_msec":4056914}
[m7_client] {"details":{"async_rejections":0,"async_results":0,"buffered_results":0,"item_updates":1,"joined":false,"last_error_code":"","messages_received":47099,"messages_sent":65578,"pending_blocking":0,"snapshot_updates":47052},"event":"CLIENT_HEALTH","player":"b","process_id":4048,"time_msec":4058914}
[m7_client] {"details":{"async_rejections":0,"async_results":0,"buffered_results":0,"item_updates":1,"joined":false,"last_error_code":"","messages_received":47099,"messages_sent":65578,"pending_blocking":0,"snapshot_updates":47052},"event":"CLIENT_HEALTH","player":"b","process_id":4048,"time_msec":4060914}
[m7_client] {"details":{"async_rejections":0,"async_results":0,"buffered_results":0,"item_updates":1,"joined":false,"last_error_code":"","messages_received":47099,"messages_sent":65578,"pending_blocking":0,"snapshot_updates":47052},"event":"CLIENT_HEALTH","player":"b","process_id":4048,"time_msec":4062914}
[m7_client] {"details":{"async_rejections":0,"async_results":0,"buffered_results":0,"item_updates":1,"joined":false,"last_error_code":"","messages_received":47099,"messages_sent":65578,"pending_blocking":0,"snapshot_updates":47052},"event":"CLIENT_HEALTH","player":"b","process_id":4048,"time_msec":4064914}
[m7_client] {"details":{"async_rejections":0,"async_results":0,"buffered_results":0,"item_updates":1,"joined":false,"last_error_code":"","messages_received":47099,"messages_sent":65578,"pending_blocking":0,"snapshot_updates":47052},"event":"CLIENT_HEALTH","player":"b","process_id":4048,"time_msec":4066914}
[m7_client] {"details":{"async_rejections":0,"async_results":0,"buffered_results":0,"item_updates":1,"joined":false,"last_error_code":"","messages_received":47099,"messages_sent":65578,"pending_blocking":0,"snapshot_updates":47052},"event":"CLIENT_HEALTH","player":"b","process_id":4048,"time_msec":4068914}
[m7_client] {"details":{"async_rejections":0,"async_results":0,"buffered_results":0,"item_updates":1,"joined":false,"last_error_code":"","messages_received":47099,"messages_sent":65578,"pending_blocking":0,"snapshot_updates":47052},"event":"CLIENT_HEALTH","player":"b","process_id":4048,"time_msec":4070919}
[m7_client] {"details":{"async_rejections":0,"async_results":0,"buffered_results":0,"item_updates":1,"joined":false,"last_error_code":"","messages_received":47099,"messages_sent":65578,"pending_blocking":0,"snapshot_updates":47052},"event":"CLIENT_HEALTH","player":"b","process_id":4048,"time_msec":4072919}
[m7_client] {"details":{"async_rejections":0,"async_results":0,"buffered_results":0,"item_updates":1,"joined":false,"last_error_code":"","messages_received":47099,"messages_sent":65578,"pending_blocking":0,"snapshot_updates":47052},"event":"CLIENT_HEALTH","player":"b","process_id":4048,"time_msec":4074919}
[m7_client] {"details":{"async_rejections":0,"async_results":0,"buffered_results":0,"item_updates":1,"joined":false,"last_error_code":"","messages_received":47099,"messages_sent":65578,"pending_blocking":0,"snapshot_updates":47052},"event":"CLIENT_HEALTH","player":"b","process_id":4048,"time_msec":4076919}
[m7_client] {"details":{"async_rejections":0,"async_results":0,"buffered_results":0,"item_updates":1,"joined":false,"last_error_code":"","messages_received":47099,"messages_sent":65578,"pending_blocking":0,"snapshot_updates":47052},"event":"CLIENT_HEALTH","player":"b","process_id":4048,"time_msec":4078919}
[m7_client] {"details":{"async_rejections":0,"async_results":0,"buffered_results":0,"item_updates":1,"joined":false,"last_error_code":"","messages_received":47099,"messages_sent":65578,"pending_blocking":0,"snapshot_updates":47052},"event":"CLIENT_HEALTH","player":"b","process_id":4048,"time_msec":4080919}
[m7_client] {"details":{"async_rejections":0,"async_results":0,"buffered_results":0,"item_updates":1,"joined":false,"last_error_code":"","messages_received":47099,"messages_sent":65578,"pending_blocking":0,"snapshot_updates":47052},"event":"CLIENT_HEALTH","player":"b","process_id":4048,"time_msec":4082919}
[m7_client] {"details":{"async_rejections":0,"async_results":0,"buffered_results":0,"item_updates":1,"joined":false,"last_error_code":"","messages_received":47099,"messages_sent":65578,"pending_blocking":0,"snapshot_updates":47052},"event":"CLIENT_HEALTH","player":"b","process_id":4048,"time_msec":4084919}
[m7_client] {"details":{"async_rejections":0,"async_results":0,"buffered_results":0,"item_updates":1,"joined":false,"last_error_code":"","messages_received":47099,"messages_sent":65578,"pending_blocking":0,"snapshot_updates":47052},"event":"CLIENT_HEALTH","player":"b","process_id":4048,"time_msec":4086925}
[m7_client] {"details":{"async_rejections":0,"async_results":0,"buffered_results":0,"item_updates":1,"joined":false,"last_error_code":"","messages_received":47099,"messages_sent":65578,"pending_blocking":0,"snapshot_updates":47052},"event":"CLIENT_HEALTH","player":"b","process_id":4048,"time_msec":4088930}
[m7_client] {"details":{"async_rejections":0,"async_results":0,"buffered_results":0,"item_updates":1,"joined":false,"last_error_code":"","messages_received":47099,"messages_sent":65578,"pending_blocking":0,"snapshot_updates":47052},"event":"CLIENT_HEALTH","player":"b","process_id":4048,"time_msec":4090930}
[m7_client] {"details":{"async_rejections":0,"async_results":0,"buffered_results":0,"item_updates":1,"joined":false,"last_error_code":"","messages_received":47099,"messages_sent":65578,"pending_blocking":0,"snapshot_updates":47052},"event":"CLIENT_HEALTH","player":"b","process_id":4048,"time_msec":4092930}
[m7_client] {"details":{"async_rejections":0,"async_results":0,"buffered_results":0,"item_updates":1,"joined":false,"last_error_code":"","messages_received":47099,"messages_sent":65578,"pending_blocking":0,"snapshot_updates":47052},"event":"CLIENT_HEALTH","player":"b","process_id":4048,"time_msec":4094930}
[m7_client] {"details":{"async_rejections":0,"async_results":0,"buffered_results":0,"item_updates":1,"joined":false,"last_error_code":"","messages_received":47099,"messages_sent":65578,"pending_blocking":0,"snapshot_updates":47052},"event":"CLIENT_HEALTH","player":"b","process_id":4048,"time_msec":4096930}
[m7_client] {"details":{"async_rejections":0,"async_results":0,"buffered_results":0,"item_updates":1,"joined":false,"last_error_code":"","messages_received":47099,"messages_sent":65578,"pending_blocking":0,"snapshot_updates":47052},"event":"CLIENT_HEALTH","player":"b","process_id":4048,"time_msec":4098936}
[m7_client] {"details":{"async_rejections":0,"async_results":0,"buffered_results":0,"item_updates":1,"joined":false,"last_error_code":"","messages_received":47099,"messages_sent":65578,"pending_blocking":0,"snapshot_updates":47052},"event":"CLIENT_HEALTH","player":"b","process_id":4048,"time_msec":4100941}
[m7_client] {"details":{"async_rejections":0,"async_results":0,"buffered_results":0,"item_updates":1,"joined":false,"last_error_code":"","messages_received":47099,"messages_sent":65578,"pending_blocking":0,"snapshot_updates":47052},"event":"CLIENT_HEALTH","player":"b","process_id":4048,"time_msec":4102941}
[m7_client] {"details":{"async_rejections":0,"async_results":0,"buffered_results":0,"item_updates":1,"joined":false,"last_error_code":"","messages_received":47099,"messages_sent":65578,"pending_blocking":0,"snapshot_updates":47052},"event":"CLIENT_HEALTH","player":"b","process_id":4048,"time_msec":4104941}
[m7_client] {"details":{"async_rejections":0,"async_results":0,"buffered_results":0,"item_updates":1,"joined":false,"last_error_code":"","messages_received":47099,"messages_sent":65578,"pending_blocking":0,"snapshot_updates":47052},"event":"CLIENT_HEALTH","player":"b","process_id":4048,"time_msec":4106941}
[m7_client] {"details":{"async_rejections":0,"async_results":0,"buffered_results":0,"item_updates":1,"joined":false,"last_error_code":"","messages_received":47099,"messages_sent":65578,"pending_blocking":0,"snapshot_updates":47052},"event":"CLIENT_HEALTH","player":"b","process_id":4048,"time_msec":4108941}
[m7_client] {"details":{"async_rejections":0,"async_results":0,"buffered_results":0,"item_updates":1,"joined":false,"last_error_code":"","messages_received":47099,"messages_sent":65578,"pending_blocking":0,"snapshot_updates":47052},"event":"CLIENT_HEALTH","player":"b","process_id":4048,"time_msec":4110941}
[m7_client] {"details":{"async_rejections":0,"async_results":0,"buffered_results":0,"item_updates":1,"joined":false,"last_error_code":"","messages_received":47099,"messages_sent":65578,"pending_blocking":0,"snapshot_updates":47052},"event":"CLIENT_HEALTH","player":"b","process_id":4048,"time_msec":4112947}
[m7_client] {"details":{"async_rejections":0,"async_results":0,"buffered_results":0,"item_updates":1,"joined":false,"last_error_code":"","messages_received":47099,"messages_sent":65578,"pending_blocking":0,"snapshot_updates":47052},"event":"CLIENT_HEALTH","player":"b","process_id":4048,"time_msec":4114952}
[m7_client] {"details":{"async_rejections":0,"async_results":0,"buffered_results":0,"item_updates":1,"joined":false,"last_error_code":"","messages_received":47099,"messages_sent":65578,"pending_blocking":0,"snapshot_updates":47052},"event":"CLIENT_HEALTH","player":"b","process_id":4048,"time_msec":4116952}
[m7_client] {"details":{"async_rejections":0,"async_results":0,"buffered_results":0,"item_updates":1,"joined":false,"last_error_code":"","messages_received":47099,"messages_sent":65578,"pending_blocking":0,"snapshot_updates":47052},"event":"CLIENT_HEALTH","player":"b","process_id":4048,"time_msec":4118952}
[m7_client] {"details":{"async_rejections":0,"async_results":0,"buffered_results":0,"item_updates":1,"joined":false,"last_error_code":"","messages_received":47099,"messages_sent":65578,"pending_blocking":0,"snapshot_updates":47052},"event":"CLIENT_HEALTH","player":"b","process_id":4048,"time_msec":4120952}
[m7_client] {"details":{"async_rejections":0,"async_results":0,"buffered_results":0,"item_updates":1,"joined":false,"last_error_code":"","messages_received":47099,"messages_sent":65578,"pending_blocking":0,"snapshot_updates":47052},"event":"CLIENT_HEALTH","player":"b","process_id":4048,"time_msec":4122952}
[m7_client] {"details":{"async_rejections":0,"async_results":0,"buffered_results":0,"item_updates":1,"joined":false,"last_error_code":"","messages_received":47099,"messages_sent":65578,"pending_blocking":0,"snapshot_updates":47052},"event":"CLIENT_HEALTH","player":"b","process_id":4048,"time_msec":4124952}
[m7_client] {"details":{"async_rejections":0,"async_results":0,"buffered_results":0,"item_updates":1,"joined":false,"last_error_code":"","messages_received":47099,"messages_sent":65578,"pending_blocking":0,"snapshot_updates":47052},"event":"CLIENT_HEALTH","player":"b","process_id":4048,"time_msec":4126952}
[m7_client] {"details":{"async_rejections":0,"async_results":0,"buffered_results":0,"item_updates":1,"joined":false,"last_error_code":"","messages_received":47099,"messages_sent":65578,"pending_blocking":0,"snapshot_updates":47052},"event":"CLIENT_HEALTH","player":"b","process_id":4048,"time_msec":4128952}
[m7_client] {"details":{"async_rejections":0,"async_results":0,"buffered_results":0,"item_updates":1,"joined":false,"last_error_code":"","messages_received":47099,"messages_sent":65578,"pending_blocking":0,"snapshot_updates":47052},"event":"CLIENT_HEALTH","player":"b","process_id":4048,"time_msec":4130957}
[m7_client] {"details":{"async_rejections":0,"async_results":0,"buffered_results":0,"item_updates":1,"joined":false,"last_error_code":"","messages_received":47099,"messages_sent":65578,"pending_blocking":0,"snapshot_updates":47052},"event":"CLIENT_HEALTH","player":"b","process_id":4048,"time_msec":4132957}
[m7_client] {"details":{"async_rejections":0,"async_results":0,"buffered_results":0,"item_updates":1,"joined":false,"last_error_code":"","messages_received":47099,"messages_sent":65578,"pending_blocking":0,"snapshot_updates":47052},"event":"CLIENT_HEALTH","player":"b","process_id":4048,"time_msec":4134957}
[m7_client] {"details":{"async_rejections":0,"async_results":0,"buffered_results":0,"item_updates":1,"joined":false,"last_error_code":"","messages_received":47099,"messages_sent":65578,"pending_blocking":0,"snapshot_updates":47052},"event":"CLIENT_HEALTH","player":"b","process_id":4048,"time_msec":4136957}
[m7_client] {"details":{"async_rejections":0,"async_results":0,"buffered_results":0,"item_updates":1,"joined":false,"last_error_code":"","messages_received":47099,"messages_sent":65578,"pending_blocking":0,"snapshot_updates":47052},"event":"CLIENT_HEALTH","player":"b","process_id":4048,"time_msec":4138957}
[m7_client] {"details":{"async_rejections":0,"async_results":0,"buffered_results":0,"item_updates":1,"joined":false,"last_error_code":"","messages_received":47099,"messages_sent":65578,"pending_blocking":0,"snapshot_updates":47052},"event":"CLIENT_HEALTH","player":"b","process_id":4048,"time_msec":4140957}
[m7_client] {"details":{"async_rejections":0,"async_results":0,"buffered_results":0,"item_updates":1,"joined":false,"last_error_code":"","messages_received":47099,"messages_sent":65578,"pending_blocking":0,"snapshot_updates":47052},"event":"CLIENT_HEALTH","player":"b","process_id":4048,"time_msec":4142962}
[m7_client] {"details":{"async_rejections":0,"async_results":0,"buffered_results":0,"item_updates":1,"joined":false,"last_error_code":"","messages_received":47099,"messages_sent":65578,"pending_blocking":0,"snapshot_updates":47052},"event":"CLIENT_HEALTH","player":"b","process_id":4048,"time_msec":4144962}
[m7_client] {"details":{"async_rejections":0,"async_results":0,"buffered_results":0,"item_updates":1,"joined":false,"last_error_code":"","messages_received":47099,"messages_sent":65578,"pending_blocking":0,"snapshot_updates":47052},"event":"CLIENT_HEALTH","player":"b","process_id":4048,"time_msec":4146962}
[m7_client] {"details":{"async_rejections":0,"async_results":0,"buffered_results":0,"item_updates":1,"joined":false,"last_error_code":"","messages_received":47099,"messages_sent":65578,"pending_blocking":0,"snapshot_updates":47052},"event":"CLIENT_HEALTH","player":"b","process_id":4048,"time_msec":4148962}
[m7_client] {"details":{"async_rejections":0,"async_results":0,"buffered_results":0,"item_updates":1,"joined":false,"last_error_code":"","messages_received":47099,"messages_sent":65578,"pending_blocking":0,"snapshot_updates":47052},"event":"CLIENT_HEALTH","player":"b","process_id":4048,"time_msec":4150962}
[m7_client] {"details":{"async_rejections":0,"async_results":0,"buffered_results":0,"item_updates":1,"joined":false,"last_error_code":"","messages_received":47099,"messages_sent":65578,"pending_blocking":0,"snapshot_updates":47052},"event":"CLIENT_HEALTH","player":"b","process_id":4048,"time_msec":4152962}
[m7_client] {"details":{"async_rejections":0,"async_results":0,"buffered_results":0,"item_updates":1,"joined":false,"last_error_code":"","messages_received":47099,"messages_sent":65578,"pending_blocking":0,"snapshot_updates":47052},"event":"CLIENT_HEALTH","player":"b","process_id":4048,"time_msec":4154968}
[m7_client] {"details":{"async_rejections":0,"async_results":0,"buffered_results":0,"item_updates":1,"joined":false,"last_error_code":"","messages_received":47099,"messages_sent":65578,"pending_blocking":0,"snapshot_updates":47052},"event":"CLIENT_HEALTH","player":"b","process_id":4048,"time_msec":4156974}
[m7_client] {"details":{"async_rejections":0,"async_results":0,"buffered_results":0,"item_updates":1,"joined":false,"last_error_code":"","messages_received":47099,"messages_sent":65578,"pending_blocking":0,"snapshot_updates":47052},"event":"CLIENT_HEALTH","player":"b","process_id":4048,"time_msec":4158979}
[m7_client] {"details":{"async_rejections":0,"async_results":0,"buffered_results":0,"item_updates":1,"joined":false,"last_error_code":"","messages_received":47099,"messages_sent":65578,"pending_blocking":0,"snapshot_updates":47052},"event":"CLIENT_HEALTH","player":"b","process_id":4048,"time_msec":4160979}
[m7_client] {"details":{"async_rejections":0,"async_results":0,"buffered_results":0,"item_updates":1,"joined":false,"last_error_code":"","messages_received":47099,"messages_sent":65578,"pending_blocking":0,"snapshot_updates":47052},"event":"CLIENT_HEALTH","player":"b","process_id":4048,"time_msec":4162979}
[m7_client] {"details":{"async_rejections":0,"async_results":0,"buffered_results":0,"item_updates":1,"joined":false,"last_error_code":"","messages_received":47099,"messages_sent":65578,"pending_blocking":0,"snapshot_updates":47052},"event":"CLIENT_HEALTH","player":"b","process_id":4048,"time_msec":4164979}
[m7_client] {"details":{"async_rejections":0,"async_results":0,"buffered_results":0,"item_updates":1,"joined":false,"last_error_code":"","messages_received":47099,"messages_sent":65578,"pending_blocking":0,"snapshot_updates":47052},"event":"CLIENT_HEALTH","player":"b","process_id":4048,"time_msec":4166979}
[m7_client] {"details":{"async_rejections":0,"async_results":0,"buffered_results":0,"item_updates":1,"joined":false,"last_error_code":"","messages_received":47099,"messages_sent":65578,"pending_blocking":0,"snapshot_updates":47052},"event":"CLIENT_HEALTH","player":"b","process_id":4048,"time_msec":4168979}
[m7_client] {"details":{"async_rejections":0,"async_results":0,"buffered_results":0,"item_updates":1,"joined":false,"last_error_code":"","messages_received":47099,"messages_sent":65578,"pending_blocking":0,"snapshot_updates":47052},"event":"CLIENT_HEALTH","player":"b","process_id":4048,"time_msec":4170979}
[m7_client] {"details":{"async_rejections":0,"async_results":0,"buffered_results":0,"item_updates":1,"joined":false,"last_error_code":"","messages_received":47099,"messages_sent":65578,"pending_blocking":0,"snapshot_updates":47052},"event":"CLIENT_HEALTH","player":"b","process_id":4048,"time_msec":4172984}
[m7_client] {"details":{"async_rejections":0,"async_results":0,"buffered_results":0,"item_updates":1,"joined":false,"last_error_code":"","messages_received":47099,"messages_sent":65578,"pending_blocking":0,"snapshot_updates":47052},"event":"CLIENT_HEALTH","player":"b","process_id":4048,"time_msec":4174984}
[m7_client] {"details":{"async_rejections":0,"async_results":0,"buffered_results":0,"item_updates":1,"joined":false,"last_error_code":"","messages_received":47099,"messages_sent":65578,"pending_blocking":0,"snapshot_updates":47052},"event":"CLIENT_HEALTH","player":"b","process_id":4048,"time_msec":4176984}
[m7_client] {"details":{"async_rejections":0,"async_results":0,"buffered_results":0,"item_updates":1,"joined":false,"last_error_code":"","messages_received":47099,"messages_sent":65578,"pending_blocking":0,"snapshot_updates":47052},"event":"CLIENT_HEALTH","player":"b","process_id":4048,"time_msec":4178984}
[m7_client] {"details":{"async_rejections":0,"async_results":0,"buffered_results":0,"item_updates":1,"joined":false,"last_error_code":"","messages_received":47099,"messages_sent":65578,"pending_blocking":0,"snapshot_updates":47052},"event":"CLIENT_HEALTH","player":"b","process_id":4048,"time_msec":4180984}
[m7_client] {"details":{"async_rejections":0,"async_results":0,"buffered_results":0,"item_updates":1,"joined":false,"last_error_code":"","messages_received":47099,"messages_sent":65578,"pending_blocking":0,"snapshot_updates":47052},"event":"CLIENT_HEALTH","player":"b","process_id":4048,"time_msec":4182984}
[m7_client] {"details":{"async_rejections":0,"async_results":0,"buffered_results":0,"item_updates":1,"joined":false,"last_error_code":"","messages_received":47099,"messages_sent":65578,"pending_blocking":0,"snapshot_updates":47052},"event":"CLIENT_HEALTH","player":"b","process_id":4048,"time_msec":4184984}
[m7_client] {"details":{"async_rejections":0,"async_results":0,"buffered_results":0,"item_updates":1,"joined":false,"last_error_code":"","messages_received":47099,"messages_sent":65578,"pending_blocking":0,"snapshot_updates":47052},"event":"CLIENT_HEALTH","player":"b","process_id":4048,"time_msec":4186989}
[m7_client] {"details":{"async_rejections":0,"async_results":0,"buffered_results":0,"item_updates":1,"joined":false,"last_error_code":"","messages_received":47099,"messages_sent":65578,"pending_blocking":0,"snapshot_updates":47052},"event":"CLIENT_HEALTH","player":"b","process_id":4048,"time_msec":4188989}
[m7_client] {"details":{"async_rejections":0,"async_results":0,"buffered_results":0,"item_updates":1,"joined":false,"last_error_code":"","messages_received":47099,"messages_sent":65578,"pending_blocking":0,"snapshot_updates":47052},"event":"CLIENT_HEALTH","player":"b","process_id":4048,"time_msec":4190989}
[m7_client] {"details":{"async_rejections":0,"async_results":0,"buffered_results":0,"item_updates":1,"joined":false,"last_error_code":"","messages_received":47099,"messages_sent":65578,"pending_blocking":0,"snapshot_updates":47052},"event":"CLIENT_HEALTH","player":"b","process_id":4048,"time_msec":4192989}
[m7_client] {"details":{"async_rejections":0,"async_results":0,"buffered_results":0,"item_updates":1,"joined":false,"last_error_code":"","messages_received":47099,"messages_sent":65578,"pending_blocking":0,"snapshot_updates":47052},"event":"CLIENT_HEALTH","player":"b","process_id":4048,"time_msec":4194989}
[m7_client] {"details":{"async_rejections":0,"async_results":0,"buffered_results":0,"item_updates":1,"joined":false,"last_error_code":"","messages_received":47099,"messages_sent":65578,"pending_blocking":0,"snapshot_updates":47052},"event":"CLIENT_HEALTH","player":"b","process_id":4048,"time_msec":4196989}
[m7_client] {"details":{"async_rejections":0,"async_results":0,"buffered_results":0,"item_updates":1,"joined":false,"last_error_code":"","messages_received":47099,"messages_sent":65578,"pending_blocking":0,"snapshot_updates":47052},"event":"CLIENT_HEALTH","player":"b","process_id":4048,"time_msec":4198989}
[m7_client] {"details":{"async_rejections":0,"async_results":0,"buffered_results":0,"item_updates":1,"joined":false,"last_error_code":"","messages_received":47099,"messages_sent":65578,"pending_blocking":0,"snapshot_updates":47052},"event":"CLIENT_HEALTH","player":"b","process_id":4048,"time_msec":4200995}
[m7_client] {"details":{"async_rejections":0,"async_results":0,"buffered_results":0,"item_updates":1,"joined":false,"last_error_code":"","messages_received":47099,"messages_sent":65578,"pending_blocking":0,"snapshot_updates":47052},"event":"CLIENT_HEALTH","player":"b","process_id":4048,"time_msec":4203000}
[m7_client] {"details":{"async_rejections":0,"async_results":0,"buffered_results":0,"item_updates":1,"joined":false,"last_error_code":"","messages_received":47099,"messages_sent":65578,"pending_blocking":0,"snapshot_updates":47052},"event":"CLIENT_HEALTH","player":"b","process_id":4048,"time_msec":4205000}
[m7_client] {"details":{"async_rejections":0,"async_results":0,"buffered_results":0,"item_updates":1,"joined":false,"last_error_code":"","messages_received":47099,"messages_sent":65578,"pending_blocking":0,"snapshot_updates":47052},"event":"CLIENT_HEALTH","player":"b","process_id":4048,"time_msec":4207000}
[m7_client] {"details":{"async_rejections":0,"async_results":0,"buffered_results":0,"item_updates":1,"joined":false,"last_error_code":"","messages_received":47099,"messages_sent":65578,"pending_blocking":0,"snapshot_updates":47052},"event":"CLIENT_HEALTH","player":"b","process_id":4048,"time_msec":4209000}
[m7_client] {"details":{"async_rejections":0,"async_results":0,"buffered_results":0,"item_updates":1,"joined":false,"last_error_code":"","messages_received":47099,"messages_sent":65578,"pending_blocking":0,"snapshot_updates":47052},"event":"CLIENT_HEALTH","player":"b","process_id":4048,"time_msec":4211000}
[m7_client] {"details":{"async_rejections":0,"async_results":0,"buffered_results":0,"item_updates":1,"joined":false,"last_error_code":"","messages_received":47099,"messages_sent":65578,"pending_blocking":0,"snapshot_updates":47052},"event":"CLIENT_HEALTH","player":"b","process_id":4048,"time_msec":4213000}
[m7_client] {"details":{"async_rejections":0,"async_results":0,"buffered_results":0,"item_updates":1,"joined":false,"last_error_code":"","messages_received":47099,"messages_sent":65578,"pending_blocking":0,"snapshot_updates":47052},"event":"CLIENT_HEALTH","player":"b","process_id":4048,"time_msec":4215005}
[m7_client] {"details":{"async_rejections":0,"async_results":0,"buffered_results":0,"item_updates":1,"joined":false,"last_error_code":"","messages_received":47099,"messages_sent":65578,"pending_blocking":0,"snapshot_updates":47052},"event":"CLIENT_HEALTH","player":"b","process_id":4048,"time_msec":4217006}
[m7_client] {"details":{"async_rejections":0,"async_results":0,"buffered_results":0,"item_updates":1,"joined":false,"last_error_code":"","messages_received":47099,"messages_sent":65578,"pending_blocking":0,"snapshot_updates":47052},"event":"CLIENT_HEALTH","player":"b","process_id":4048,"time_msec":4219011}
[m7_client] {"details":{"async_rejections":0,"async_results":0,"buffered_results":0,"item_updates":1,"joined":false,"last_error_code":"","messages_received":47099,"messages_sent":65578,"pending_blocking":0,"snapshot_updates":47052},"event":"CLIENT_HEALTH","player":"b","process_id":4048,"time_msec":4221011}
[m7_client] {"details":{"async_rejections":0,"async_results":0,"buffered_results":0,"item_updates":1,"joined":false,"last_error_code":"","messages_received":47099,"messages_sent":65578,"pending_blocking":0,"snapshot_updates":47052},"event":"CLIENT_HEALTH","player":"b","process_id":4048,"time_msec":4223011}
[m7_client] {"details":{"async_rejections":0,"async_results":0,"buffered_results":0,"item_updates":1,"joined":false,"last_error_code":"","messages_received":47099,"messages_sent":65578,"pending_blocking":0,"snapshot_updates":47052},"event":"CLIENT_HEALTH","player":"b","process_id":4048,"time_msec":4225011}
[m7_client] {"details":{"async_rejections":0,"async_results":0,"buffered_results":0,"item_updates":1,"joined":false,"last_error_code":"","messages_received":47099,"messages_sent":65578,"pending_blocking":0,"snapshot_updates":47052},"event":"CLIENT_HEALTH","player":"b","process_id":4048,"time_msec":4227011}
[m7_client] {"details":{"async_rejections":0,"async_results":0,"buffered_results":0,"item_updates":1,"joined":false,"last_error_code":"","messages_received":47099,"messages_sent":65578,"pending_blocking":0,"snapshot_updates":47052},"event":"CLIENT_HEALTH","player":"b","process_id":4048,"time_msec":4229011}
[m7_client] {"details":{"async_rejections":0,"async_results":0,"buffered_results":0,"item_updates":1,"joined":false,"last_error_code":"","messages_received":47099,"messages_sent":65578,"pending_blocking":0,"snapshot_updates":47052},"event":"CLIENT_HEALTH","player":"b","process_id":4048,"time_msec":4231011}
[m7_client] {"details":{"async_rejections":0,"async_results":0,"buffered_results":0,"item_updates":1,"joined":false,"last_error_code":"","messages_received":47099,"messages_sent":65578,"pending_blocking":0,"snapshot_updates":47052},"event":"CLIENT_HEALTH","player":"b","process_id":4048,"time_msec":4233016}
[m7_client] {"details":{"async_rejections":0,"async_results":0,"buffered_results":0,"item_updates":1,"joined":false,"last_error_code":"","messages_received":47099,"messages_sent":65578,"pending_blocking":0,"snapshot_updates":47052},"event":"CLIENT_HEALTH","player":"b","process_id":4048,"time_msec":4235016}
[m7_client] {"details":{"async_rejections":0,"async_results":0,"buffered_results":0,"item_updates":1,"joined":false,"last_error_code":"","messages_received":47099,"messages_sent":65578,"pending_blocking":0,"snapshot_updates":47052},"event":"CLIENT_HEALTH","player":"b","process_id":4048,"time_msec":4237016}
[m7_client] {"details":{"async_rejections":0,"async_results":0,"buffered_results":0,"item_updates":1,"joined":false,"last_error_code":"","messages_received":47099,"messages_sent":65578,"pending_blocking":0,"snapshot_updates":47052},"event":"CLIENT_HEALTH","player":"b","process_id":4048,"time_msec":4239016}
[m7_client] {"details":{"async_rejections":0,"async_results":0,"buffered_results":0,"item_updates":1,"joined":false,"last_error_code":"","messages_received":47099,"messages_sent":65578,"pending_blocking":0,"snapshot_updates":47052},"event":"CLIENT_HEALTH","player":"b","process_id":4048,"time_msec":4241016}
[m7_client] {"details":{"async_rejections":0,"async_results":0,"buffered_results":0,"item_updates":1,"joined":false,"last_error_code":"","messages_received":47099,"messages_sent":65578,"pending_blocking":0,"snapshot_updates":47052},"event":"CLIENT_HEALTH","player":"b","process_id":4048,"time_msec":4243016}
[m7_client] {"details":{"async_rejections":0,"async_results":0,"buffered_results":0,"item_updates":1,"joined":false,"last_error_code":"","messages_received":47099,"messages_sent":65578,"pending_blocking":0,"snapshot_updates":47052},"event":"CLIENT_HEALTH","player":"b","process_id":4048,"time_msec":4245022}
[m7_client] {"details":{"async_rejections":0,"async_results":0,"buffered_results":0,"item_updates":1,"joined":false,"last_error_code":"","messages_received":47099,"messages_sent":65578,"pending_blocking":0,"snapshot_updates":47052},"event":"CLIENT_HEALTH","player":"b","process_id":4048,"time_msec":4247027}
[m7_client] {"details":{"async_rejections":0,"async_results":0,"buffered_results":0,"item_updates":1,"joined":false,"last_error_code":"","messages_received":47099,"messages_sent":65578,"pending_blocking":0,"snapshot_updates":47052},"event":"CLIENT_HEALTH","player":"b","process_id":4048,"time_msec":4249027}
[m7_client] {"details":{"async_rejections":0,"async_results":0,"buffered_results":0,"item_updates":1,"joined":false,"last_error_code":"","messages_received":47099,"messages_sent":65578,"pending_blocking":0,"snapshot_updates":47052},"event":"CLIENT_HEALTH","player":"b","process_id":4048,"time_msec":4251027}
[m7_client] {"details":{"async_rejections":0,"async_results":0,"buffered_results":0,"item_updates":1,"joined":false,"last_error_code":"","messages_received":47099,"messages_sent":65578,"pending_blocking":0,"snapshot_updates":47052},"event":"CLIENT_HEALTH","player":"b","process_id":4048,"time_msec":4253027}
[m7_client] {"details":{"async_rejections":0,"async_results":0,"buffered_results":0,"item_updates":1,"joined":false,"last_error_code":"","messages_received":47099,"messages_sent":65578,"pending_blocking":0,"snapshot_updates":47052},"event":"CLIENT_HEALTH","player":"b","process_id":4048,"time_msec":4255028}
[m7_client] {"details":{"async_rejections":0,"async_results":0,"buffered_results":0,"item_updates":1,"joined":false,"last_error_code":"","messages_received":47099,"messages_sent":65578,"pending_blocking":0,"snapshot_updates":47052},"event":"CLIENT_HEALTH","player":"b","process_id":4048,"time_msec":4257033}
[m7_client] {"details":{"async_rejections":0,"async_results":0,"buffered_results":0,"item_updates":1,"joined":false,"last_error_code":"","messages_received":47099,"messages_sent":65578,"pending_blocking":0,"snapshot_updates":47052},"event":"CLIENT_HEALTH","player":"b","process_id":4048,"time_msec":4259033}
[m7_client] {"details":{"async_rejections":0,"async_results":0,"buffered_results":0,"item_updates":1,"joined":false,"last_error_code":"","messages_received":47099,"messages_sent":65578,"pending_blocking":0,"snapshot_updates":47052},"event":"CLIENT_HEALTH","player":"b","process_id":4048,"time_msec":4261038}
[m7_client] {"details":{"async_rejections":0,"async_results":0,"buffered_results":0,"item_updates":1,"joined":false,"last_error_code":"","messages_received":47099,"messages_sent":65578,"pending_blocking":0,"snapshot_updates":47052},"event":"CLIENT_HEALTH","player":"b","process_id":4048,"time_msec":4263038}
[m7_client] {"details":{"async_rejections":0,"async_results":0,"buffered_results":0,"item_updates":1,"joined":false,"last_error_code":"","messages_received":47099,"messages_sent":65578,"pending_blocking":0,"snapshot_updates":47052},"event":"CLIENT_HEALTH","player":"b","process_id":4048,"time_msec":4265038}
[m7_client] {"details":{"async_rejections":0,"async_results":0,"buffered_results":0,"item_updates":1,"joined":false,"last_error_code":"","messages_received":47099,"messages_sent":65578,"pending_blocking":0,"snapshot_updates":47052},"event":"CLIENT_HEALTH","player":"b","process_id":4048,"time_msec":4267038}
[m7_client] {"details":{"async_rejections":0,"async_results":0,"buffered_results":0,"item_updates":1,"joined":false,"last_error_code":"","messages_received":47099,"messages_sent":65578,"pending_blocking":0,"snapshot_updates":47052},"event":"CLIENT_HEALTH","player":"b","process_id":4048,"time_msec":4269038}
[m7_client] {"details":{"async_rejections":0,"async_results":0,"buffered_results":0,"item_updates":1,"joined":false,"last_error_code":"","messages_received":47099,"messages_sent":65578,"pending_blocking":0,"snapshot_updates":47052},"event":"CLIENT_HEALTH","player":"b","process_id":4048,"time_msec":4271038}
[m7_client] {"details":{"async_rejections":0,"async_results":0,"buffered_results":0,"item_updates":1,"joined":false,"last_error_code":"","messages_received":47099,"messages_sent":65578,"pending_blocking":0,"snapshot_updates":47052},"event":"CLIENT_HEALTH","player":"b","process_id":4048,"time_msec":4273038}
[m7_client] {"details":{"async_rejections":0,"async_results":0,"buffered_results":0,"item_updates":1,"joined":false,"last_error_code":"","messages_received":47099,"messages_sent":65578,"pending_blocking":0,"snapshot_updates":47052},"event":"CLIENT_HEALTH","player":"b","process_id":4048,"time_msec":4275043}
[m7_client] {"details":{"async_rejections":0,"async_results":0,"buffered_results":0,"item_updates":1,"joined":false,"last_error_code":"","messages_received":47099,"messages_sent":65578,"pending_blocking":0,"snapshot_updates":47052},"event":"CLIENT_HEALTH","player":"b","process_id":4048,"time_msec":4277043}
[m7_client] {"details":{"async_rejections":0,"async_results":0,"buffered_results":0,"item_updates":1,"joined":false,"last_error_code":"","messages_received":47099,"messages_sent":65578,"pending_blocking":0,"snapshot_updates":47052},"event":"CLIENT_HEALTH","player":"b","process_id":4048,"time_msec":4279043}
[m7_client] {"details":{"async_rejections":0,"async_results":0,"buffered_results":0,"item_updates":1,"joined":false,"last_error_code":"","messages_received":47099,"messages_sent":65578,"pending_blocking":0,"snapshot_updates":47052},"event":"CLIENT_HEALTH","player":"b","process_id":4048,"time_msec":4281043}
[m7_client] {"details":{"async_rejections":0,"async_results":0,"buffered_results":0,"item_updates":1,"joined":false,"last_error_code":"","messages_received":47099,"messages_sent":65578,"pending_blocking":0,"snapshot_updates":47052},"event":"CLIENT_HEALTH","player":"b","process_id":4048,"time_msec":4283043}
[m7_client] {"details":{"async_rejections":0,"async_results":0,"buffered_results":0,"item_updates":1,"joined":false,"last_error_code":"","messages_received":47099,"messages_sent":65578,"pending_blocking":0,"snapshot_updates":47052},"event":"CLIENT_HEALTH","player":"b","process_id":4048,"time_msec":4285043}
[m7_client] {"details":{"async_rejections":0,"async_results":0,"buffered_results":0,"item_updates":1,"joined":false,"last_error_code":"","messages_received":47099,"messages_sent":65578,"pending_blocking":0,"snapshot_updates":47052},"event":"CLIENT_HEALTH","player":"b","process_id":4048,"time_msec":4287043}
[m7_client] {"details":{"async_rejections":0,"async_results":0,"buffered_results":0,"item_updates":1,"joined":false,"last_error_code":"","messages_received":47099,"messages_sent":65578,"pending_blocking":0,"snapshot_updates":47052},"event":"CLIENT_HEALTH","player":"b","process_id":4048,"time_msec":4289049}
[m7_client] {"details":{"async_rejections":0,"async_results":0,"buffered_results":0,"item_updates":1,"joined":false,"last_error_code":"","messages_received":47099,"messages_sent":65578,"pending_blocking":0,"snapshot_updates":47052},"event":"CLIENT_HEALTH","player":"b","process_id":4048,"time_msec":4291054}
[m7_client] {"details":{"async_rejections":0,"async_results":0,"buffered_results":0,"item_updates":1,"joined":false,"last_error_code":"","messages_received":47099,"messages_sent":65578,"pending_blocking":0,"snapshot_updates":47052},"event":"CLIENT_HEALTH","player":"b","process_id":4048,"time_msec":4293054}
[m7_client] {"details":{"async_rejections":0,"async_results":0,"buffered_results":0,"item_updates":1,"joined":false,"last_error_code":"","messages_received":47099,"messages_sent":65578,"pending_blocking":0,"snapshot_updates":47052},"event":"CLIENT_HEALTH","player":"b","process_id":4048,"time_msec":4295054}
[m7_client] {"details":{"async_rejections":0,"async_results":0,"buffered_results":0,"item_updates":1,"joined":false,"last_error_code":"","messages_received":47099,"messages_sent":65578,"pending_blocking":0,"snapshot_updates":47052},"event":"CLIENT_HEALTH","player":"b","process_id":4048,"time_msec":4297054}
[m7_client] {"details":{"async_rejections":0,"async_results":0,"buffered_results":0,"item_updates":1,"joined":false,"last_error_code":"","messages_received":47099,"messages_sent":65578,"pending_blocking":0,"snapshot_updates":47052},"event":"CLIENT_HEALTH","player":"b","process_id":4048,"time_msec":4299054}
[m7_client] {"details":{"async_rejections":0,"async_results":0,"buffered_results":0,"item_updates":1,"joined":false,"last_error_code":"","messages_received":47099,"messages_sent":65578,"pending_blocking":0,"snapshot_updates":47052},"event":"CLIENT_HEALTH","player":"b","process_id":4048,"time_msec":4301054}
[m7_client] {"details":{"async_rejections":0,"async_results":0,"buffered_results":0,"item_updates":1,"joined":false,"last_error_code":"","messages_received":47099,"messages_sent":65578,"pending_blocking":0,"snapshot_updates":47052},"event":"CLIENT_HEALTH","player":"b","process_id":4048,"time_msec":4303059}
[m7_client] {"details":{"async_rejections":0,"async_results":0,"buffered_results":0,"item_updates":1,"joined":false,"last_error_code":"","messages_received":47099,"messages_sent":65578,"pending_blocking":0,"snapshot_updates":47052},"event":"CLIENT_HEALTH","player":"b","process_id":4048,"time_msec":4305059}
[m7_client] {"details":{"async_rejections":0,"async_results":0,"buffered_results":0,"item_updates":1,"joined":false,"last_error_code":"","messages_received":47099,"messages_sent":65578,"pending_blocking":0,"snapshot_updates":47052},"event":"CLIENT_HEALTH","player":"b","process_id":4048,"time_msec":4307059}
[m7_client] {"details":{"async_rejections":0,"async_results":0,"buffered_results":0,"item_updates":1,"joined":false,"last_error_code":"","messages_received":47099,"messages_sent":65578,"pending_blocking":0,"snapshot_updates":47052},"event":"CLIENT_HEALTH","player":"b","process_id":4048,"time_msec":4309059}
[m7_client] {"details":{"async_rejections":0,"async_results":0,"buffered_results":0,"item_updates":1,"joined":false,"last_error_code":"","messages_received":47099,"messages_sent":65578,"pending_blocking":0,"snapshot_updates":47052},"event":"CLIENT_HEALTH","player":"b","process_id":4048,"time_msec":4311059}
[m7_client] {"details":{"async_rejections":0,"async_results":0,"buffered_results":0,"item_updates":1,"joined":false,"last_error_code":"","messages_received":47099,"messages_sent":65578,"pending_blocking":0,"snapshot_updates":47052},"event":"CLIENT_HEALTH","player":"b","process_id":4048,"time_msec":4313059}
[m7_client] {"details":{"async_rejections":0,"async_results":0,"buffered_results":0,"item_updates":1,"joined":false,"last_error_code":"","messages_received":47099,"messages_sent":65578,"pending_blocking":0,"snapshot_updates":47052},"event":"CLIENT_HEALTH","player":"b","process_id":4048,"time_msec":4315059}
[m7_client] {"details":{"async_rejections":0,"async_results":0,"buffered_results":0,"item_updates":1,"joined":false,"last_error_code":"","messages_received":47099,"messages_sent":65578,"pending_blocking":0,"snapshot_updates":47052},"event":"CLIENT_HEALTH","player":"b","process_id":4048,"time_msec":4317065}
[m7_client] {"details":{"async_rejections":0,"async_results":0,"buffered_results":0,"item_updates":1,"joined":false,"last_error_code":"","messages_received":47099,"messages_sent":65578,"pending_blocking":0,"snapshot_updates":47052},"event":"CLIENT_HEALTH","player":"b","process_id":4048,"time_msec":4319070}
[m7_client] {"details":{"async_rejections":0,"async_results":0,"buffered_results":0,"item_updates":1,"joined":false,"last_error_code":"","messages_received":47099,"messages_sent":65578,"pending_blocking":0,"snapshot_updates":47052},"event":"CLIENT_HEALTH","player":"b","process_id":4048,"time_msec":4321070}
[m7_client] {"details":{"async_rejections":0,"async_results":0,"buffered_results":0,"item_updates":1,"joined":false,"last_error_code":"","messages_received":47099,"messages_sent":65578,"pending_blocking":0,"snapshot_updates":47052},"event":"CLIENT_HEALTH","player":"b","process_id":4048,"time_msec":4323070}
[m7_client] {"details":{"async_rejections":0,"async_results":0,"buffered_results":0,"item_updates":1,"joined":false,"last_error_code":"","messages_received":47099,"messages_sent":65578,"pending_blocking":0,"snapshot_updates":47052},"event":"CLIENT_HEALTH","player":"b","process_id":4048,"time_msec":4325070}
[m7_client] {"details":{"async_rejections":0,"async_results":0,"buffered_results":0,"item_updates":1,"joined":false,"last_error_code":"","messages_received":47099,"messages_sent":65578,"pending_blocking":0,"snapshot_updates":47052},"event":"CLIENT_HEALTH","player":"b","process_id":4048,"time_msec":4327070}
[m7_client] {"details":{"async_rejections":0,"async_results":0,"buffered_results":0,"item_updates":1,"joined":false,"last_error_code":"","messages_received":47099,"messages_sent":65578,"pending_blocking":0,"snapshot_updates":47052},"event":"CLIENT_HEALTH","player":"b","process_id":4048,"time_msec":4329070}
[m7_client] {"details":{"async_rejections":0,"async_results":0,"buffered_results":0,"item_updates":1,"joined":false,"last_error_code":"","messages_received":47099,"messages_sent":65578,"pending_blocking":0,"snapshot_updates":47052},"event":"CLIENT_HEALTH","player":"b","process_id":4048,"time_msec":4331076}
[m7_client] {"details":{"async_rejections":0,"async_results":0,"buffered_results":0,"item_updates":1,"joined":false,"last_error_code":"","messages_received":47099,"messages_sent":65578,"pending_blocking":0,"snapshot_updates":47052},"event":"CLIENT_HEALTH","player":"b","process_id":4048,"time_msec":4333081}
[m7_client] {"details":{"async_rejections":0,"async_results":0,"buffered_results":0,"item_updates":1,"joined":false,"last_error_code":"","messages_received":47099,"messages_sent":65578,"pending_blocking":0,"snapshot_updates":47052},"event":"CLIENT_HEALTH","player":"b","process_id":4048,"time_msec":4335081}
[m7_client] {"details":{"async_rejections":0,"async_results":0,"buffered_results":0,"item_updates":1,"joined":false,"last_error_code":"","messages_received":47099,"messages_sent":65578,"pending_blocking":0,"snapshot_updates":47052},"event":"CLIENT_HEALTH","player":"b","process_id":4048,"time_msec":4337081}
[m7_client] {"details":{"async_rejections":0,"async_results":0,"buffered_results":0,"item_updates":1,"joined":false,"last_error_code":"","messages_received":47099,"messages_sent":65578,"pending_blocking":0,"snapshot_updates":47052},"event":"CLIENT_HEALTH","player":"b","process_id":4048,"time_msec":4339081}
[m7_client] {"details":{"async_rejections":0,"async_results":0,"buffered_results":0,"item_updates":1,"joined":false,"last_error_code":"","messages_received":47099,"messages_sent":65578,"pending_blocking":0,"snapshot_updates":47052},"event":"CLIENT_HEALTH","player":"b","process_id":4048,"time_msec":4341081}
[m7_client] {"details":{"async_rejections":0,"async_results":0,"buffered_results":0,"item_updates":1,"joined":false,"last_error_code":"","messages_received":47099,"messages_sent":65578,"pending_blocking":0,"snapshot_updates":47052},"event":"CLIENT_HEALTH","player":"b","process_id":4048,"time_msec":4343081}
[m7_client] {"details":{"async_rejections":0,"async_results":0,"buffered_results":0,"item_updates":1,"joined":false,"last_error_code":"","messages_received":47099,"messages_sent":65578,"pending_blocking":0,"snapshot_updates":47052},"event":"CLIENT_HEALTH","player":"b","process_id":4048,"time_msec":4345081}
[m7_client] {"details":{"async_rejections":0,"async_results":0,"buffered_results":0,"item_updates":1,"joined":false,"last_error_code":"","messages_received":47099,"messages_sent":65578,"pending_blocking":0,"snapshot_updates":47052},"event":"CLIENT_HEALTH","player":"b","process_id":4048,"time_msec":4347083}
[m7_client] {"details":{"async_rejections":0,"async_results":0,"buffered_results":0,"item_updates":1,"joined":false,"last_error_code":"","messages_received":47099,"messages_sent":65578,"pending_blocking":0,"snapshot_updates":47052},"event":"CLIENT_HEALTH","player":"b","process_id":4048,"time_msec":4349086}
[m7_client] {"details":{"async_rejections":0,"async_results":0,"buffered_results":0,"item_updates":1,"joined":false,"last_error_code":"","messages_received":47099,"messages_sent":65578,"pending_blocking":0,"snapshot_updates":47052},"event":"CLIENT_HEALTH","player":"b","process_id":4048,"time_msec":4351086}
[m7_client] {"details":{"async_rejections":0,"async_results":0,"buffered_results":0,"item_updates":1,"joined":false,"last_error_code":"","messages_received":47099,"messages_sent":65578,"pending_blocking":0,"snapshot_updates":47052},"event":"CLIENT_HEALTH","player":"b","process_id":4048,"time_msec":4353086}
[m7_client] {"details":{"async_rejections":0,"async_results":0,"buffered_results":0,"item_updates":1,"joined":false,"last_error_code":"","messages_received":47099,"messages_sent":65578,"pending_blocking":0,"snapshot_updates":47052},"event":"CLIENT_HEALTH","player":"b","process_id":4048,"time_msec":4355086}
[m7_client] {"details":{"async_rejections":0,"async_results":0,"buffered_results":0,"item_updates":1,"joined":false,"last_error_code":"","messages_received":47099,"messages_sent":65578,"pending_blocking":0,"snapshot_updates":47052},"event":"CLIENT_HEALTH","player":"b","process_id":4048,"time_msec":4357086}
[m7_client] {"details":{"async_rejections":0,"async_results":0,"buffered_results":0,"item_updates":1,"joined":false,"last_error_code":"","messages_received":47099,"messages_sent":65578,"pending_blocking":0,"snapshot_updates":47052},"event":"CLIENT_HEALTH","player":"b","process_id":4048,"time_msec":4359086}
[m7_client] {"details":{"async_rejections":0,"async_results":0,"buffered_results":0,"item_updates":1,"joined":false,"last_error_code":"","messages_received":47099,"messages_sent":65578,"pending_blocking":0,"snapshot_updates":47052},"event":"CLIENT_HEALTH","player":"b","process_id":4048,"time_msec":4361091}
[m7_client] {"details":{"async_rejections":0,"async_results":0,"buffered_results":0,"item_updates":1,"joined":false,"last_error_code":"","messages_received":47099,"messages_sent":65578,"pending_blocking":0,"snapshot_updates":47052},"event":"CLIENT_HEALTH","player":"b","process_id":4048,"time_msec":4363091}
[m7_client] {"details":{"async_rejections":0,"async_results":0,"buffered_results":0,"item_updates":1,"joined":false,"last_error_code":"","messages_received":47099,"messages_sent":65578,"pending_blocking":0,"snapshot_updates":47052},"event":"CLIENT_HEALTH","player":"b","process_id":4048,"time_msec":4365091}
[m7_client] {"details":{"async_rejections":0,"async_results":0,"buffered_results":0,"item_updates":1,"joined":false,"last_error_code":"","messages_received":47099,"messages_sent":65578,"pending_blocking":0,"snapshot_updates":47052},"event":"CLIENT_HEALTH","player":"b","process_id":4048,"time_msec":4367091}
[m7_client] {"details":{"async_rejections":0,"async_results":0,"buffered_results":0,"item_updates":1,"joined":false,"last_error_code":"","messages_received":47099,"messages_sent":65578,"pending_blocking":0,"snapshot_updates":47052},"event":"CLIENT_HEALTH","player":"b","process_id":4048,"time_msec":4369091}
[m7_client] {"details":{"async_rejections":0,"async_results":0,"buffered_results":0,"item_updates":1,"joined":false,"last_error_code":"","messages_received":47099,"messages_sent":65578,"pending_blocking":0,"snapshot_updates":47052},"event":"CLIENT_HEALTH","player":"b","process_id":4048,"time_msec":4371091}
[m7_client] {"details":{"async_rejections":0,"async_results":0,"buffered_results":0,"item_updates":1,"joined":false,"last_error_code":"","messages_received":47099,"messages_sent":65578,"pending_blocking":0,"snapshot_updates":47052},"event":"CLIENT_HEALTH","player":"b","process_id":4048,"time_msec":4373092}
[m7_client] {"details":{"async_rejections":0,"async_results":0,"buffered_results":0,"item_updates":1,"joined":false,"last_error_code":"","messages_received":47099,"messages_sent":65578,"pending_blocking":0,"snapshot_updates":47052},"event":"CLIENT_HEALTH","player":"b","process_id":4048,"time_msec":4375096}
[m7_client] {"details":{"async_rejections":0,"async_results":0,"buffered_results":0,"item_updates":1,"joined":false,"last_error_code":"","messages_received":47099,"messages_sent":65578,"pending_blocking":0,"snapshot_updates":47052},"event":"CLIENT_HEALTH","player":"b","process_id":4048,"time_msec":4377096}
[m7_client] {"details":{"async_rejections":0,"async_results":0,"buffered_results":0,"item_updates":1,"joined":false,"last_error_code":"","messages_received":47099,"messages_sent":65578,"pending_blocking":0,"snapshot_updates":47052},"event":"CLIENT_HEALTH","player":"b","process_id":4048,"time_msec":4379096}
[m7_client] {"details":{"async_rejections":0,"async_results":0,"buffered_results":0,"item_updates":1,"joined":false,"last_error_code":"","messages_received":47099,"messages_sent":65578,"pending_blocking":0,"snapshot_updates":47052},"event":"CLIENT_HEALTH","player":"b","process_id":4048,"time_msec":4381096}
[m7_client] {"details":{"async_rejections":0,"async_results":0,"buffered_results":0,"item_updates":1,"joined":false,"last_error_code":"","messages_received":47099,"messages_sent":65578,"pending_blocking":0,"snapshot_updates":47052},"event":"CLIENT_HEALTH","player":"b","process_id":4048,"time_msec":4383096}
[m7_client] {"details":{"async_rejections":0,"async_results":0,"buffered_results":0,"item_updates":1,"joined":false,"last_error_code":"","messages_received":47099,"messages_sent":65578,"pending_blocking":0,"snapshot_updates":47052},"event":"CLIENT_HEALTH","player":"b","process_id":4048,"time_msec":4385102}
[m7_client] {"details":{"async_rejections":0,"async_results":0,"buffered_results":0,"item_updates":1,"joined":false,"last_error_code":"","messages_received":47099,"messages_sent":65578,"pending_blocking":0,"snapshot_updates":47052},"event":"CLIENT_HEALTH","player":"b","process_id":4048,"time_msec":4387102}
[m7_client] {"details":{"async_rejections":0,"async_results":0,"buffered_results":0,"item_updates":1,"joined":false,"last_error_code":"","messages_received":47099,"messages_sent":65578,"pending_blocking":0,"snapshot_updates":47052},"event":"CLIENT_HEALTH","player":"b","process_id":4048,"time_msec":4389108}
[m7_client] {"details":{"async_rejections":0,"async_results":0,"buffered_results":0,"item_updates":1,"joined":false,"last_error_code":"","messages_received":47099,"messages_sent":65578,"pending_blocking":0,"snapshot_updates":47052},"event":"CLIENT_HEALTH","player":"b","process_id":4048,"time_msec":4391108}
[m7_client] {"details":{"async_rejections":0,"async_results":0,"buffered_results":0,"item_updates":1,"joined":false,"last_error_code":"","messages_received":47099,"messages_sent":65578,"pending_blocking":0,"snapshot_updates":47052},"event":"CLIENT_HEALTH","player":"b","process_id":4048,"time_msec":4393113}
[m7_client] {"details":{"async_rejections":0,"async_results":0,"buffered_results":0,"item_updates":1,"joined":false,"last_error_code":"","messages_received":47099,"messages_sent":65578,"pending_blocking":0,"snapshot_updates":47052},"event":"CLIENT_HEALTH","player":"b","process_id":4048,"time_msec":4395113}
[m7_client] {"details":{"async_rejections":0,"async_results":0,"buffered_results":0,"item_updates":1,"joined":false,"last_error_code":"","messages_received":47099,"messages_sent":65578,"pending_blocking":0,"snapshot_updates":47052},"event":"CLIENT_HEALTH","player":"b","process_id":4048,"time_msec":4397113}
[m7_client] {"details":{"async_rejections":0,"async_results":0,"buffered_results":0,"item_updates":1,"joined":false,"last_error_code":"","messages_received":47099,"messages_sent":65578,"pending_blocking":0,"snapshot_updates":47052},"event":"CLIENT_HEALTH","player":"b","process_id":4048,"time_msec":4399113}
[m7_client] {"details":{"async_rejections":0,"async_results":0,"buffered_results":0,"item_updates":1,"joined":false,"last_error_code":"","messages_received":47099,"messages_sent":65578,"pending_blocking":0,"snapshot_updates":47052},"event":"CLIENT_HEALTH","player":"b","process_id":4048,"time_msec":4401113}
[m7_client] {"details":{"async_rejections":0,"async_results":0,"buffered_results":0,"item_updates":1,"joined":false,"last_error_code":"","messages_received":47099,"messages_sent":65578,"pending_blocking":0,"snapshot_updates":47052},"event":"CLIENT_HEALTH","player":"b","process_id":4048,"time_msec":4403119}
[m7_client] {"details":{"async_rejections":0,"async_results":0,"buffered_results":0,"item_updates":1,"joined":false,"last_error_code":"","messages_received":47099,"messages_sent":65578,"pending_blocking":0,"snapshot_updates":47052},"event":"CLIENT_HEALTH","player":"b","process_id":4048,"time_msec":4405119}
[m7_client] {"details":{"async_rejections":0,"async_results":0,"buffered_results":0,"item_updates":1,"joined":false,"last_error_code":"","messages_received":47099,"messages_sent":65578,"pending_blocking":0,"snapshot_updates":47052},"event":"CLIENT_HEALTH","player":"b","process_id":4048,"time_msec":4407124}
[m7_client] {"details":{"async_rejections":0,"async_results":0,"buffered_results":0,"item_updates":1,"joined":false,"last_error_code":"","messages_received":47099,"messages_sent":65578,"pending_blocking":0,"snapshot_updates":47052},"event":"CLIENT_HEALTH","player":"b","process_id":4048,"time_msec":4409124}
[m7_client] {"details":{"async_rejections":0,"async_results":0,"buffered_results":0,"item_updates":1,"joined":false,"last_error_code":"","messages_received":47099,"messages_sent":65578,"pending_blocking":0,"snapshot_updates":47052},"event":"CLIENT_HEALTH","player":"b","process_id":4048,"time_msec":4411124}
[m7_client] {"details":{"async_rejections":0,"async_results":0,"buffered_results":0,"item_updates":1,"joined":false,"last_error_code":"","messages_received":47099,"messages_sent":65578,"pending_blocking":0,"snapshot_updates":47052},"event":"CLIENT_HEALTH","player":"b","process_id":4048,"time_msec":4413124}
[m7_client] {"details":{"async_rejections":0,"async_results":0,"buffered_results":0,"item_updates":1,"joined":false,"last_error_code":"","messages_received":47099,"messages_sent":65578,"pending_blocking":0,"snapshot_updates":47052},"event":"CLIENT_HEALTH","player":"b","process_id":4048,"time_msec":4415124}
[m7_client] {"details":{"async_rejections":0,"async_results":0,"buffered_results":0,"item_updates":1,"joined":false,"last_error_code":"","messages_received":47099,"messages_sent":65578,"pending_blocking":0,"snapshot_updates":47052},"event":"CLIENT_HEALTH","player":"b","process_id":4048,"time_msec":4417124}
[m7_client] {"details":{"async_rejections":0,"async_results":0,"buffered_results":0,"item_updates":1,"joined":false,"last_error_code":"","messages_received":47099,"messages_sent":65578,"pending_blocking":0,"snapshot_updates":47052},"event":"CLIENT_HEALTH","player":"b","process_id":4048,"time_msec":4419124}
[m7_client] {"details":{"async_rejections":0,"async_results":0,"buffered_results":0,"item_updates":1,"joined":false,"last_error_code":"","messages_received":47099,"messages_sent":65578,"pending_blocking":0,"snapshot_updates":47052},"event":"CLIENT_HEALTH","player":"b","process_id":4048,"time_msec":4421129}
[m7_client] {"details":{"async_rejections":0,"async_results":0,"buffered_results":0,"item_updates":1,"joined":false,"last_error_code":"","messages_received":47099,"messages_sent":65578,"pending_blocking":0,"snapshot_updates":47052},"event":"CLIENT_HEALTH","player":"b","process_id":4048,"time_msec":4423129}
[m7_client] {"details":{"async_rejections":0,"async_results":0,"buffered_results":0,"item_updates":1,"joined":false,"last_error_code":"","messages_received":47099,"messages_sent":65578,"pending_blocking":0,"snapshot_updates":47052},"event":"CLIENT_HEALTH","player":"b","process_id":4048,"time_msec":4425129}
[m7_client] {"details":{"async_rejections":0,"async_results":0,"buffered_results":0,"item_updates":1,"joined":false,"last_error_code":"","messages_received":47099,"messages_sent":65578,"pending_blocking":0,"snapshot_updates":47052},"event":"CLIENT_HEALTH","player":"b","process_id":4048,"time_msec":4427129}
[m7_client] {"details":{"async_rejections":0,"async_results":0,"buffered_results":0,"item_updates":1,"joined":false,"last_error_code":"","messages_received":47099,"messages_sent":65578,"pending_blocking":0,"snapshot_updates":47052},"event":"CLIENT_HEALTH","player":"b","process_id":4048,"time_msec":4429129}
[m7_client] {"details":{"async_rejections":0,"async_results":0,"buffered_results":0,"item_updates":1,"joined":false,"last_error_code":"","messages_received":47099,"messages_sent":65578,"pending_blocking":0,"snapshot_updates":47052},"event":"CLIENT_HEALTH","player":"b","process_id":4048,"time_msec":4431129}
[m7_client] {"details":{"async_rejections":0,"async_results":0,"buffered_results":0,"item_updates":1,"joined":false,"last_error_code":"","messages_received":47099,"messages_sent":65578,"pending_blocking":0,"snapshot_updates":47052},"event":"CLIENT_HEALTH","player":"b","process_id":4048,"time_msec":4433135}
[m7_client] {"details":{"async_rejections":0,"async_results":0,"buffered_results":0,"item_updates":1,"joined":false,"last_error_code":"","messages_received":47099,"messages_sent":65578,"pending_blocking":0,"snapshot_updates":47052},"event":"CLIENT_HEALTH","player":"b","process_id":4048,"time_msec":4435141}
[m7_client] {"details":{"async_rejections":0,"async_results":0,"buffered_results":0,"item_updates":1,"joined":false,"last_error_code":"","messages_received":47099,"messages_sent":65578,"pending_blocking":0,"snapshot_updates":47052},"event":"CLIENT_HEALTH","player":"b","process_id":4048,"time_msec":4437146}
[m7_client] {"details":{"async_rejections":0,"async_results":0,"buffered_results":0,"item_updates":1,"joined":false,"last_error_code":"","messages_received":47099,"messages_sent":65578,"pending_blocking":0,"snapshot_updates":47052},"event":"CLIENT_HEALTH","player":"b","process_id":4048,"time_msec":4439147}
[m7_client] {"details":{"async_rejections":0,"async_results":0,"buffered_results":0,"item_updates":1,"joined":false,"last_error_code":"","messages_received":47099,"messages_sent":65578,"pending_blocking":0,"snapshot_updates":47052},"event":"CLIENT_HEALTH","player":"b","process_id":4048,"time_msec":4441152}
[m7_client] {"details":{"async_rejections":0,"async_results":0,"buffered_results":0,"item_updates":1,"joined":false,"last_error_code":"","messages_received":47099,"messages_sent":65578,"pending_blocking":0,"snapshot_updates":47052},"event":"CLIENT_HEALTH","player":"b","process_id":4048,"time_msec":4443152}
[m7_client] {"details":{"async_rejections":0,"async_results":0,"buffered_results":0,"item_updates":1,"joined":false,"last_error_code":"","messages_received":47099,"messages_sent":65578,"pending_blocking":0,"snapshot_updates":47052},"event":"CLIENT_HEALTH","player":"b","process_id":4048,"time_msec":4445152}
[m7_client] {"details":{"async_rejections":0,"async_results":0,"buffered_results":0,"item_updates":1,"joined":false,"last_error_code":"","messages_received":47099,"messages_sent":65578,"pending_blocking":0,"snapshot_updates":47052},"event":"CLIENT_HEALTH","player":"b","process_id":4048,"time_msec":4447152}
[m7_client] {"details":{"async_rejections":0,"async_results":0,"buffered_results":0,"item_updates":1,"joined":false,"last_error_code":"","messages_received":47099,"messages_sent":65578,"pending_blocking":0,"snapshot_updates":47052},"event":"CLIENT_HEALTH","player":"b","process_id":4048,"time_msec":4449152}
[m7_client] {"details":{"async_rejections":0,"async_results":0,"buffered_results":0,"item_updates":1,"joined":false,"last_error_code":"","messages_received":47099,"messages_sent":65578,"pending_blocking":0,"snapshot_updates":47052},"event":"CLIENT_HEALTH","player":"b","process_id":4048,"time_msec":4451157}
[m7_client] {"details":{"async_rejections":0,"async_results":0,"buffered_results":0,"item_updates":1,"joined":false,"last_error_code":"","messages_received":47099,"messages_sent":65578,"pending_blocking":0,"snapshot_updates":47052},"event":"CLIENT_HEALTH","player":"b","process_id":4048,"time_msec":4453157}
[m7_client] {"details":{"async_rejections":0,"async_results":0,"buffered_results":0,"item_updates":1,"joined":false,"last_error_code":"","messages_received":47099,"messages_sent":65578,"pending_blocking":0,"snapshot_updates":47052},"event":"CLIENT_HEALTH","player":"b","process_id":4048,"time_msec":4455157}
[m7_client] {"details":{"async_rejections":0,"async_results":0,"buffered_results":0,"item_updates":1,"joined":false,"last_error_code":"","messages_received":47099,"messages_sent":65578,"pending_blocking":0,"snapshot_updates":47052},"event":"CLIENT_HEALTH","player":"b","process_id":4048,"time_msec":4457157}
[m7_client] {"details":{"async_rejections":0,"async_results":0,"buffered_results":0,"item_updates":1,"joined":false,"last_error_code":"","messages_received":47099,"messages_sent":65578,"pending_blocking":0,"snapshot_updates":47052},"event":"CLIENT_HEALTH","player":"b","process_id":4048,"time_msec":4459157}
[m7_client] {"details":{"async_rejections":0,"async_results":0,"buffered_results":0,"item_updates":1,"joined":false,"last_error_code":"","messages_received":47099,"messages_sent":65578,"pending_blocking":0,"snapshot_updates":47052},"event":"CLIENT_HEALTH","player":"b","process_id":4048,"time_msec":4461157}
[m7_client] {"details":{"async_rejections":0,"async_results":0,"buffered_results":0,"item_updates":1,"joined":false,"last_error_code":"","messages_received":47099,"messages_sent":65578,"pending_blocking":0,"snapshot_updates":47052},"event":"CLIENT_HEALTH","player":"b","process_id":4048,"time_msec":4463162}
[m7_client] {"details":{"async_rejections":0,"async_results":0,"buffered_results":0,"item_updates":1,"joined":false,"last_error_code":"","messages_received":47099,"messages_sent":65578,"pending_blocking":0,"snapshot_updates":47052},"event":"CLIENT_HEALTH","player":"b","process_id":4048,"time_msec":4465162}
[m7_client] {"details":{"async_rejections":0,"async_results":0,"buffered_results":0,"item_updates":1,"joined":false,"last_error_code":"","messages_received":47099,"messages_sent":65578,"pending_blocking":0,"snapshot_updates":47052},"event":"CLIENT_HEALTH","player":"b","process_id":4048,"time_msec":4467163}
[m7_client] {"details":{"async_rejections":0,"async_results":0,"buffered_results":0,"item_updates":1,"joined":false,"last_error_code":"","messages_received":47099,"messages_sent":65578,"pending_blocking":0,"snapshot_updates":47052},"event":"CLIENT_HEALTH","player":"b","process_id":4048,"time_msec":4469169}
[m7_client] {"details":{"async_rejections":0,"async_results":0,"buffered_results":0,"item_updates":1,"joined":false,"last_error_code":"","messages_received":47099,"messages_sent":65578,"pending_blocking":0,"snapshot_updates":47052},"event":"CLIENT_HEALTH","player":"b","process_id":4048,"time_msec":4471174}
[m7_client] {"details":{"async_rejections":0,"async_results":0,"buffered_results":0,"item_updates":1,"joined":false,"last_error_code":"","messages_received":47099,"messages_sent":65578,"pending_blocking":0,"snapshot_updates":47052},"event":"CLIENT_HEALTH","player":"b","process_id":4048,"time_msec":4473174}
[m7_client] {"details":{"async_rejections":0,"async_results":0,"buffered_results":0,"item_updates":1,"joined":false,"last_error_code":"","messages_received":47099,"messages_sent":65578,"pending_blocking":0,"snapshot_updates":47052},"event":"CLIENT_HEALTH","player":"b","process_id":4048,"time_msec":4475175}
[m7_client] {"details":{"async_rejections":0,"async_results":0,"buffered_results":0,"item_updates":1,"joined":false,"last_error_code":"","messages_received":47099,"messages_sent":65578,"pending_blocking":0,"snapshot_updates":47052},"event":"CLIENT_HEALTH","player":"b","process_id":4048,"time_msec":4477180}
[m7_client] {"details":{"async_rejections":0,"async_results":0,"buffered_results":0,"item_updates":1,"joined":false,"last_error_code":"","messages_received":47099,"messages_sent":65578,"pending_blocking":0,"snapshot_updates":47052},"event":"CLIENT_HEALTH","player":"b","process_id":4048,"time_msec":4479180}
[m7_client] {"details":{"async_rejections":0,"async_results":0,"buffered_results":0,"item_updates":1,"joined":false,"last_error_code":"","messages_received":47099,"messages_sent":65578,"pending_blocking":0,"snapshot_updates":47052},"event":"CLIENT_HEALTH","player":"b","process_id":4048,"time_msec":4481185}
[m7_client] {"details":{"async_rejections":0,"async_results":0,"buffered_results":0,"item_updates":1,"joined":false,"last_error_code":"","messages_received":47099,"messages_sent":65578,"pending_blocking":0,"snapshot_updates":47052},"event":"CLIENT_HEALTH","player":"b","process_id":4048,"time_msec":4483185}
[m7_client] {"details":{"async_rejections":0,"async_results":0,"buffered_results":0,"item_updates":1,"joined":false,"last_error_code":"","messages_received":47099,"messages_sent":65578,"pending_blocking":0,"snapshot_updates":47052},"event":"CLIENT_HEALTH","player":"b","process_id":4048,"time_msec":4485185}
[m7_client] {"details":{"async_rejections":0,"async_results":0,"buffered_results":0,"item_updates":1,"joined":false,"last_error_code":"","messages_received":47099,"messages_sent":65578,"pending_blocking":0,"snapshot_updates":47052},"event":"CLIENT_HEALTH","player":"b","process_id":4048,"time_msec":4487185}
[m7_client] {"details":{"async_rejections":0,"async_results":0,"buffered_results":0,"item_updates":1,"joined":false,"last_error_code":"","messages_received":47099,"messages_sent":65578,"pending_blocking":0,"snapshot_updates":47052},"event":"CLIENT_HEALTH","player":"b","process_id":4048,"time_msec":4489185}
[m7_client] {"details":{"async_rejections":0,"async_results":0,"buffered_results":0,"item_updates":1,"joined":false,"last_error_code":"","messages_received":47099,"messages_sent":65578,"pending_blocking":0,"snapshot_updates":47052},"event":"CLIENT_HEALTH","player":"b","process_id":4048,"time_msec":4491185}
[m7_client] {"details":{"async_rejections":0,"async_results":0,"buffered_results":0,"item_updates":1,"joined":false,"last_error_code":"","messages_received":47099,"messages_sent":65578,"pending_blocking":0,"snapshot_updates":47052},"event":"CLIENT_HEALTH","player":"b","process_id":4048,"time_msec":4493191}
[m7_client] {"details":{"async_rejections":0,"async_results":0,"buffered_results":0,"item_updates":1,"joined":false,"last_error_code":"","messages_received":47099,"messages_sent":65578,"pending_blocking":0,"snapshot_updates":47052},"event":"CLIENT_HEALTH","player":"b","process_id":4048,"time_msec":4495197}
[m7_client] {"details":{"async_rejections":0,"async_results":0,"buffered_results":0,"item_updates":1,"joined":false,"last_error_code":"","messages_received":47099,"messages_sent":65578,"pending_blocking":0,"snapshot_updates":47052},"event":"CLIENT_HEALTH","player":"b","process_id":4048,"time_msec":4497197}
[m7_client] {"details":{"async_rejections":0,"async_results":0,"buffered_results":0,"item_updates":1,"joined":false,"last_error_code":"","messages_received":47099,"messages_sent":65578,"pending_blocking":0,"snapshot_updates":47052},"event":"CLIENT_HEALTH","player":"b","process_id":4048,"time_msec":4499202}
[m7_client] {"details":{"async_rejections":0,"async_results":0,"buffered_results":0,"item_updates":1,"joined":false,"last_error_code":"","messages_received":47099,"messages_sent":65578,"pending_blocking":0,"snapshot_updates":47052},"event":"CLIENT_HEALTH","player":"b","process_id":4048,"time_msec":4501202}
[m7_client] {"details":{"async_rejections":0,"async_results":0,"buffered_results":0,"item_updates":1,"joined":false,"last_error_code":"","messages_received":47099,"messages_sent":65578,"pending_blocking":0,"snapshot_updates":47052},"event":"CLIENT_HEALTH","player":"b","process_id":4048,"time_msec":4503202}
[m7_client] {"details":{"async_rejections":0,"async_results":0,"buffered_results":0,"item_updates":1,"joined":false,"last_error_code":"","messages_received":47099,"messages_sent":65578,"pending_blocking":0,"snapshot_updates":47052},"event":"CLIENT_HEALTH","player":"b","process_id":4048,"time_msec":4505202}
[m7_client] {"details":{"async_rejections":0,"async_results":0,"buffered_results":0,"item_updates":1,"joined":false,"last_error_code":"","messages_received":47099,"messages_sent":65578,"pending_blocking":0,"snapshot_updates":47052},"event":"CLIENT_HEALTH","player":"b","process_id":4048,"time_msec":4507202}
[m7_client] {"details":{"async_rejections":0,"async_results":0,"buffered_results":0,"item_updates":1,"joined":false,"last_error_code":"","messages_received":47099,"messages_sent":65578,"pending_blocking":0,"snapshot_updates":47052},"event":"CLIENT_HEALTH","player":"b","process_id":4048,"time_msec":4509207}
[m7_client] {"details":{"async_rejections":0,"async_results":0,"buffered_results":0,"item_updates":1,"joined":false,"last_error_code":"","messages_received":47099,"messages_sent":65578,"pending_blocking":0,"snapshot_updates":47052},"event":"CLIENT_HEALTH","player":"b","process_id":4048,"time_msec":4511207}
[m7_client] {"details":{"async_rejections":0,"async_results":0,"buffered_results":0,"item_updates":1,"joined":false,"last_error_code":"","messages_received":47099,"messages_sent":65578,"pending_blocking":0,"snapshot_updates":47052},"event":"CLIENT_HEALTH","player":"b","process_id":4048,"time_msec":4513207}
[m7_client] {"details":{"async_rejections":0,"async_results":0,"buffered_results":0,"item_updates":1,"joined":false,"last_error_code":"","messages_received":47099,"messages_sent":65578,"pending_blocking":0,"snapshot_updates":47052},"event":"CLIENT_HEALTH","player":"b","process_id":4048,"time_msec":4515207}
[m7_client] {"details":{"async_rejections":0,"async_results":0,"buffered_results":0,"item_updates":1,"joined":false,"last_error_code":"","messages_received":47099,"messages_sent":65578,"pending_blocking":0,"snapshot_updates":47052},"event":"CLIENT_HEALTH","player":"b","process_id":4048,"time_msec":4517207}
[m7_client] {"details":{"async_rejections":0,"async_results":0,"buffered_results":0,"item_updates":1,"joined":false,"last_error_code":"","messages_received":47099,"messages_sent":65578,"pending_blocking":0,"snapshot_updates":47052},"event":"CLIENT_HEALTH","player":"b","process_id":4048,"time_msec":4519207}
[m7_client] {"details":{"async_rejections":0,"async_results":0,"buffered_results":0,"item_updates":1,"joined":false,"last_error_code":"","messages_received":47099,"messages_sent":65578,"pending_blocking":0,"snapshot_updates":47052},"event":"CLIENT_HEALTH","player":"b","process_id":4048,"time_msec":4521207}
[m7_client] {"details":{"async_rejections":0,"async_results":0,"buffered_results":0,"item_updates":1,"joined":false,"last_error_code":"","messages_received":47099,"messages_sent":65578,"pending_blocking":0,"snapshot_updates":47052},"event":"CLIENT_HEALTH","player":"b","process_id":4048,"time_msec":4523207}
[m7_client] {"details":{"async_rejections":0,"async_results":0,"buffered_results":0,"item_updates":1,"joined":false,"last_error_code":"","messages_received":47099,"messages_sent":65578,"pending_blocking":0,"snapshot_updates":47052},"event":"CLIENT_HEALTH","player":"b","process_id":4048,"time_msec":4525212}
[m7_client] {"details":{"async_rejections":0,"async_results":0,"buffered_results":0,"item_updates":1,"joined":false,"last_error_code":"","messages_received":47099,"messages_sent":65578,"pending_blocking":0,"snapshot_updates":47052},"event":"CLIENT_HEALTH","player":"b","process_id":4048,"time_msec":4527212}
[m7_client] {"details":{"async_rejections":0,"async_results":0,"buffered_results":0,"item_updates":1,"joined":false,"last_error_code":"","messages_received":47099,"messages_sent":65578,"pending_blocking":0,"snapshot_updates":47052},"event":"CLIENT_HEALTH","player":"b","process_id":4048,"time_msec":4529212}
[m7_client] {"details":{"async_rejections":0,"async_results":0,"buffered_results":0,"item_updates":1,"joined":false,"last_error_code":"","messages_received":47099,"messages_sent":65578,"pending_blocking":0,"snapshot_updates":47052},"event":"CLIENT_HEALTH","player":"b","process_id":4048,"time_msec":4531212}
[m7_client] {"details":{"async_rejections":0,"async_results":0,"buffered_results":0,"item_updates":1,"joined":false,"last_error_code":"","messages_received":47099,"messages_sent":65578,"pending_blocking":0,"snapshot_updates":47052},"event":"CLIENT_HEALTH","player":"b","process_id":4048,"time_msec":4533212}
[m7_client] {"details":{"async_rejections":0,"async_results":0,"buffered_results":0,"item_updates":1,"joined":false,"last_error_code":"","messages_received":47099,"messages_sent":65578,"pending_blocking":0,"snapshot_updates":47052},"event":"CLIENT_HEALTH","player":"b","process_id":4048,"time_msec":4535212}
[m7_client] {"details":{"async_rejections":0,"async_results":0,"buffered_results":0,"item_updates":1,"joined":false,"last_error_code":"","messages_received":47099,"messages_sent":65578,"pending_blocking":0,"snapshot_updates":47052},"event":"CLIENT_HEALTH","player":"b","process_id":4048,"time_msec":4537218}
[m7_client] {"details":{"async_rejections":0,"async_results":0,"buffered_results":0,"item_updates":1,"joined":false,"last_error_code":"","messages_received":47099,"messages_sent":65578,"pending_blocking":0,"snapshot_updates":47052},"event":"CLIENT_HEALTH","player":"b","process_id":4048,"time_msec":4539223}
[m7_client] {"details":{"async_rejections":0,"async_results":0,"buffered_results":0,"item_updates":1,"joined":false,"last_error_code":"","messages_received":47099,"messages_sent":65578,"pending_blocking":0,"snapshot_updates":47052},"event":"CLIENT_HEALTH","player":"b","process_id":4048,"time_msec":4541223}
[m7_client] {"details":{"async_rejections":0,"async_results":0,"buffered_results":0,"item_updates":1,"joined":false,"last_error_code":"","messages_received":47099,"messages_sent":65578,"pending_blocking":0,"snapshot_updates":47052},"event":"CLIENT_HEALTH","player":"b","process_id":4048,"time_msec":4543223}
[m7_client] {"details":{"async_rejections":0,"async_results":0,"buffered_results":0,"item_updates":1,"joined":false,"last_error_code":"","messages_received":47099,"messages_sent":65578,"pending_blocking":0,"snapshot_updates":47052},"event":"CLIENT_HEALTH","player":"b","process_id":4048,"time_msec":4545223}
[m7_client] {"details":{"async_rejections":0,"async_results":0,"buffered_results":0,"item_updates":1,"joined":false,"last_error_code":"","messages_received":47099,"messages_sent":65578,"pending_blocking":0,"snapshot_updates":47052},"event":"CLIENT_HEALTH","player":"b","process_id":4048,"time_msec":4547223}
[m7_client] {"details":{"async_rejections":0,"async_results":0,"buffered_results":0,"item_updates":1,"joined":false,"last_error_code":"","messages_received":47099,"messages_sent":65578,"pending_blocking":0,"snapshot_updates":47052},"event":"CLIENT_HEALTH","player":"b","process_id":4048,"time_msec":4549229}
[m7_client] {"details":{"async_rejections":0,"async_results":0,"buffered_results":0,"item_updates":1,"joined":false,"last_error_code":"","messages_received":47099,"messages_sent":65578,"pending_blocking":0,"snapshot_updates":47052},"event":"CLIENT_HEALTH","player":"b","process_id":4048,"time_msec":4551235}
[m7_client] {"details":{"async_rejections":0,"async_results":0,"buffered_results":0,"item_updates":1,"joined":false,"last_error_code":"","messages_received":47099,"messages_sent":65578,"pending_blocking":0,"snapshot_updates":47052},"event":"CLIENT_HEALTH","player":"b","process_id":4048,"time_msec":4553240}
[m7_client] {"details":{"async_rejections":0,"async_results":0,"buffered_results":0,"item_updates":1,"joined":false,"last_error_code":"","messages_received":47099,"messages_sent":65578,"pending_blocking":0,"snapshot_updates":47052},"event":"CLIENT_HEALTH","player":"b","process_id":4048,"time_msec":4555240}
[m7_client] {"details":{"async_rejections":0,"async_results":0,"buffered_results":0,"item_updates":1,"joined":false,"last_error_code":"","messages_received":47099,"messages_sent":65578,"pending_blocking":0,"snapshot_updates":47052},"event":"CLIENT_HEALTH","player":"b","process_id":4048,"time_msec":4557241}
[m7_client] {"details":{"async_rejections":0,"async_results":0,"buffered_results":0,"item_updates":1,"joined":false,"last_error_code":"","messages_received":47099,"messages_sent":65578,"pending_blocking":0,"snapshot_updates":47052},"event":"CLIENT_HEALTH","player":"b","process_id":4048,"time_msec":4559246}
[m7_client] {"details":{"async_rejections":0,"async_results":0,"buffered_results":0,"item_updates":1,"joined":false,"last_error_code":"","messages_received":47099,"messages_sent":65578,"pending_blocking":0,"snapshot_updates":47052},"event":"CLIENT_HEALTH","player":"b","process_id":4048,"time_msec":4561246}
[m7_client] {"details":{"async_rejections":0,"async_results":0,"buffered_results":0,"item_updates":1,"joined":false,"last_error_code":"","messages_received":47099,"messages_sent":65578,"pending_blocking":0,"snapshot_updates":47052},"event":"CLIENT_HEALTH","player":"b","process_id":4048,"time_msec":4563246}
[m7_client] {"details":{"async_rejections":0,"async_results":0,"buffered_results":0,"item_updates":1,"joined":false,"last_error_code":"","messages_received":47099,"messages_sent":65578,"pending_blocking":0,"snapshot_updates":47052},"event":"CLIENT_HEALTH","player":"b","process_id":4048,"time_msec":4565246}
[m7_client] {"details":{"async_rejections":0,"async_results":0,"buffered_results":0,"item_updates":1,"joined":false,"last_error_code":"","messages_received":47099,"messages_sent":65578,"pending_blocking":0,"snapshot_updates":47052},"event":"CLIENT_HEALTH","player":"b","process_id":4048,"time_msec":4567246}
[m7_client] {"details":{"async_rejections":0,"async_results":0,"buffered_results":0,"item_updates":1,"joined":false,"last_error_code":"","messages_received":47099,"messages_sent":65578,"pending_blocking":0,"snapshot_updates":47052},"event":"CLIENT_HEALTH","player":"b","process_id":4048,"time_msec":4569251}
[m7_client] {"details":{"async_rejections":0,"async_results":0,"buffered_results":0,"item_updates":1,"joined":false,"last_error_code":"","messages_received":47099,"messages_sent":65578,"pending_blocking":0,"snapshot_updates":47052},"event":"CLIENT_HEALTH","player":"b","process_id":4048,"time_msec":4571251}
[m7_client] {"details":{"async_rejections":0,"async_results":0,"buffered_results":0,"item_updates":1,"joined":false,"last_error_code":"","messages_received":47099,"messages_sent":65578,"pending_blocking":0,"snapshot_updates":47052},"event":"CLIENT_HEALTH","player":"b","process_id":4048,"time_msec":4573251}
[m7_client] {"details":{"async_rejections":0,"async_results":0,"buffered_results":0,"item_updates":1,"joined":false,"last_error_code":"","messages_received":47099,"messages_sent":65578,"pending_blocking":0,"snapshot_updates":47052},"event":"CLIENT_HEALTH","player":"b","process_id":4048,"time_msec":4575251}
[m7_client] {"details":{"async_rejections":0,"async_results":0,"buffered_results":0,"item_updates":1,"joined":false,"last_error_code":"","messages_received":47099,"messages_sent":65578,"pending_blocking":0,"snapshot_updates":47052},"event":"CLIENT_HEALTH","player":"b","process_id":4048,"time_msec":4577251}
[m7_client] {"details":{"async_rejections":0,"async_results":0,"buffered_results":0,"item_updates":1,"joined":false,"last_error_code":"","messages_received":47099,"messages_sent":65578,"pending_blocking":0,"snapshot_updates":47052},"event":"CLIENT_HEALTH","player":"b","process_id":4048,"time_msec":4579251}
[m7_client] {"details":{"async_rejections":0,"async_results":0,"buffered_results":0,"item_updates":1,"joined":false,"last_error_code":"","messages_received":47099,"messages_sent":65578,"pending_blocking":0,"snapshot_updates":47052},"event":"CLIENT_HEALTH","player":"b","process_id":4048,"time_msec":4581256}
[m7_client] {"details":{"async_rejections":0,"async_results":0,"buffered_results":0,"item_updates":1,"joined":false,"last_error_code":"","messages_received":47099,"messages_sent":65578,"pending_blocking":0,"snapshot_updates":47052},"event":"CLIENT_HEALTH","player":"b","process_id":4048,"time_msec":4583256}
[m7_client] {"details":{"async_rejections":0,"async_results":0,"buffered_results":0,"item_updates":1,"joined":false,"last_error_code":"","messages_received":47099,"messages_sent":65578,"pending_blocking":0,"snapshot_updates":47052},"event":"CLIENT_HEALTH","player":"b","process_id":4048,"time_msec":4585256}
[m7_client] {"details":{"async_rejections":0,"async_results":0,"buffered_results":0,"item_updates":1,"joined":false,"last_error_code":"","messages_received":47099,"messages_sent":65578,"pending_blocking":0,"snapshot_updates":47052},"event":"CLIENT_HEALTH","player":"b","process_id":4048,"time_msec":4587256}
[m7_client] {"details":{"async_rejections":0,"async_results":0,"buffered_results":0,"item_updates":1,"joined":false,"last_error_code":"","messages_received":47099,"messages_sent":65578,"pending_blocking":0,"snapshot_updates":47052},"event":"CLIENT_HEALTH","player":"b","process_id":4048,"time_msec":4589256}
[m7_client] {"details":{"async_rejections":0,"async_results":0,"buffered_results":0,"item_updates":1,"joined":false,"last_error_code":"","messages_received":47099,"messages_sent":65578,"pending_blocking":0,"snapshot_updates":47052},"event":"CLIENT_HEALTH","player":"b","process_id":4048,"time_msec":4591256}
[m7_client] {"details":{"async_rejections":0,"async_results":0,"buffered_results":0,"item_updates":1,"joined":false,"last_error_code":"","messages_received":47099,"messages_sent":65578,"pending_blocking":0,"snapshot_updates":47052},"event":"CLIENT_HEALTH","player":"b","process_id":4048,"time_msec":4593262}
[m7_client] {"details":{"async_rejections":0,"async_results":0,"buffered_results":0,"item_updates":1,"joined":false,"last_error_code":"","messages_received":47099,"messages_sent":65578,"pending_blocking":0,"snapshot_updates":47052},"event":"CLIENT_HEALTH","player":"b","process_id":4048,"time_msec":4595267}
[m7_client] {"details":{"async_rejections":0,"async_results":0,"buffered_results":0,"item_updates":1,"joined":false,"last_error_code":"","messages_received":47099,"messages_sent":65578,"pending_blocking":0,"snapshot_updates":47052},"event":"CLIENT_HEALTH","player":"b","process_id":4048,"time_msec":4597267}
[m7_client] {"details":{"async_rejections":0,"async_results":0,"buffered_results":0,"item_updates":1,"joined":false,"last_error_code":"","messages_received":47099,"messages_sent":65578,"pending_blocking":0,"snapshot_updates":47052},"event":"CLIENT_HEALTH","player":"b","process_id":4048,"time_msec":4599267}
[m7_client] {"details":{"async_rejections":0,"async_results":0,"buffered_results":0,"item_updates":1,"joined":false,"last_error_code":"","messages_received":47099,"messages_sent":65578,"pending_blocking":0,"snapshot_updates":47052},"event":"CLIENT_HEALTH","player":"b","process_id":4048,"time_msec":4601267}
[m7_client] {"details":{"async_rejections":0,"async_results":0,"buffered_results":0,"item_updates":1,"joined":false,"last_error_code":"","messages_received":47099,"messages_sent":65578,"pending_blocking":0,"snapshot_updates":47052},"event":"CLIENT_HEALTH","player":"b","process_id":4048,"time_msec":4603267}
[m7_client] {"details":{"async_rejections":0,"async_results":0,"buffered_results":0,"item_updates":1,"joined":false,"last_error_code":"","messages_received":47099,"messages_sent":65578,"pending_blocking":0,"snapshot_updates":47052},"event":"CLIENT_HEALTH","player":"b","process_id":4048,"time_msec":4605267}
[m7_client] {"details":{"async_rejections":0,"async_results":0,"buffered_results":0,"item_updates":1,"joined":false,"last_error_code":"","messages_received":47099,"messages_sent":65578,"pending_blocking":0,"snapshot_updates":47052},"event":"CLIENT_HEALTH","player":"b","process_id":4048,"time_msec":4607267}
[m7_client] {"details":{"async_rejections":0,"async_results":0,"buffered_results":0,"item_updates":1,"joined":false,"last_error_code":"","messages_received":47099,"messages_sent":65578,"pending_blocking":0,"snapshot_updates":47052},"event":"CLIENT_HEALTH","player":"b","process_id":4048,"time_msec":4609272}
[m7_client] {"details":{"async_rejections":0,"async_results":0,"buffered_results":0,"item_updates":1,"joined":false,"last_error_code":"","messages_received":47099,"messages_sent":65578,"pending_blocking":0,"snapshot_updates":47052},"event":"CLIENT_HEALTH","player":"b","process_id":4048,"time_msec":4611272}
[m7_client] {"details":{"async_rejections":0,"async_results":0,"buffered_results":0,"item_updates":1,"joined":false,"last_error_code":"","messages_received":47099,"messages_sent":65578,"pending_blocking":0,"snapshot_updates":47052},"event":"CLIENT_HEALTH","player":"b","process_id":4048,"time_msec":4613272}
[m7_client] {"details":{"async_rejections":0,"async_results":0,"buffered_results":0,"item_updates":1,"joined":false,"last_error_code":"","messages_received":47099,"messages_sent":65578,"pending_blocking":0,"snapshot_updates":47052},"event":"CLIENT_HEALTH","player":"b","process_id":4048,"time_msec":4615272}
[m7_client] {"details":{"async_rejections":0,"async_results":0,"buffered_results":0,"item_updates":1,"joined":false,"last_error_code":"","messages_received":47099,"messages_sent":65578,"pending_blocking":0,"snapshot_updates":47052},"event":"CLIENT_HEALTH","player":"b","process_id":4048,"time_msec":4617272}
[m7_client] {"details":{"async_rejections":0,"async_results":0,"buffered_results":0,"item_updates":1,"joined":false,"last_error_code":"","messages_received":47099,"messages_sent":65578,"pending_blocking":0,"snapshot_updates":47052},"event":"CLIENT_HEALTH","player":"b","process_id":4048,"time_msec":4619272}
[m7_client] {"details":{"async_rejections":0,"async_results":0,"buffered_results":0,"item_updates":1,"joined":false,"last_error_code":"","messages_received":47099,"messages_sent":65578,"pending_blocking":0,"snapshot_updates":47052},"event":"CLIENT_HEALTH","player":"b","process_id":4048,"time_msec":4621272}
[m7_client] {"details":{"async_rejections":0,"async_results":0,"buffered_results":0,"item_updates":1,"joined":false,"last_error_code":"","messages_received":47099,"messages_sent":65578,"pending_blocking":0,"snapshot_updates":47052},"event":"CLIENT_HEALTH","player":"b","process_id":4048,"time_msec":4623277}
[m7_client] {"details":{"async_rejections":0,"async_results":0,"buffered_results":0,"item_updates":1,"joined":false,"last_error_code":"","messages_received":47099,"messages_sent":65578,"pending_blocking":0,"snapshot_updates":47052},"event":"CLIENT_HEALTH","player":"b","process_id":4048,"time_msec":4625277}
[m7_client] {"details":{"async_rejections":0,"async_results":0,"buffered_results":0,"item_updates":1,"joined":false,"last_error_code":"","messages_received":47099,"messages_sent":65578,"pending_blocking":0,"snapshot_updates":47052},"event":"CLIENT_HEALTH","player":"b","process_id":4048,"time_msec":4627277}
[m7_client] {"details":{"async_rejections":0,"async_results":0,"buffered_results":0,"item_updates":1,"joined":false,"last_error_code":"","messages_received":47099,"messages_sent":65578,"pending_blocking":0,"snapshot_updates":47052},"event":"CLIENT_HEALTH","player":"b","process_id":4048,"time_msec":4629277}
[m7_client] {"details":{"async_rejections":0,"async_results":0,"buffered_results":0,"item_updates":1,"joined":false,"last_error_code":"","messages_received":47099,"messages_sent":65578,"pending_blocking":0,"snapshot_updates":47052},"event":"CLIENT_HEALTH","player":"b","process_id":4048,"time_msec":4631277}
[m7_client] {"details":{"async_rejections":0,"async_results":0,"buffered_results":0,"item_updates":1,"joined":false,"last_error_code":"","messages_received":47099,"messages_sent":65578,"pending_blocking":0,"snapshot_updates":47052},"event":"CLIENT_HEALTH","player":"b","process_id":4048,"time_msec":4633277}
[m7_client] {"details":{"async_rejections":0,"async_results":0,"buffered_results":0,"item_updates":1,"joined":false,"last_error_code":"","messages_received":47099,"messages_sent":65578,"pending_blocking":0,"snapshot_updates":47052},"event":"CLIENT_HEALTH","player":"b","process_id":4048,"time_msec":4635277}
[m7_client] {"details":{"async_rejections":0,"async_results":0,"buffered_results":0,"item_updates":1,"joined":false,"last_error_code":"","messages_received":47099,"messages_sent":65578,"pending_blocking":0,"snapshot_updates":47052},"event":"CLIENT_HEALTH","player":"b","process_id":4048,"time_msec":4637283}
[m7_client] {"details":{"async_rejections":0,"async_results":0,"buffered_results":0,"item_updates":1,"joined":false,"last_error_code":"","messages_received":47099,"messages_sent":65578,"pending_blocking":0,"snapshot_updates":47052},"event":"CLIENT_HEALTH","player":"b","process_id":4048,"time_msec":4639289}
[m7_client] {"details":{"async_rejections":0,"async_results":0,"buffered_results":0,"item_updates":1,"joined":false,"last_error_code":"","messages_received":47099,"messages_sent":65578,"pending_blocking":0,"snapshot_updates":47052},"event":"CLIENT_HEALTH","player":"b","process_id":4048,"time_msec":4641294}
[m7_client] {"details":{"async_rejections":0,"async_results":0,"buffered_results":0,"item_updates":1,"joined":false,"last_error_code":"","messages_received":47099,"messages_sent":65578,"pending_blocking":0,"snapshot_updates":47052},"event":"CLIENT_HEALTH","player":"b","process_id":4048,"time_msec":4643294}
[m7_client] {"details":{"async_rejections":0,"async_results":0,"buffered_results":0,"item_updates":1,"joined":false,"last_error_code":"","messages_received":47099,"messages_sent":65578,"pending_blocking":0,"snapshot_updates":47052},"event":"CLIENT_HEALTH","player":"b","process_id":4048,"time_msec":4645294}
[m7_client] {"details":{"async_rejections":0,"async_results":0,"buffered_results":0,"item_updates":1,"joined":false,"last_error_code":"","messages_received":47099,"messages_sent":65578,"pending_blocking":0,"snapshot_updates":47052},"event":"CLIENT_HEALTH","player":"b","process_id":4048,"time_msec":4647294}
[m7_client] {"details":{"async_rejections":0,"async_results":0,"buffered_results":0,"item_updates":1,"joined":false,"last_error_code":"","messages_received":47099,"messages_sent":65578,"pending_blocking":0,"snapshot_updates":47052},"event":"CLIENT_HEALTH","player":"b","process_id":4048,"time_msec":4649294}
[m7_client] {"details":{"async_rejections":0,"async_results":0,"buffered_results":0,"item_updates":1,"joined":false,"last_error_code":"","messages_received":47099,"messages_sent":65578,"pending_blocking":0,"snapshot_updates":47052},"event":"CLIENT_HEALTH","player":"b","process_id":4048,"time_msec":4651300}
[m7_client] {"details":{"async_rejections":0,"async_results":0,"buffered_results":0,"item_updates":1,"joined":false,"last_error_code":"","messages_received":47099,"messages_sent":65578,"pending_blocking":0,"snapshot_updates":47052},"event":"CLIENT_HEALTH","player":"b","process_id":4048,"time_msec":4653300}
[m7_client] {"details":{"async_rejections":0,"async_results":0,"buffered_results":0,"item_updates":1,"joined":false,"last_error_code":"","messages_received":47099,"messages_sent":65578,"pending_blocking":0,"snapshot_updates":47052},"event":"CLIENT_HEALTH","player":"b","process_id":4048,"time_msec":4655305}
[m7_client] {"details":{"async_rejections":0,"async_results":0,"buffered_results":0,"item_updates":1,"joined":false,"last_error_code":"","messages_received":47099,"messages_sent":65578,"pending_blocking":0,"snapshot_updates":47052},"event":"CLIENT_HEALTH","player":"b","process_id":4048,"time_msec":4657305}
[m7_client] {"details":{"async_rejections":0,"async_results":0,"buffered_results":0,"item_updates":1,"joined":false,"last_error_code":"","messages_received":47099,"messages_sent":65578,"pending_blocking":0,"snapshot_updates":47052},"event":"CLIENT_HEALTH","player":"b","process_id":4048,"time_msec":4659305}
[m7_client] {"details":{"async_rejections":0,"async_results":0,"buffered_results":0,"item_updates":1,"joined":false,"last_error_code":"","messages_received":47099,"messages_sent":65578,"pending_blocking":0,"snapshot_updates":47052},"event":"CLIENT_HEALTH","player":"b","process_id":4048,"time_msec":4661305}
[m7_client] {"details":{"async_rejections":0,"async_results":0,"buffered_results":0,"item_updates":1,"joined":false,"last_error_code":"","messages_received":47099,"messages_sent":65578,"pending_blocking":0,"snapshot_updates":47052},"event":"CLIENT_HEALTH","player":"b","process_id":4048,"time_msec":4663305}
[m7_client] {"details":{"async_rejections":0,"async_results":0,"buffered_results":0,"item_updates":1,"joined":false,"last_error_code":"","messages_received":47099,"messages_sent":65578,"pending_blocking":0,"snapshot_updates":47052},"event":"CLIENT_HEALTH","player":"b","process_id":4048,"time_msec":4665311}
[m7_client] {"details":{"async_rejections":0,"async_results":0,"buffered_results":0,"item_updates":1,"joined":false,"last_error_code":"","messages_received":47099,"messages_sent":65578,"pending_blocking":0,"snapshot_updates":47052},"event":"CLIENT_HEALTH","player":"b","process_id":4048,"time_msec":4667317}
[m7_client] {"details":{"async_rejections":0,"async_results":0,"buffered_results":0,"item_updates":1,"joined":false,"last_error_code":"","messages_received":47099,"messages_sent":65578,"pending_blocking":0,"snapshot_updates":47052},"event":"CLIENT_HEALTH","player":"b","process_id":4048,"time_msec":4669322}
[m7_client] {"details":{"async_rejections":0,"async_results":0,"buffered_results":0,"item_updates":1,"joined":false,"last_error_code":"","messages_received":47099,"messages_sent":65578,"pending_blocking":0,"snapshot_updates":47052},"event":"CLIENT_HEALTH","player":"b","process_id":4048,"time_msec":4671322}
[m7_client] {"details":{"async_rejections":0,"async_results":0,"buffered_results":0,"item_updates":1,"joined":false,"last_error_code":"","messages_received":47099,"messages_sent":65578,"pending_blocking":0,"snapshot_updates":47052},"event":"CLIENT_HEALTH","player":"b","process_id":4048,"time_msec":4673322}
[m7_client] {"details":{"async_rejections":0,"async_results":0,"buffered_results":0,"item_updates":1,"joined":false,"last_error_code":"","messages_received":47099,"messages_sent":65578,"pending_blocking":0,"snapshot_updates":47052},"event":"CLIENT_HEALTH","player":"b","process_id":4048,"time_msec":4675322}
[m7_client] {"details":{"async_rejections":0,"async_results":0,"buffered_results":0,"item_updates":1,"joined":false,"last_error_code":"","messages_received":47099,"messages_sent":65578,"pending_blocking":0,"snapshot_updates":47052},"event":"CLIENT_HEALTH","player":"b","process_id":4048,"time_msec":4677322}
[m7_client] {"details":{"async_rejections":0,"async_results":0,"buffered_results":0,"item_updates":1,"joined":false,"last_error_code":"","messages_received":47099,"messages_sent":65578,"pending_blocking":0,"snapshot_updates":47052},"event":"CLIENT_HEALTH","player":"b","process_id":4048,"time_msec":4679322}
[m7_client] {"details":{"async_rejections":0,"async_results":0,"buffered_results":0,"item_updates":1,"joined":false,"last_error_code":"","messages_received":47099,"messages_sent":65578,"pending_blocking":0,"snapshot_updates":47052},"event":"CLIENT_HEALTH","player":"b","process_id":4048,"time_msec":4681328}
[m7_client] {"details":{"async_rejections":0,"async_results":0,"buffered_results":0,"item_updates":1,"joined":false,"last_error_code":"","messages_received":47099,"messages_sent":65578,"pending_blocking":0,"snapshot_updates":47052},"event":"CLIENT_HEALTH","player":"b","process_id":4048,"time_msec":4683333}
[m7_client] {"details":{"async_rejections":0,"async_results":0,"buffered_results":0,"item_updates":1,"joined":false,"last_error_code":"","messages_received":47099,"messages_sent":65578,"pending_blocking":0,"snapshot_updates":47052},"event":"CLIENT_HEALTH","player":"b","process_id":4048,"time_msec":4685333}
[m7_client] {"details":{"async_rejections":0,"async_results":0,"buffered_results":0,"item_updates":1,"joined":false,"last_error_code":"","messages_received":47099,"messages_sent":65578,"pending_blocking":0,"snapshot_updates":47052},"event":"CLIENT_HEALTH","player":"b","process_id":4048,"time_msec":4687333}
[m7_client] {"details":{"async_rejections":0,"async_results":0,"buffered_results":0,"item_updates":1,"joined":false,"last_error_code":"","messages_received":47099,"messages_sent":65578,"pending_blocking":0,"snapshot_updates":47052},"event":"CLIENT_HEALTH","player":"b","process_id":4048,"time_msec":4689333}
[m7_client] {"details":{"async_rejections":0,"async_results":0,"buffered_results":0,"item_updates":1,"joined":false,"last_error_code":"","messages_received":47099,"messages_sent":65578,"pending_blocking":0,"snapshot_updates":47052},"event":"CLIENT_HEALTH","player":"b","process_id":4048,"time_msec":4691333}
[m7_client] {"details":{"async_rejections":0,"async_results":0,"buffered_results":0,"item_updates":1,"joined":false,"last_error_code":"","messages_received":47099,"messages_sent":65578,"pending_blocking":0,"snapshot_updates":47052},"event":"CLIENT_HEALTH","player":"b","process_id":4048,"time_msec":4693333}
[m7_client] {"details":{"async_rejections":0,"async_results":0,"buffered_results":0,"item_updates":1,"joined":false,"last_error_code":"","messages_received":47099,"messages_sent":65578,"pending_blocking":0,"snapshot_updates":47052},"event":"CLIENT_HEALTH","player":"b","process_id":4048,"time_msec":4695333}
[m7_client] {"details":{"async_rejections":0,"async_results":0,"buffered_results":0,"item_updates":1,"joined":false,"last_error_code":"","messages_received":47099,"messages_sent":65578,"pending_blocking":0,"snapshot_updates":47052},"event":"CLIENT_HEALTH","player":"b","process_id":4048,"time_msec":4697333}
[m7_client] {"details":{"async_rejections":0,"async_results":0,"buffered_results":0,"item_updates":1,"joined":false,"last_error_code":"","messages_received":47099,"messages_sent":65578,"pending_blocking":0,"snapshot_updates":47052},"event":"CLIENT_HEALTH","player":"b","process_id":4048,"time_msec":4699338}
[m7_client] {"details":{"async_rejections":0,"async_results":0,"buffered_results":0,"item_updates":1,"joined":false,"last_error_code":"","messages_received":47099,"messages_sent":65578,"pending_blocking":0,"snapshot_updates":47052},"event":"CLIENT_HEALTH","player":"b","process_id":4048,"time_msec":4701338}
[m7_client] {"details":{"async_rejections":0,"async_results":0,"buffered_results":0,"item_updates":1,"joined":false,"last_error_code":"","messages_received":47099,"messages_sent":65578,"pending_blocking":0,"snapshot_updates":47052},"event":"CLIENT_HEALTH","player":"b","process_id":4048,"time_msec":4703338}
[m7_client] {"details":{"async_rejections":0,"async_results":0,"buffered_results":0,"item_updates":1,"joined":false,"last_error_code":"","messages_received":47099,"messages_sent":65578,"pending_blocking":0,"snapshot_updates":47052},"event":"CLIENT_HEALTH","player":"b","process_id":4048,"time_msec":4705338}
[m7_client] {"details":{"async_rejections":0,"async_results":0,"buffered_results":0,"item_updates":1,"joined":false,"last_error_code":"","messages_received":47099,"messages_sent":65578,"pending_blocking":0,"snapshot_updates":47052},"event":"CLIENT_HEALTH","player":"b","process_id":4048,"time_msec":4707338}
[m7_client] {"details":{"async_rejections":0,"async_results":0,"buffered_results":0,"item_updates":1,"joined":false,"last_error_code":"","messages_received":47099,"messages_sent":65578,"pending_blocking":0,"snapshot_updates":47052},"event":"CLIENT_HEALTH","player":"b","process_id":4048,"time_msec":4709338}
[m7_client] {"details":{"async_rejections":0,"async_results":0,"buffered_results":0,"item_updates":1,"joined":false,"last_error_code":"","messages_received":47099,"messages_sent":65578,"pending_blocking":0,"snapshot_updates":47052},"event":"CLIENT_HEALTH","player":"b","process_id":4048,"time_msec":4711344}
[m7_client] {"details":{"async_rejections":0,"async_results":0,"buffered_results":0,"item_updates":1,"joined":false,"last_error_code":"","messages_received":47099,"messages_sent":65578,"pending_blocking":0,"snapshot_updates":47052},"event":"CLIENT_HEALTH","player":"b","process_id":4048,"time_msec":4713349}
[m7_client] {"details":{"async_rejections":0,"async_results":0,"buffered_results":0,"item_updates":1,"joined":false,"last_error_code":"","messages_received":47099,"messages_sent":65578,"pending_blocking":0,"snapshot_updates":47052},"event":"CLIENT_HEALTH","player":"b","process_id":4048,"time_msec":4715349}
[m7_client] {"details":{"async_rejections":0,"async_results":0,"buffered_results":0,"item_updates":1,"joined":false,"last_error_code":"","messages_received":47099,"messages_sent":65578,"pending_blocking":0,"snapshot_updates":47052},"event":"CLIENT_HEALTH","player":"b","process_id":4048,"time_msec":4717349}
[m7_client] {"details":{"async_rejections":0,"async_results":0,"buffered_results":0,"item_updates":1,"joined":false,"last_error_code":"","messages_received":47099,"messages_sent":65578,"pending_blocking":0,"snapshot_updates":47052},"event":"CLIENT_HEALTH","player":"b","process_id":4048,"time_msec":4719349}
[m7_client] {"details":{"async_rejections":0,"async_results":0,"buffered_results":0,"item_updates":1,"joined":false,"last_error_code":"","messages_received":47099,"messages_sent":65578,"pending_blocking":0,"snapshot_updates":47052},"event":"CLIENT_HEALTH","player":"b","process_id":4048,"time_msec":4721349}
[m7_client] {"details":{"async_rejections":0,"async_results":0,"buffered_results":0,"item_updates":1,"joined":false,"last_error_code":"","messages_received":47099,"messages_sent":65578,"pending_blocking":0,"snapshot_updates":47052},"event":"CLIENT_HEALTH","player":"b","process_id":4048,"time_msec":4723349}
[m7_client] {"details":{"async_rejections":0,"async_results":0,"buffered_results":0,"item_updates":1,"joined":false,"last_error_code":"","messages_received":47099,"messages_sent":65578,"pending_blocking":0,"snapshot_updates":47052},"event":"CLIENT_HEALTH","player":"b","process_id":4048,"time_msec":4725349}
[m7_client] {"details":{"async_rejections":0,"async_results":0,"buffered_results":0,"item_updates":1,"joined":false,"last_error_code":"","messages_received":47099,"messages_sent":65578,"pending_blocking":0,"snapshot_updates":47052},"event":"CLIENT_HEALTH","player":"b","process_id":4048,"time_msec":4727355}
[m7_client] {"details":{"async_rejections":0,"async_results":0,"buffered_results":0,"item_updates":1,"joined":false,"last_error_code":"","messages_received":47099,"messages_sent":65578,"pending_blocking":0,"snapshot_updates":47052},"event":"CLIENT_HEALTH","player":"b","process_id":4048,"time_msec":4729361}
[m7_client] {"details":{"async_rejections":0,"async_results":0,"buffered_results":0,"item_updates":1,"joined":false,"last_error_code":"","messages_received":47099,"messages_sent":65578,"pending_blocking":0,"snapshot_updates":47052},"event":"CLIENT_HEALTH","player":"b","process_id":4048,"time_msec":4731366}
[m7_client] {"details":{"async_rejections":0,"async_results":0,"buffered_results":0,"item_updates":1,"joined":false,"last_error_code":"","messages_received":47099,"messages_sent":65578,"pending_blocking":0,"snapshot_updates":47052},"event":"CLIENT_HEALTH","player":"b","process_id":4048,"time_msec":4733366}
[m7_client] {"details":{"async_rejections":0,"async_results":0,"buffered_results":0,"item_updates":1,"joined":false,"last_error_code":"","messages_received":47099,"messages_sent":65578,"pending_blocking":0,"snapshot_updates":47052},"event":"CLIENT_HEALTH","player":"b","process_id":4048,"time_msec":4735366}
[m7_client] {"details":{"async_rejections":0,"async_results":0,"buffered_results":0,"item_updates":1,"joined":false,"last_error_code":"","messages_received":47099,"messages_sent":65578,"pending_blocking":0,"snapshot_updates":47052},"event":"CLIENT_HEALTH","player":"b","process_id":4048,"time_msec":4737366}
[m7_client] {"details":{"async_rejections":0,"async_results":0,"buffered_results":0,"item_updates":1,"joined":false,"last_error_code":"","messages_received":47099,"messages_sent":65578,"pending_blocking":0,"snapshot_updates":47052},"event":"CLIENT_HEALTH","player":"b","process_id":4048,"time_msec":4739366}
[m7_client] {"details":{"async_rejections":0,"async_results":0,"buffered_results":0,"item_updates":1,"joined":false,"last_error_code":"","messages_received":47099,"messages_sent":65578,"pending_blocking":0,"snapshot_updates":47052},"event":"CLIENT_HEALTH","player":"b","process_id":4048,"time_msec":4741366}
[m7_client] {"details":{"async_rejections":0,"async_results":0,"buffered_results":0,"item_updates":1,"joined":false,"last_error_code":"","messages_received":47099,"messages_sent":65578,"pending_blocking":0,"snapshot_updates":47052},"event":"CLIENT_HEALTH","player":"b","process_id":4048,"time_msec":4743371}
[m7_client] {"details":{"async_rejections":0,"async_results":0,"buffered_results":0,"item_updates":1,"joined":false,"last_error_code":"","messages_received":47099,"messages_sent":65578,"pending_blocking":0,"snapshot_updates":47052},"event":"CLIENT_HEALTH","player":"b","process_id":4048,"time_msec":4745371}
[m7_client] {"details":{"async_rejections":0,"async_results":0,"buffered_results":0,"item_updates":1,"joined":false,"last_error_code":"","messages_received":47099,"messages_sent":65578,"pending_blocking":0,"snapshot_updates":47052},"event":"CLIENT_HEALTH","player":"b","process_id":4048,"time_msec":4747371}
[m7_client] {"details":{"async_rejections":0,"async_results":0,"buffered_results":0,"item_updates":1,"joined":false,"last_error_code":"","messages_received":47099,"messages_sent":65578,"pending_blocking":0,"snapshot_updates":47052},"event":"CLIENT_HEALTH","player":"b","process_id":4048,"time_msec":4749371}
[m7_client] {"details":{"async_rejections":0,"async_results":0,"buffered_results":0,"item_updates":1,"joined":false,"last_error_code":"","messages_received":47099,"messages_sent":65578,"pending_blocking":0,"snapshot_updates":47052},"event":"CLIENT_HEALTH","player":"b","process_id":4048,"time_msec":4751371}
[m7_client] {"details":{"async_rejections":0,"async_results":0,"buffered_results":0,"item_updates":1,"joined":false,"last_error_code":"","messages_received":47099,"messages_sent":65578,"pending_blocking":0,"snapshot_updates":47052},"event":"CLIENT_HEALTH","player":"b","process_id":4048,"time_msec":4753371}
[m7_client] {"details":{"async_rejections":0,"async_results":0,"buffered_results":0,"item_updates":1,"joined":false,"last_error_code":"","messages_received":47099,"messages_sent":65578,"pending_blocking":0,"snapshot_updates":47052},"event":"CLIENT_HEALTH","player":"b","process_id":4048,"time_msec":4755371}
[m7_client] {"details":{"async_rejections":0,"async_results":0,"buffered_results":0,"item_updates":1,"joined":false,"last_error_code":"","messages_received":47099,"messages_sent":65578,"pending_blocking":0,"snapshot_updates":47052},"event":"CLIENT_HEALTH","player":"b","process_id":4048,"time_msec":4757376}
[m7_client] {"details":{"async_rejections":0,"async_results":0,"buffered_results":0,"item_updates":1,"joined":false,"last_error_code":"","messages_received":47099,"messages_sent":65578,"pending_blocking":0,"snapshot_updates":47052},"event":"CLIENT_HEALTH","player":"b","process_id":4048,"time_msec":4759376}
[m7_client] {"details":{"async_rejections":0,"async_results":0,"buffered_results":0,"item_updates":1,"joined":false,"last_error_code":"","messages_received":47099,"messages_sent":65578,"pending_blocking":0,"snapshot_updates":47052},"event":"CLIENT_HEALTH","player":"b","process_id":4048,"time_msec":4761376}
[m7_client] {"details":{"async_rejections":0,"async_results":0,"buffered_results":0,"item_updates":1,"joined":false,"last_error_code":"","messages_received":47099,"messages_sent":65578,"pending_blocking":0,"snapshot_updates":47052},"event":"CLIENT_HEALTH","player":"b","process_id":4048,"time_msec":4763376}
[m7_client] {"details":{"async_rejections":0,"async_results":0,"buffered_results":0,"item_updates":1,"joined":false,"last_error_code":"","messages_received":47099,"messages_sent":65578,"pending_blocking":0,"snapshot_updates":47052},"event":"CLIENT_HEALTH","player":"b","process_id":4048,"time_msec":4765376}
[m7_client] {"details":{"async_rejections":0,"async_results":0,"buffered_results":0,"item_updates":1,"joined":false,"last_error_code":"","messages_received":47099,"messages_sent":65578,"pending_blocking":0,"snapshot_updates":47052},"event":"CLIENT_HEALTH","player":"b","process_id":4048,"time_msec":4767376}
[m7_client] {"details":{"async_rejections":0,"async_results":0,"buffered_results":0,"item_updates":1,"joined":false,"last_error_code":"","messages_received":47099,"messages_sent":65578,"pending_blocking":0,"snapshot_updates":47052},"event":"CLIENT_HEALTH","player":"b","process_id":4048,"time_msec":4769382}
[m7_client] {"details":{"async_rejections":0,"async_results":0,"buffered_results":0,"item_updates":1,"joined":false,"last_error_code":"","messages_received":47099,"messages_sent":65578,"pending_blocking":0,"snapshot_updates":47052},"event":"CLIENT_HEALTH","player":"b","process_id":4048,"time_msec":4771387}
[m7_client] {"details":{"async_rejections":0,"async_results":0,"buffered_results":0,"item_updates":1,"joined":false,"last_error_code":"","messages_received":47099,"messages_sent":65578,"pending_blocking":0,"snapshot_updates":47052},"event":"CLIENT_HEALTH","player":"b","process_id":4048,"time_msec":4773387}
[m7_client] {"details":{"async_rejections":0,"async_results":0,"buffered_results":0,"item_updates":1,"joined":false,"last_error_code":"","messages_received":47099,"messages_sent":65578,"pending_blocking":0,"snapshot_updates":47052},"event":"CLIENT_HEALTH","player":"b","process_id":4048,"time_msec":4775387}
[m7_client] {"details":{"async_rejections":0,"async_results":0,"buffered_results":0,"item_updates":1,"joined":false,"last_error_code":"","messages_received":47099,"messages_sent":65578,"pending_blocking":0,"snapshot_updates":47052},"event":"CLIENT_HEALTH","player":"b","process_id":4048,"time_msec":4777387}
[m7_client] {"details":{"async_rejections":0,"async_results":0,"buffered_results":0,"item_updates":1,"joined":false,"last_error_code":"","messages_received":47099,"messages_sent":65578,"pending_blocking":0,"snapshot_updates":47052},"event":"CLIENT_HEALTH","player":"b","process_id":4048,"time_msec":4779387}
[m7_client] {"details":{"async_rejections":0,"async_results":0,"buffered_results":0,"item_updates":1,"joined":false,"last_error_code":"","messages_received":47099,"messages_sent":65578,"pending_blocking":0,"snapshot_updates":47052},"event":"CLIENT_HEALTH","player":"b","process_id":4048,"time_msec":4781387}
[m7_client] {"details":{"async_rejections":0,"async_results":0,"buffered_results":0,"item_updates":1,"joined":false,"last_error_code":"","messages_received":47099,"messages_sent":65578,"pending_blocking":0,"snapshot_updates":47052},"event":"CLIENT_HEALTH","player":"b","process_id":4048,"time_msec":4783393}
[m7_client] {"details":{"async_rejections":0,"async_results":0,"buffered_results":0,"item_updates":1,"joined":false,"last_error_code":"","messages_received":47099,"messages_sent":65578,"pending_blocking":0,"snapshot_updates":47052},"event":"CLIENT_HEALTH","player":"b","process_id":4048,"time_msec":4785399}
[m7_client] {"details":{"async_rejections":0,"async_results":0,"buffered_results":0,"item_updates":1,"joined":false,"last_error_code":"","messages_received":47099,"messages_sent":65578,"pending_blocking":0,"snapshot_updates":47052},"event":"CLIENT_HEALTH","player":"b","process_id":4048,"time_msec":4787405}
[m7_client] {"details":{"async_rejections":0,"async_results":0,"buffered_results":0,"item_updates":1,"joined":false,"last_error_code":"","messages_received":47099,"messages_sent":65578,"pending_blocking":0,"snapshot_updates":47052},"event":"CLIENT_HEALTH","player":"b","process_id":4048,"time_msec":4789410}
[m7_client] {"details":{"async_rejections":0,"async_results":0,"buffered_results":0,"item_updates":1,"joined":false,"last_error_code":"","messages_received":47099,"messages_sent":65578,"pending_blocking":0,"snapshot_updates":47052},"event":"CLIENT_HEALTH","player":"b","process_id":4048,"time_msec":4791410}
[m7_client] {"details":{"async_rejections":0,"async_results":0,"buffered_results":0,"item_updates":1,"joined":false,"last_error_code":"","messages_received":47099,"messages_sent":65578,"pending_blocking":0,"snapshot_updates":47052},"event":"CLIENT_HEALTH","player":"b","process_id":4048,"time_msec":4793410}
[m7_client] {"details":{"async_rejections":0,"async_results":0,"buffered_results":0,"item_updates":1,"joined":false,"last_error_code":"","messages_received":47099,"messages_sent":65578,"pending_blocking":0,"snapshot_updates":47052},"event":"CLIENT_HEALTH","player":"b","process_id":4048,"time_msec":4795410}
[m7_client] {"details":{"async_rejections":0,"async_results":0,"buffered_results":0,"item_updates":1,"joined":false,"last_error_code":"","messages_received":47099,"messages_sent":65578,"pending_blocking":0,"snapshot_updates":47052},"event":"CLIENT_HEALTH","player":"b","process_id":4048,"time_msec":4797410}
[m7_client] {"details":{"async_rejections":0,"async_results":0,"buffered_results":0,"item_updates":1,"joined":false,"last_error_code":"","messages_received":47099,"messages_sent":65578,"pending_blocking":0,"snapshot_updates":47052},"event":"CLIENT_HEALTH","player":"b","process_id":4048,"time_msec":4799410}
[m7_client] {"details":{"async_rejections":0,"async_results":0,"buffered_results":0,"item_updates":1,"joined":false,"last_error_code":"","messages_received":47099,"messages_sent":65578,"pending_blocking":0,"snapshot_updates":47052},"event":"CLIENT_HEALTH","player":"b","process_id":4048,"time_msec":4801416}
[m7_client] {"details":{"async_rejections":0,"async_results":0,"buffered_results":0,"item_updates":1,"joined":false,"last_error_code":"","messages_received":47099,"messages_sent":65578,"pending_blocking":0,"snapshot_updates":47052},"event":"CLIENT_HEALTH","player":"b","process_id":4048,"time_msec":4803422}
[m7_client] {"details":{"async_rejections":0,"async_results":0,"buffered_results":0,"item_updates":1,"joined":false,"last_error_code":"","messages_received":47099,"messages_sent":65578,"pending_blocking":0,"snapshot_updates":47052},"event":"CLIENT_HEALTH","player":"b","process_id":4048,"time_msec":4805427}
[m7_client] {"details":{"async_rejections":0,"async_results":0,"buffered_results":0,"item_updates":1,"joined":false,"last_error_code":"","messages_received":47099,"messages_sent":65578,"pending_blocking":0,"snapshot_updates":47052},"event":"CLIENT_HEALTH","player":"b","process_id":4048,"time_msec":4807427}
[m7_client] {"details":{"async_rejections":0,"async_results":0,"buffered_results":0,"item_updates":1,"joined":false,"last_error_code":"","messages_received":47099,"messages_sent":65578,"pending_blocking":0,"snapshot_updates":47052},"event":"CLIENT_HEALTH","player":"b","process_id":4048,"time_msec":4809427}
[m7_client] {"details":{"async_rejections":0,"async_results":0,"buffered_results":0,"item_updates":1,"joined":false,"last_error_code":"","messages_received":47099,"messages_sent":65578,"pending_blocking":0,"snapshot_updates":47052},"event":"CLIENT_HEALTH","player":"b","process_id":4048,"time_msec":4811427}
[m7_client] {"details":{"async_rejections":0,"async_results":0,"buffered_results":0,"item_updates":1,"joined":false,"last_error_code":"","messages_received":47099,"messages_sent":65578,"pending_blocking":0,"snapshot_updates":47052},"event":"CLIENT_HEALTH","player":"b","process_id":4048,"time_msec":4813428}
[m7_client] {"details":{"async_rejections":0,"async_results":0,"buffered_results":0,"item_updates":1,"joined":false,"last_error_code":"","messages_received":47099,"messages_sent":65578,"pending_blocking":0,"snapshot_updates":47052},"event":"CLIENT_HEALTH","player":"b","process_id":4048,"time_msec":4815433}
[m7_client] {"details":{"async_rejections":0,"async_results":0,"buffered_results":0,"item_updates":1,"joined":false,"last_error_code":"","messages_received":47099,"messages_sent":65578,"pending_blocking":0,"snapshot_updates":47052},"event":"CLIENT_HEALTH","player":"b","process_id":4048,"time_msec":4817433}
[m7_client] {"details":{"async_rejections":0,"async_results":0,"buffered_results":0,"item_updates":1,"joined":false,"last_error_code":"","messages_received":47099,"messages_sent":65578,"pending_blocking":0,"snapshot_updates":47052},"event":"CLIENT_HEALTH","player":"b","process_id":4048,"time_msec":4819438}
{"category":"atmosphere","data":{"altitude_m":4000.0,"instances":214,"patch_radius_m":70000.0,"plugin_id":"earth_low_clouds"},"event":"cloud_layer_rebuilt","level":"INFO","schema":"lunar.log.v1","session_id":"1790689269-3619","ticks_msec":4821033,"timestamp_utc":"2026-09-29 15:01:26"}
[m7_client] {"details":{"async_rejections":0,"async_results":0,"buffered_results":0,"item_updates":1,"joined":false,"last_error_code":"","messages_received":47099,"messages_sent":65578,"pending_blocking":0,"snapshot_updates":47052},"event":"CLIENT_HEALTH","player":"b","process_id":4048,"time_msec":4821438}
[m7_client] {"details":{"async_rejections":0,"async_results":0,"buffered_results":0,"item_updates":1,"joined":false,"last_error_code":"","messages_received":47099,"messages_sent":65578,"pending_blocking":0,"snapshot_updates":47052},"event":"CLIENT_HEALTH","player":"b","process_id":4048,"time_msec":4823438}
[m7_client] {"details":{"async_rejections":0,"async_results":0,"buffered_results":0,"item_updates":1,"joined":false,"last_error_code":"","messages_received":47099,"messages_sent":65578,"pending_blocking":0,"snapshot_updates":47052},"event":"CLIENT_HEALTH","player":"b","process_id":4048,"time_msec":4825438}
[m7_client] {"details":{"async_rejections":0,"async_results":0,"buffered_results":0,"item_updates":1,"joined":false,"last_error_code":"","messages_received":47099,"messages_sent":65578,"pending_blocking":0,"snapshot_updates":47052},"event":"CLIENT_HEALTH","player":"b","process_id":4048,"time_msec":4827438}
[m7_client] {"details":{"async_rejections":0,"async_results":0,"buffered_results":0,"item_updates":1,"joined":false,"last_error_code":"","messages_received":47099,"messages_sent":65578,"pending_blocking":0,"snapshot_updates":47052},"event":"CLIENT_HEALTH","player":"b","process_id":4048,"time_msec":4829438}
[m7_client] {"details":{"async_rejections":0,"async_results":0,"buffered_results":0,"item_updates":1,"joined":false,"last_error_code":"","messages_received":47099,"messages_sent":65578,"pending_blocking":0,"snapshot_updates":47052},"event":"CLIENT_HEALTH","player":"b","process_id":4048,"time_msec":4831444}
[m7_client] {"details":{"async_rejections":0,"async_results":0,"buffered_results":0,"item_updates":1,"joined":false,"last_error_code":"","messages_received":47099,"messages_sent":65578,"pending_blocking":0,"snapshot_updates":47052},"event":"CLIENT_HEALTH","player":"b","process_id":4048,"time_msec":4833449}
[m7_client] {"details":{"async_rejections":0,"async_results":0,"buffered_results":0,"item_updates":1,"joined":false,"last_error_code":"","messages_received":47099,"messages_sent":65578,"pending_blocking":0,"snapshot_updates":47052},"event":"CLIENT_HEALTH","player":"b","process_id":4048,"time_msec":4835450}
[m7_client] {"details":{"async_rejections":0,"async_results":0,"buffered_results":0,"item_updates":1,"joined":false,"last_error_code":"","messages_received":47099,"messages_sent":65578,"pending_blocking":0,"snapshot_updates":47052},"event":"CLIENT_HEALTH","player":"b","process_id":4048,"time_msec":4837449}
[m7_client] {"details":{"async_rejections":0,"async_results":0,"buffered_results":0,"item_updates":1,"joined":false,"last_error_code":"","messages_received":47099,"messages_sent":65578,"pending_blocking":0,"snapshot_updates":47052},"event":"CLIENT_HEALTH","player":"b","process_id":4048,"time_msec":4839449}
[m7_client] {"details":{"async_rejections":0,"async_results":0,"buffered_results":0,"item_updates":1,"joined":false,"last_error_code":"","messages_received":47099,"messages_sent":65578,"pending_blocking":0,"snapshot_updates":47052},"event":"CLIENT_HEALTH","player":"b","process_id":4048,"time_msec":4841449}
[m7_client] {"details":{"async_rejections":0,"async_results":0,"buffered_results":0,"item_updates":1,"joined":false,"last_error_code":"","messages_received":47099,"messages_sent":65578,"pending_blocking":0,"snapshot_updates":47052},"event":"CLIENT_HEALTH","player":"b","process_id":4048,"time_msec":4843449}
[m7_client] {"details":{"async_rejections":0,"async_results":0,"buffered_results":0,"item_updates":1,"joined":false,"last_error_code":"","messages_received":47099,"messages_sent":65578,"pending_blocking":0,"snapshot_updates":47052},"event":"CLIENT_HEALTH","player":"b","process_id":4048,"time_msec":4845449}
[m7_client] {"details":{"async_rejections":0,"async_results":0,"buffered_results":0,"item_updates":1,"joined":false,"last_error_code":"","messages_received":47099,"messages_sent":65578,"pending_blocking":0,"snapshot_updates":47052},"event":"CLIENT_HEALTH","player":"b","process_id":4048,"time_msec":4847449}
[m7_client] {"details":{"async_rejections":0,"async_results":0,"buffered_results":0,"item_updates":1,"joined":false,"last_error_code":"","messages_received":47099,"messages_sent":65578,"pending_blocking":0,"snapshot_updates":47052},"event":"CLIENT_HEALTH","player":"b","process_id":4048,"time_msec":4849454}
[m7_client] {"details":{"async_rejections":0,"async_results":0,"buffered_results":0,"item_updates":1,"joined":false,"last_error_code":"","messages_received":47099,"messages_sent":65578,"pending_blocking":0,"snapshot_updates":47052},"event":"CLIENT_HEALTH","player":"b","process_id":4048,"time_msec":4851454}
[m7_client] {"details":{"async_rejections":0,"async_results":0,"buffered_results":0,"item_updates":1,"joined":false,"last_error_code":"","messages_received":47099,"messages_sent":65578,"pending_blocking":0,"snapshot_updates":47052},"event":"CLIENT_HEALTH","player":"b","process_id":4048,"time_msec":4853454}
[m7_client] {"details":{"async_rejections":0,"async_results":0,"buffered_results":0,"item_updates":1,"joined":false,"last_error_code":"","messages_received":47099,"messages_sent":65578,"pending_blocking":0,"snapshot_updates":47052},"event":"CLIENT_HEALTH","player":"b","process_id":4048,"time_msec":4855454}
[m7_client] {"details":{"async_rejections":0,"async_results":0,"buffered_results":0,"item_updates":1,"joined":false,"last_error_code":"","messages_received":47099,"messages_sent":65578,"pending_blocking":0,"snapshot_updates":47052},"event":"CLIENT_HEALTH","player":"b","process_id":4048,"time_msec":4857454}
[m7_client] {"details":{"async_rejections":0,"async_results":0,"buffered_results":0,"item_updates":1,"joined":false,"last_error_code":"","messages_received":47099,"messages_sent":65578,"pending_blocking":0,"snapshot_updates":47052},"event":"CLIENT_HEALTH","player":"b","process_id":4048,"time_msec":4859454}
[m7_client] {"details":{"async_rejections":0,"async_results":0,"buffered_results":0,"item_updates":1,"joined":false,"last_error_code":"","messages_received":47099,"messages_sent":65578,"pending_blocking":0,"snapshot_updates":47052},"event":"CLIENT_HEALTH","player":"b","process_id":4048,"time_msec":4861454}
[m7_client] {"details":{"async_rejections":0,"async_results":0,"buffered_results":0,"item_updates":1,"joined":false,"last_error_code":"","messages_received":47099,"messages_sent":65578,"pending_blocking":0,"snapshot_updates":47052},"event":"CLIENT_HEALTH","player":"b","process_id":4048,"time_msec":4863459}
[m7_client] {"details":{"async_rejections":0,"async_results":0,"buffered_results":0,"item_updates":1,"joined":false,"last_error_code":"","messages_received":47099,"messages_sent":65578,"pending_blocking":0,"snapshot_updates":47052},"event":"CLIENT_HEALTH","player":"b","process_id":4048,"time_msec":4865459}
[m7_client] {"details":{"async_rejections":0,"async_results":0,"buffered_results":0,"item_updates":1,"joined":false,"last_error_code":"","messages_received":47099,"messages_sent":65578,"pending_blocking":0,"snapshot_updates":47052},"event":"CLIENT_HEALTH","player":"b","process_id":4048,"time_msec":4867459}
[m7_client] {"details":{"async_rejections":0,"async_results":0,"buffered_results":0,"item_updates":1,"joined":false,"last_error_code":"","messages_received":47099,"messages_sent":65578,"pending_blocking":0,"snapshot_updates":47052},"event":"CLIENT_HEALTH","player":"b","process_id":4048,"time_msec":4869459}
[m7_client] {"details":{"async_rejections":0,"async_results":0,"buffered_results":0,"item_updates":1,"joined":false,"last_error_code":"","messages_received":47099,"messages_sent":65578,"pending_blocking":0,"snapshot_updates":47052},"event":"CLIENT_HEALTH","player":"b","process_id":4048,"time_msec":4871459}
[m7_client] {"details":{"async_rejections":0,"async_results":0,"buffered_results":0,"item_updates":1,"joined":false,"last_error_code":"","messages_received":47099,"messages_sent":65578,"pending_blocking":0,"snapshot_updates":47052},"event":"CLIENT_HEALTH","player":"b","process_id":4048,"time_msec":4873459}
[m7_client] {"details":{"async_rejections":0,"async_results":0,"buffered_results":0,"item_updates":1,"joined":false,"last_error_code":"","messages_received":47099,"messages_sent":65578,"pending_blocking":0,"snapshot_updates":47052},"event":"CLIENT_HEALTH","player":"b","process_id":4048,"time_msec":4875459}
[m7_client] {"details":{"async_rejections":0,"async_results":0,"buffered_results":0,"item_updates":1,"joined":false,"last_error_code":"","messages_received":47099,"messages_sent":65578,"pending_blocking":0,"snapshot_updates":47052},"event":"CLIENT_HEALTH","player":"b","process_id":4048,"time_msec":4877464}
[m7_client] {"details":{"async_rejections":0,"async_results":0,"buffered_results":0,"item_updates":1,"joined":false,"last_error_code":"","messages_received":47099,"messages_sent":65578,"pending_blocking":0,"snapshot_updates":47052},"event":"CLIENT_HEALTH","player":"b","process_id":4048,"time_msec":4879464}
[m7_client] {"details":{"async_rejections":0,"async_results":0,"buffered_results":0,"item_updates":1,"joined":false,"last_error_code":"","messages_received":47099,"messages_sent":65578,"pending_blocking":0,"snapshot_updates":47052},"event":"CLIENT_HEALTH","player":"b","process_id":4048,"time_msec":4881464}
[m7_client] {"details":{"async_rejections":0,"async_results":0,"buffered_results":0,"item_updates":1,"joined":false,"last_error_code":"","messages_received":47099,"messages_sent":65578,"pending_blocking":0,"snapshot_updates":47052},"event":"CLIENT_HEALTH","player":"b","process_id":4048,"time_msec":4883464}
[m7_client] {"details":{"async_rejections":0,"async_results":0,"buffered_results":0,"item_updates":1,"joined":false,"last_error_code":"","messages_received":47099,"messages_sent":65578,"pending_blocking":0,"snapshot_updates":47052},"event":"CLIENT_HEALTH","player":"b","process_id":4048,"time_msec":4885464}
[m7_client] {"details":{"async_rejections":0,"async_results":0,"buffered_results":0,"item_updates":1,"joined":false,"last_error_code":"","messages_received":47099,"messages_sent":65578,"pending_blocking":0,"snapshot_updates":47052},"event":"CLIENT_HEALTH","player":"b","process_id":4048,"time_msec":4887464}
[m7_client] {"details":{"async_rejections":0,"async_results":0,"buffered_results":0,"item_updates":1,"joined":false,"last_error_code":"","messages_received":47099,"messages_sent":65578,"pending_blocking":0,"snapshot_updates":47052},"event":"CLIENT_HEALTH","player":"b","process_id":4048,"time_msec":4889469}
[m7_client] {"details":{"async_rejections":0,"async_results":0,"buffered_results":0,"item_updates":1,"joined":false,"last_error_code":"","messages_received":47099,"messages_sent":65578,"pending_blocking":0,"snapshot_updates":47052},"event":"CLIENT_HEALTH","player":"b","process_id":4048,"time_msec":4891469}
[m7_client] {"details":{"async_rejections":0,"async_results":0,"buffered_results":0,"item_updates":1,"joined":false,"last_error_code":"","messages_received":47099,"messages_sent":65578,"pending_blocking":0,"snapshot_updates":47052},"event":"CLIENT_HEALTH","player":"b","process_id":4048,"time_msec":4893469}
[m7_client] {"details":{"async_rejections":0,"async_results":0,"buffered_results":0,"item_updates":1,"joined":false,"last_error_code":"","messages_received":47099,"messages_sent":65578,"pending_blocking":0,"snapshot_updates":47052},"event":"CLIENT_HEALTH","player":"b","process_id":4048,"time_msec":4895469}
[m7_client] {"details":{"async_rejections":0,"async_results":0,"buffered_results":0,"item_updates":1,"joined":false,"last_error_code":"","messages_received":47099,"messages_sent":65578,"pending_blocking":0,"snapshot_updates":47052},"event":"CLIENT_HEALTH","player":"b","process_id":4048,"time_msec":4897469}
[m7_client] {"details":{"async_rejections":0,"async_results":0,"buffered_results":0,"item_updates":1,"joined":false,"last_error_code":"","messages_received":47099,"messages_sent":65578,"pending_blocking":0,"snapshot_updates":47052},"event":"CLIENT_HEALTH","player":"b","process_id":4048,"time_msec":4899469}
[m7_client] {"details":{"async_rejections":0,"async_results":0,"buffered_results":0,"item_updates":1,"joined":false,"last_error_code":"","messages_received":47099,"messages_sent":65578,"pending_blocking":0,"snapshot_updates":47052},"event":"CLIENT_HEALTH","player":"b","process_id":4048,"time_msec":4901469}
[m7_client] {"details":{"async_rejections":0,"async_results":0,"buffered_results":0,"item_updates":1,"joined":false,"last_error_code":"","messages_received":47099,"messages_sent":65578,"pending_blocking":0,"snapshot_updates":47052},"event":"CLIENT_HEALTH","player":"b","process_id":4048,"time_msec":4903475}
[m7_client] {"details":{"async_rejections":0,"async_results":0,"buffered_results":0,"item_updates":1,"joined":false,"last_error_code":"","messages_received":47099,"messages_sent":65578,"pending_blocking":0,"snapshot_updates":47052},"event":"CLIENT_HEALTH","player":"b","process_id":4048,"time_msec":4905480}
[m7_client] {"details":{"async_rejections":0,"async_results":0,"buffered_results":0,"item_updates":1,"joined":false,"last_error_code":"","messages_received":47099,"messages_sent":65578,"pending_blocking":0,"snapshot_updates":47052},"event":"CLIENT_HEALTH","player":"b","process_id":4048,"time_msec":4907481}
[m7_client] {"details":{"async_rejections":0,"async_results":0,"buffered_results":0,"item_updates":1,"joined":false,"last_error_code":"","messages_received":47099,"messages_sent":65578,"pending_blocking":0,"snapshot_updates":47052},"event":"CLIENT_HEALTH","player":"b","process_id":4048,"time_msec":4909486}
[m7_client] {"details":{"async_rejections":0,"async_results":0,"buffered_results":0,"item_updates":1,"joined":false,"last_error_code":"","messages_received":47099,"messages_sent":65578,"pending_blocking":0,"snapshot_updates":47052},"event":"CLIENT_HEALTH","player":"b","process_id":4048,"time_msec":4911486}
[m7_client] {"details":{"async_rejections":0,"async_results":0,"buffered_results":0,"item_updates":1,"joined":false,"last_error_code":"","messages_received":47099,"messages_sent":65578,"pending_blocking":0,"snapshot_updates":47052},"event":"CLIENT_HEALTH","player":"b","process_id":4048,"time_msec":4913486}
[m7_client] {"details":{"async_rejections":0,"async_results":0,"buffered_results":0,"item_updates":1,"joined":false,"last_error_code":"","messages_received":47099,"messages_sent":65578,"pending_blocking":0,"snapshot_updates":47052},"event":"CLIENT_HEALTH","player":"b","process_id":4048,"time_msec":4915486}
[m7_client] {"details":{"async_rejections":0,"async_results":0,"buffered_results":0,"item_updates":1,"joined":false,"last_error_code":"","messages_received":47099,"messages_sent":65578,"pending_blocking":0,"snapshot_updates":47052},"event":"CLIENT_HEALTH","player":"b","process_id":4048,"time_msec":4917486}
[m7_client] {"details":{"async_rejections":0,"async_results":0,"buffered_results":0,"item_updates":1,"joined":false,"last_error_code":"","messages_received":47099,"messages_sent":65578,"pending_blocking":0,"snapshot_updates":47052},"event":"CLIENT_HEALTH","player":"b","process_id":4048,"time_msec":4919491}
[m7_client] {"details":{"async_rejections":0,"async_results":0,"buffered_results":0,"item_updates":1,"joined":false,"last_error_code":"","messages_received":47099,"messages_sent":65578,"pending_blocking":0,"snapshot_updates":47052},"event":"CLIENT_HEALTH","player":"b","process_id":4048,"time_msec":4921491}
[m7_client] {"details":{"async_rejections":0,"async_results":0,"buffered_results":0,"item_updates":1,"joined":false,"last_error_code":"","messages_received":47099,"messages_sent":65578,"pending_blocking":0,"snapshot_updates":47052},"event":"CLIENT_HEALTH","player":"b","process_id":4048,"time_msec":4923491}
[m7_client] {"details":{"async_rejections":0,"async_results":0,"buffered_results":0,"item_updates":1,"joined":false,"last_error_code":"","messages_received":47099,"messages_sent":65578,"pending_blocking":0,"snapshot_updates":47052},"event":"CLIENT_HEALTH","player":"b","process_id":4048,"time_msec":4925491}
[m7_client] {"details":{"async_rejections":0,"async_results":0,"buffered_results":0,"item_updates":1,"joined":false,"last_error_code":"","messages_received":47099,"messages_sent":65578,"pending_blocking":0,"snapshot_updates":47052},"event":"CLIENT_HEALTH","player":"b","process_id":4048,"time_msec":4927491}
[m7_client] {"details":{"async_rejections":0,"async_results":0,"buffered_results":0,"item_updates":1,"joined":false,"last_error_code":"","messages_received":47099,"messages_sent":65578,"pending_blocking":0,"snapshot_updates":47052},"event":"CLIENT_HEALTH","player":"b","process_id":4048,"time_msec":4929491}
[m7_client] {"details":{"async_rejections":0,"async_results":0,"buffered_results":0,"item_updates":1,"joined":false,"last_error_code":"","messages_received":47099,"messages_sent":65578,"pending_blocking":0,"snapshot_updates":47052},"event":"CLIENT_HEALTH","player":"b","process_id":4048,"time_msec":4931491}
[m7_client] {"details":{"async_rejections":0,"async_results":0,"buffered_results":0,"item_updates":1,"joined":false,"last_error_code":"","messages_received":47099,"messages_sent":65578,"pending_blocking":0,"snapshot_updates":47052},"event":"CLIENT_HEALTH","player":"b","process_id":4048,"time_msec":4933496}
[m7_client] {"details":{"async_rejections":0,"async_results":0,"buffered_results":0,"item_updates":1,"joined":false,"last_error_code":"","messages_received":47099,"messages_sent":65578,"pending_blocking":0,"snapshot_updates":47052},"event":"CLIENT_HEALTH","player":"b","process_id":4048,"time_msec":4935496}
[m7_client] {"details":{"async_rejections":0,"async_results":0,"buffered_results":0,"item_updates":1,"joined":false,"last_error_code":"","messages_received":47099,"messages_sent":65578,"pending_blocking":0,"snapshot_updates":47052},"event":"CLIENT_HEALTH","player":"b","process_id":4048,"time_msec":4937496}
[m7_client] {"details":{"async_rejections":0,"async_results":0,"buffered_results":0,"item_updates":1,"joined":false,"last_error_code":"","messages_received":47099,"messages_sent":65578,"pending_blocking":0,"snapshot_updates":47052},"event":"CLIENT_HEALTH","player":"b","process_id":4048,"time_msec":4939496}
[m7_client] {"details":{"async_rejections":0,"async_results":0,"buffered_results":0,"item_updates":1,"joined":false,"last_error_code":"","messages_received":47099,"messages_sent":65578,"pending_blocking":0,"snapshot_updates":47052},"event":"CLIENT_HEALTH","player":"b","process_id":4048,"time_msec":4941496}
[m7_client] {"details":{"async_rejections":0,"async_results":0,"buffered_results":0,"item_updates":1,"joined":false,"last_error_code":"","messages_received":47099,"messages_sent":65578,"pending_blocking":0,"snapshot_updates":47052},"event":"CLIENT_HEALTH","player":"b","process_id":4048,"time_msec":4943496}
[m7_client] {"details":{"async_rejections":0,"async_results":0,"buffered_results":0,"item_updates":1,"joined":false,"last_error_code":"","messages_received":47099,"messages_sent":65578,"pending_blocking":0,"snapshot_updates":47052},"event":"CLIENT_HEALTH","player":"b","process_id":4048,"time_msec":4945502}
[m7_client] {"details":{"async_rejections":0,"async_results":0,"buffered_results":0,"item_updates":1,"joined":false,"last_error_code":"","messages_received":47099,"messages_sent":65578,"pending_blocking":0,"snapshot_updates":47052},"event":"CLIENT_HEALTH","player":"b","process_id":4048,"time_msec":4947508}
[m7_client] {"details":{"async_rejections":0,"async_results":0,"buffered_results":0,"item_updates":1,"joined":false,"last_error_code":"","messages_received":47099,"messages_sent":65578,"pending_blocking":0,"snapshot_updates":47052},"event":"CLIENT_HEALTH","player":"b","process_id":4048,"time_msec":4949513}
[m7_client] {"details":{"async_rejections":0,"async_results":0,"buffered_results":0,"item_updates":1,"joined":false,"last_error_code":"","messages_received":47099,"messages_sent":65578,"pending_blocking":0,"snapshot_updates":47052},"event":"CLIENT_HEALTH","player":"b","process_id":4048,"time_msec":4951513}
[m7_client] {"details":{"async_rejections":0,"async_results":0,"buffered_results":0,"item_updates":1,"joined":false,"last_error_code":"","messages_received":47099,"messages_sent":65578,"pending_blocking":0,"snapshot_updates":47052},"event":"CLIENT_HEALTH","player":"b","process_id":4048,"time_msec":4953513}
[m7_client] {"details":{"async_rejections":0,"async_results":0,"buffered_results":0,"item_updates":1,"joined":false,"last_error_code":"","messages_received":47099,"messages_sent":65578,"pending_blocking":0,"snapshot_updates":47052},"event":"CLIENT_HEALTH","player":"b","process_id":4048,"time_msec":4955513}
[m7_client] {"details":{"async_rejections":0,"async_results":0,"buffered_results":0,"item_updates":1,"joined":false,"last_error_code":"","messages_received":47099,"messages_sent":65578,"pending_blocking":0,"snapshot_updates":47052},"event":"CLIENT_HEALTH","player":"b","process_id":4048,"time_msec":4957513}
[m7_client] {"details":{"async_rejections":0,"async_results":0,"buffered_results":0,"item_updates":1,"joined":false,"last_error_code":"","messages_received":47099,"messages_sent":65578,"pending_blocking":0,"snapshot_updates":47052},"event":"CLIENT_HEALTH","player":"b","process_id":4048,"time_msec":4959513}
[m7_client] {"details":{"async_rejections":0,"async_results":0,"buffered_results":0,"item_updates":1,"joined":false,"last_error_code":"","messages_received":47099,"messages_sent":65578,"pending_blocking":0,"snapshot_updates":47052},"event":"CLIENT_HEALTH","player":"b","process_id":4048,"time_msec":4961513}
[m7_client] {"details":{"async_rejections":0,"async_results":0,"buffered_results":0,"item_updates":1,"joined":false,"last_error_code":"","messages_received":47099,"messages_sent":65578,"pending_blocking":0,"snapshot_updates":47052},"event":"CLIENT_HEALTH","player":"b","process_id":4048,"time_msec":4963518}
[m7_client] {"details":{"async_rejections":0,"async_results":0,"buffered_results":0,"item_updates":1,"joined":false,"last_error_code":"","messages_received":47099,"messages_sent":65578,"pending_blocking":0,"snapshot_updates":47052},"event":"CLIENT_HEALTH","player":"b","process_id":4048,"time_msec":4965518}
[m7_client] {"details":{"async_rejections":0,"async_results":0,"buffered_results":0,"item_updates":1,"joined":false,"last_error_code":"","messages_received":47099,"messages_sent":65578,"pending_blocking":0,"snapshot_updates":47052},"event":"CLIENT_HEALTH","player":"b","process_id":4048,"time_msec":4967518}
[m7_client] {"details":{"async_rejections":0,"async_results":0,"buffered_results":0,"item_updates":1,"joined":false,"last_error_code":"","messages_received":47099,"messages_sent":65578,"pending_blocking":0,"snapshot_updates":47052},"event":"CLIENT_HEALTH","player":"b","process_id":4048,"time_msec":4969518}
[m7_client] {"details":{"async_rejections":0,"async_results":0,"buffered_results":0,"item_updates":1,"joined":false,"last_error_code":"","messages_received":47099,"messages_sent":65578,"pending_blocking":0,"snapshot_updates":47052},"event":"CLIENT_HEALTH","player":"b","process_id":4048,"time_msec":4971518}
[m7_client] {"details":{"async_rejections":0,"async_results":0,"buffered_results":0,"item_updates":1,"joined":false,"last_error_code":"","messages_received":47099,"messages_sent":65578,"pending_blocking":0,"snapshot_updates":47052},"event":"CLIENT_HEALTH","player":"b","process_id":4048,"time_msec":4973518}
[m7_client] {"details":{"async_rejections":0,"async_results":0,"buffered_results":0,"item_updates":1,"joined":false,"last_error_code":"","messages_received":47099,"messages_sent":65578,"pending_blocking":0,"snapshot_updates":47052},"event":"CLIENT_HEALTH","player":"b","process_id":4048,"time_msec":4975518}
[m7_client] {"details":{"async_rejections":0,"async_results":0,"buffered_results":0,"item_updates":1,"joined":false,"last_error_code":"","messages_received":47099,"messages_sent":65578,"pending_blocking":0,"snapshot_updates":47052},"event":"CLIENT_HEALTH","player":"b","process_id":4048,"time_msec":4977518}
[m7_client] {"details":{"async_rejections":0,"async_results":0,"buffered_results":0,"item_updates":1,"joined":false,"last_error_code":"","messages_received":47099,"messages_sent":65578,"pending_blocking":0,"snapshot_updates":47052},"event":"CLIENT_HEALTH","player":"b","process_id":4048,"time_msec":4979523}
[m7_client] {"details":{"async_rejections":0,"async_results":0,"buffered_results":0,"item_updates":1,"joined":false,"last_error_code":"","messages_received":47099,"messages_sent":65578,"pending_blocking":0,"snapshot_updates":47052},"event":"CLIENT_HEALTH","player":"b","process_id":4048,"time_msec":4981523}
[m7_client] {"details":{"async_rejections":0,"async_results":0,"buffered_results":0,"item_updates":1,"joined":false,"last_error_code":"","messages_received":47099,"messages_sent":65578,"pending_blocking":0,"snapshot_updates":47052},"event":"CLIENT_HEALTH","player":"b","process_id":4048,"time_msec":4983523}
[m7_client] {"details":{"async_rejections":0,"async_results":0,"buffered_results":0,"item_updates":1,"joined":false,"last_error_code":"","messages_received":47099,"messages_sent":65578,"pending_blocking":0,"snapshot_updates":47052},"event":"CLIENT_HEALTH","player":"b","process_id":4048,"time_msec":4985523}
[m7_client] {"details":{"async_rejections":0,"async_results":0,"buffered_results":0,"item_updates":1,"joined":false,"last_error_code":"","messages_received":47099,"messages_sent":65578,"pending_blocking":0,"snapshot_updates":47052},"event":"CLIENT_HEALTH","player":"b","process_id":4048,"time_msec":4987523}
[m7_client] {"details":{"async_rejections":0,"async_results":0,"buffered_results":0,"item_updates":1,"joined":false,"last_error_code":"","messages_received":47099,"messages_sent":65578,"pending_blocking":0,"snapshot_updates":47052},"event":"CLIENT_HEALTH","player":"b","process_id":4048,"time_msec":4989528}
[m7_client] {"details":{"async_rejections":0,"async_results":0,"buffered_results":0,"item_updates":1,"joined":false,"last_error_code":"","messages_received":47099,"messages_sent":65578,"pending_blocking":0,"snapshot_updates":47052},"event":"CLIENT_HEALTH","player":"b","process_id":4048,"time_msec":4991528}
[m7_client] {"details":{"async_rejections":0,"async_results":0,"buffered_results":0,"item_updates":1,"joined":false,"last_error_code":"","messages_received":47099,"messages_sent":65578,"pending_blocking":0,"snapshot_updates":47052},"event":"CLIENT_HEALTH","player":"b","process_id":4048,"time_msec":4993528}
[m7_client] {"details":{"async_rejections":0,"async_results":0,"buffered_results":0,"item_updates":1,"joined":false,"last_error_code":"","messages_received":47099,"messages_sent":65578,"pending_blocking":0,"snapshot_updates":47052},"event":"CLIENT_HEALTH","player":"b","process_id":4048,"time_msec":4995528}
[m7_client] {"details":{"async_rejections":0,"async_results":0,"buffered_results":0,"item_updates":1,"joined":false,"last_error_code":"","messages_received":47099,"messages_sent":65578,"pending_blocking":0,"snapshot_updates":47052},"event":"CLIENT_HEALTH","player":"b","process_id":4048,"time_msec":4997528}
[m7_client] {"details":{"async_rejections":0,"async_results":0,"buffered_results":0,"item_updates":1,"joined":false,"last_error_code":"","messages_received":47099,"messages_sent":65578,"pending_blocking":0,"snapshot_updates":47052},"event":"CLIENT_HEALTH","player":"b","process_id":4048,"time_msec":4999528}
[m7_client] {"details":{"async_rejections":0,"async_results":0,"buffered_results":0,"item_updates":1,"joined":false,"last_error_code":"","messages_received":47099,"messages_sent":65578,"pending_blocking":0,"snapshot_updates":47052},"event":"CLIENT_HEALTH","player":"b","process_id":4048,"time_msec":5001528}
[m7_client] {"details":{"async_rejections":0,"async_results":0,"buffered_results":0,"item_updates":1,"joined":false,"last_error_code":"","messages_received":47099,"messages_sent":65578,"pending_blocking":0,"snapshot_updates":47052},"event":"CLIENT_HEALTH","player":"b","process_id":4048,"time_msec":5003533}
[m7_client] {"details":{"async_rejections":0,"async_results":0,"buffered_results":0,"item_updates":1,"joined":false,"last_error_code":"","messages_received":47099,"messages_sent":65578,"pending_blocking":0,"snapshot_updates":47052},"event":"CLIENT_HEALTH","player":"b","process_id":4048,"time_msec":5005533}
[m7_client] {"details":{"async_rejections":0,"async_results":0,"buffered_results":0,"item_updates":1,"joined":false,"last_error_code":"","messages_received":47099,"messages_sent":65578,"pending_blocking":0,"snapshot_updates":47052},"event":"CLIENT_HEALTH","player":"b","process_id":4048,"time_msec":5007533}
[m7_client] {"details":{"async_rejections":0,"async_results":0,"buffered_results":0,"item_updates":1,"joined":false,"last_error_code":"","messages_received":47099,"messages_sent":65578,"pending_blocking":0,"snapshot_updates":47052},"event":"CLIENT_HEALTH","player":"b","process_id":4048,"time_msec":5009533}
[m7_client] {"details":{"async_rejections":0,"async_results":0,"buffered_results":0,"item_updates":1,"joined":false,"last_error_code":"","messages_received":47099,"messages_sent":65578,"pending_blocking":0,"snapshot_updates":47052},"event":"CLIENT_HEALTH","player":"b","process_id":4048,"time_msec":5011533}
[m7_client] {"details":{"async_rejections":0,"async_results":0,"buffered_results":0,"item_updates":1,"joined":false,"last_error_code":"","messages_received":47099,"messages_sent":65578,"pending_blocking":0,"snapshot_updates":47052},"event":"CLIENT_HEALTH","player":"b","process_id":4048,"time_msec":5013533}
[m7_client] {"details":{"async_rejections":0,"async_results":0,"buffered_results":0,"item_updates":1,"joined":false,"last_error_code":"","messages_received":47099,"messages_sent":65578,"pending_blocking":0,"snapshot_updates":47052},"event":"CLIENT_HEALTH","player":"b","process_id":4048,"time_msec":5015539}
[m7_client] {"details":{"async_rejections":0,"async_results":0,"buffered_results":0,"item_updates":1,"joined":false,"last_error_code":"","messages_received":47099,"messages_sent":65578,"pending_blocking":0,"snapshot_updates":47052},"event":"CLIENT_HEALTH","player":"b","process_id":4048,"time_msec":5017539}
[m7_client] {"details":{"async_rejections":0,"async_results":0,"buffered_results":0,"item_updates":1,"joined":false,"last_error_code":"","messages_received":47099,"messages_sent":65578,"pending_blocking":0,"snapshot_updates":47052},"event":"CLIENT_HEALTH","player":"b","process_id":4048,"time_msec":5019544}
[m7_client] {"details":{"async_rejections":0,"async_results":0,"buffered_results":0,"item_updates":1,"joined":false,"last_error_code":"","messages_received":47099,"messages_sent":65578,"pending_blocking":0,"snapshot_updates":47052},"event":"CLIENT_HEALTH","player":"b","process_id":4048,"time_msec":5021544}
[m7_client] {"details":{"async_rejections":0,"async_results":0,"buffered_results":0,"item_updates":1,"joined":false,"last_error_code":"","messages_received":47099,"messages_sent":65578,"pending_blocking":0,"snapshot_updates":47052},"event":"CLIENT_HEALTH","player":"b","process_id":4048,"time_msec":5023544}
[m7_client] {"details":{"async_rejections":0,"async_results":0,"buffered_results":0,"item_updates":1,"joined":false,"last_error_code":"","messages_received":47099,"messages_sent":65578,"pending_blocking":0,"snapshot_updates":47052},"event":"CLIENT_HEALTH","player":"b","process_id":4048,"time_msec":5025544}
[m7_client] {"details":{"async_rejections":0,"async_results":0,"buffered_results":0,"item_updates":1,"joined":false,"last_error_code":"","messages_received":47099,"messages_sent":65578,"pending_blocking":0,"snapshot_updates":47052},"event":"CLIENT_HEALTH","player":"b","process_id":4048,"time_msec":5027544}
[m7_client] {"details":{"async_rejections":0,"async_results":0,"buffered_results":0,"item_updates":1,"joined":false,"last_error_code":"","messages_received":47099,"messages_sent":65578,"pending_blocking":0,"snapshot_updates":47052},"event":"CLIENT_HEALTH","player":"b","process_id":4048,"time_msec":5029544}
[m7_client] {"details":{"async_rejections":0,"async_results":0,"buffered_results":0,"item_updates":1,"joined":false,"last_error_code":"","messages_received":47099,"messages_sent":65578,"pending_blocking":0,"snapshot_updates":47052},"event":"CLIENT_HEALTH","player":"b","process_id":4048,"time_msec":5031549}
[m7_client] {"details":{"async_rejections":0,"async_results":0,"buffered_results":0,"item_updates":1,"joined":false,"last_error_code":"","messages_received":47099,"messages_sent":65578,"pending_blocking":0,"snapshot_updates":47052},"event":"CLIENT_HEALTH","player":"b","process_id":4048,"time_msec":5033549}
[m7_client] {"details":{"async_rejections":0,"async_results":0,"buffered_results":0,"item_updates":1,"joined":false,"last_error_code":"","messages_received":47099,"messages_sent":65578,"pending_blocking":0,"snapshot_updates":47052},"event":"CLIENT_HEALTH","player":"b","process_id":4048,"time_msec":5035549}
[m7_client] {"details":{"async_rejections":0,"async_results":0,"buffered_results":0,"item_updates":1,"joined":false,"last_error_code":"","messages_received":47099,"messages_sent":65578,"pending_blocking":0,"snapshot_updates":47052},"event":"CLIENT_HEALTH","player":"b","process_id":4048,"time_msec":5037549}
[m7_client] {"details":{"async_rejections":0,"async_results":0,"buffered_results":0,"item_updates":1,"joined":false,"last_error_code":"","messages_received":47099,"messages_sent":65578,"pending_blocking":0,"snapshot_updates":47052},"event":"CLIENT_HEALTH","player":"b","process_id":4048,"time_msec":5039549}
[m7_client] {"details":{"async_rejections":0,"async_results":0,"buffered_results":0,"item_updates":1,"joined":false,"last_error_code":"","messages_received":47099,"messages_sent":65578,"pending_blocking":0,"snapshot_updates":47052},"event":"CLIENT_HEALTH","player":"b","process_id":4048,"time_msec":5041549}
[m7_client] {"details":{"async_rejections":0,"async_results":0,"buffered_results":0,"item_updates":1,"joined":false,"last_error_code":"","messages_received":47099,"messages_sent":65578,"pending_blocking":0,"snapshot_updates":47052},"event":"CLIENT_HEALTH","player":"b","process_id":4048,"time_msec":5043549}
[m7_client] {"details":{"async_rejections":0,"async_results":0,"buffered_results":0,"item_updates":1,"joined":false,"last_error_code":"","messages_received":47099,"messages_sent":65578,"pending_blocking":0,"snapshot_updates":47052},"event":"CLIENT_HEALTH","player":"b","process_id":4048,"time_msec":5045555}
[m7_client] {"details":{"async_rejections":0,"async_results":0,"buffered_results":0,"item_updates":1,"joined":false,"last_error_code":"","messages_received":47099,"messages_sent":65578,"pending_blocking":0,"snapshot_updates":47052},"event":"CLIENT_HEALTH","player":"b","process_id":4048,"time_msec":5047560}
[m7_client] {"details":{"async_rejections":0,"async_results":0,"buffered_results":0,"item_updates":1,"joined":false,"last_error_code":"","messages_received":47099,"messages_sent":65578,"pending_blocking":0,"snapshot_updates":47052},"event":"CLIENT_HEALTH","player":"b","process_id":4048,"time_msec":5049560}
[m7_client] {"details":{"async_rejections":0,"async_results":0,"buffered_results":0,"item_updates":1,"joined":false,"last_error_code":"","messages_received":47099,"messages_sent":65578,"pending_blocking":0,"snapshot_updates":47052},"event":"CLIENT_HEALTH","player":"b","process_id":4048,"time_msec":5051560}
[m7_client] {"details":{"async_rejections":0,"async_results":0,"buffered_results":0,"item_updates":1,"joined":false,"last_error_code":"","messages_received":47099,"messages_sent":65578,"pending_blocking":0,"snapshot_updates":47052},"event":"CLIENT_HEALTH","player":"b","process_id":4048,"time_msec":5053560}
[m7_client] {"details":{"async_rejections":0,"async_results":0,"buffered_results":0,"item_updates":1,"joined":false,"last_error_code":"","messages_received":47099,"messages_sent":65578,"pending_blocking":0,"snapshot_updates":47052},"event":"CLIENT_HEALTH","player":"b","process_id":4048,"time_msec":5055560}
[m7_client] {"details":{"async_rejections":0,"async_results":0,"buffered_results":0,"item_updates":1,"joined":false,"last_error_code":"","messages_received":47099,"messages_sent":65578,"pending_blocking":0,"snapshot_updates":47052},"event":"CLIENT_HEALTH","player":"b","process_id":4048,"time_msec":5057560}
[m7_client] {"details":{"async_rejections":0,"async_results":0,"buffered_results":0,"item_updates":1,"joined":false,"last_error_code":"","messages_received":47099,"messages_sent":65578,"pending_blocking":0,"snapshot_updates":47052},"event":"CLIENT_HEALTH","player":"b","process_id":4048,"time_msec":5059560}
[m7_client] {"details":{"async_rejections":0,"async_results":0,"buffered_results":0,"item_updates":1,"joined":false,"last_error_code":"","messages_received":47099,"messages_sent":65578,"pending_blocking":0,"snapshot_updates":47052},"event":"CLIENT_HEALTH","player":"b","process_id":4048,"time_msec":5061565}
[m7_client] {"details":{"async_rejections":0,"async_results":0,"buffered_results":0,"item_updates":1,"joined":false,"last_error_code":"","messages_received":47099,"messages_sent":65578,"pending_blocking":0,"snapshot_updates":47052},"event":"CLIENT_HEALTH","player":"b","process_id":4048,"time_msec":5063565}
[m7_client] {"details":{"async_rejections":0,"async_results":0,"buffered_results":0,"item_updates":1,"joined":false,"last_error_code":"","messages_received":47099,"messages_sent":65578,"pending_blocking":0,"snapshot_updates":47052},"event":"CLIENT_HEALTH","player":"b","process_id":4048,"time_msec":5065565}
[m7_client] {"details":{"async_rejections":0,"async_results":0,"buffered_results":0,"item_updates":1,"joined":false,"last_error_code":"","messages_received":47099,"messages_sent":65578,"pending_blocking":0,"snapshot_updates":47052},"event":"CLIENT_HEALTH","player":"b","process_id":4048,"time_msec":5067565}
[m7_client] {"details":{"async_rejections":0,"async_results":0,"buffered_results":0,"item_updates":1,"joined":false,"last_error_code":"","messages_received":47099,"messages_sent":65578,"pending_blocking":0,"snapshot_updates":47052},"event":"CLIENT_HEALTH","player":"b","process_id":4048,"time_msec":5069565}
[m7_client] {"details":{"async_rejections":0,"async_results":0,"buffered_results":0,"item_updates":1,"joined":false,"last_error_code":"","messages_received":47099,"messages_sent":65578,"pending_blocking":0,"snapshot_updates":47052},"event":"CLIENT_HEALTH","player":"b","process_id":4048,"time_msec":5071565}
[m7_client] {"details":{"async_rejections":0,"async_results":0,"buffered_results":0,"item_updates":1,"joined":false,"last_error_code":"","messages_received":47099,"messages_sent":65578,"pending_blocking":0,"snapshot_updates":47052},"event":"CLIENT_HEALTH","player":"b","process_id":4048,"time_msec":5073571}
[m7_client] {"details":{"async_rejections":0,"async_results":0,"buffered_results":0,"item_updates":1,"joined":false,"last_error_code":"","messages_received":47099,"messages_sent":65578,"pending_blocking":0,"snapshot_updates":47052},"event":"CLIENT_HEALTH","player":"b","process_id":4048,"time_msec":5075576}
[m7_client] {"details":{"async_rejections":0,"async_results":0,"buffered_results":0,"item_updates":1,"joined":false,"last_error_code":"","messages_received":47099,"messages_sent":65578,"pending_blocking":0,"snapshot_updates":47052},"event":"CLIENT_HEALTH","player":"b","process_id":4048,"time_msec":5077576}
[m7_client] {"details":{"async_rejections":0,"async_results":0,"buffered_results":0,"item_updates":1,"joined":false,"last_error_code":"","messages_received":47099,"messages_sent":65578,"pending_blocking":0,"snapshot_updates":47052},"event":"CLIENT_HEALTH","player":"b","process_id":4048,"time_msec":5079576}
[m7_client] {"details":{"async_rejections":0,"async_results":0,"buffered_results":0,"item_updates":1,"joined":false,"last_error_code":"","messages_received":47099,"messages_sent":65578,"pending_blocking":0,"snapshot_updates":47052},"event":"CLIENT_HEALTH","player":"b","process_id":4048,"time_msec":5081576}
[m7_client] {"details":{"async_rejections":0,"async_results":0,"buffered_results":0,"item_updates":1,"joined":false,"last_error_code":"","messages_received":47099,"messages_sent":65578,"pending_blocking":0,"snapshot_updates":47052},"event":"CLIENT_HEALTH","player":"b","process_id":4048,"time_msec":5083576}
[m7_client] {"details":{"async_rejections":0,"async_results":0,"buffered_results":0,"item_updates":1,"joined":false,"last_error_code":"","messages_received":47099,"messages_sent":65578,"pending_blocking":0,"snapshot_updates":47052},"event":"CLIENT_HEALTH","player":"b","process_id":4048,"time_msec":5085576}
[m7_client] {"details":{"async_rejections":0,"async_results":0,"buffered_results":0,"item_updates":1,"joined":false,"last_error_code":"","messages_received":47099,"messages_sent":65578,"pending_blocking":0,"snapshot_updates":47052},"event":"CLIENT_HEALTH","player":"b","process_id":4048,"time_msec":5087576}
[m7_client] {"details":{"async_rejections":0,"async_results":0,"buffered_results":0,"item_updates":1,"joined":false,"last_error_code":"","messages_received":47099,"messages_sent":65578,"pending_blocking":0,"snapshot_updates":47052},"event":"CLIENT_HEALTH","player":"b","process_id":4048,"time_msec":5089581}
[m7_client] {"details":{"async_rejections":0,"async_results":0,"buffered_results":0,"item_updates":1,"joined":false,"last_error_code":"","messages_received":47099,"messages_sent":65578,"pending_blocking":0,"snapshot_updates":47052},"event":"CLIENT_HEALTH","player":"b","process_id":4048,"time_msec":5091581}
[m7_client] {"details":{"async_rejections":0,"async_results":0,"buffered_results":0,"item_updates":1,"joined":false,"last_error_code":"","messages_received":47099,"messages_sent":65578,"pending_blocking":0,"snapshot_updates":47052},"event":"CLIENT_HEALTH","player":"b","process_id":4048,"time_msec":5093581}
[m7_client] {"details":{"async_rejections":0,"async_results":0,"buffered_results":0,"item_updates":1,"joined":false,"last_error_code":"","messages_received":47099,"messages_sent":65578,"pending_blocking":0,"snapshot_updates":47052},"event":"CLIENT_HEALTH","player":"b","process_id":4048,"time_msec":5095581}
[m7_client] {"details":{"async_rejections":0,"async_results":0,"buffered_results":0,"item_updates":1,"joined":false,"last_error_code":"","messages_received":47099,"messages_sent":65578,"pending_blocking":0,"snapshot_updates":47052},"event":"CLIENT_HEALTH","player":"b","process_id":4048,"time_msec":5097581}
[m7_client] {"details":{"async_rejections":0,"async_results":0,"buffered_results":0,"item_updates":1,"joined":false,"last_error_code":"","messages_received":47099,"messages_sent":65578,"pending_blocking":0,"snapshot_updates":47052},"event":"CLIENT_HEALTH","player":"b","process_id":4048,"time_msec":5099581}
[m7_client] {"details":{"async_rejections":0,"async_results":0,"buffered_results":0,"item_updates":1,"joined":false,"last_error_code":"","messages_received":47099,"messages_sent":65578,"pending_blocking":0,"snapshot_updates":47052},"event":"CLIENT_HEALTH","player":"b","process_id":4048,"time_msec":5101587}
[m7_client] {"details":{"async_rejections":0,"async_results":0,"buffered_results":0,"item_updates":1,"joined":false,"last_error_code":"","messages_received":47099,"messages_sent":65578,"pending_blocking":0,"snapshot_updates":47052},"event":"CLIENT_HEALTH","player":"b","process_id":4048,"time_msec":5103592}
[m7_client] {"details":{"async_rejections":0,"async_results":0,"buffered_results":0,"item_updates":1,"joined":false,"last_error_code":"","messages_received":47099,"messages_sent":65578,"pending_blocking":0,"snapshot_updates":47052},"event":"CLIENT_HEALTH","player":"b","process_id":4048,"time_msec":5105592}
[m7_client] {"details":{"async_rejections":0,"async_results":0,"buffered_results":0,"item_updates":1,"joined":false,"last_error_code":"","messages_received":47099,"messages_sent":65578,"pending_blocking":0,"snapshot_updates":47052},"event":"CLIENT_HEALTH","player":"b","process_id":4048,"time_msec":5107592}
[m7_client] {"details":{"async_rejections":0,"async_results":0,"buffered_results":0,"item_updates":1,"joined":false,"last_error_code":"","messages_received":47099,"messages_sent":65578,"pending_blocking":0,"snapshot_updates":47052},"event":"CLIENT_HEALTH","player":"b","process_id":4048,"time_msec":5109592}
[m7_client] {"details":{"async_rejections":0,"async_results":0,"buffered_results":0,"item_updates":1,"joined":false,"last_error_code":"","messages_received":47099,"messages_sent":65578,"pending_blocking":0,"snapshot_updates":47052},"event":"CLIENT_HEALTH","player":"b","process_id":4048,"time_msec":5111592}
[m7_client] {"details":{"async_rejections":0,"async_results":0,"buffered_results":0,"item_updates":1,"joined":false,"last_error_code":"","messages_received":47099,"messages_sent":65578,"pending_blocking":0,"snapshot_updates":47052},"event":"CLIENT_HEALTH","player":"b","process_id":4048,"time_msec":5113592}
[m7_client] {"details":{"async_rejections":0,"async_results":0,"buffered_results":0,"item_updates":1,"joined":false,"last_error_code":"","messages_received":47099,"messages_sent":65578,"pending_blocking":0,"snapshot_updates":47052},"event":"CLIENT_HEALTH","player":"b","process_id":4048,"time_msec":5115592}
[m7_client] {"details":{"async_rejections":0,"async_results":0,"buffered_results":0,"item_updates":1,"joined":false,"last_error_code":"","messages_received":47099,"messages_sent":65578,"pending_blocking":0,"snapshot_updates":47052},"event":"CLIENT_HEALTH","player":"b","process_id":4048,"time_msec":5117598}
[m7_client] {"details":{"async_rejections":0,"async_results":0,"buffered_results":0,"item_updates":1,"joined":false,"last_error_code":"","messages_received":47099,"messages_sent":65578,"pending_blocking":0,"snapshot_updates":47052},"event":"CLIENT_HEALTH","player":"b","process_id":4048,"time_msec":5119603}
[m7_client] {"details":{"async_rejections":0,"async_results":0,"buffered_results":0,"item_updates":1,"joined":false,"last_error_code":"","messages_received":47099,"messages_sent":65578,"pending_blocking":0,"snapshot_updates":47052},"event":"CLIENT_HEALTH","player":"b","process_id":4048,"time_msec":5121603}
[m7_client] {"details":{"async_rejections":0,"async_results":0,"buffered_results":0,"item_updates":1,"joined":false,"last_error_code":"","messages_received":47099,"messages_sent":65578,"pending_blocking":0,"snapshot_updates":47052},"event":"CLIENT_HEALTH","player":"b","process_id":4048,"time_msec":5123603}
[m7_client] {"details":{"async_rejections":0,"async_results":0,"buffered_results":0,"item_updates":1,"joined":false,"last_error_code":"","messages_received":47099,"messages_sent":65578,"pending_blocking":0,"snapshot_updates":47052},"event":"CLIENT_HEALTH","player":"b","process_id":4048,"time_msec":5125603}
[m7_client] {"details":{"async_rejections":0,"async_results":0,"buffered_results":0,"item_updates":1,"joined":false,"last_error_code":"","messages_received":47099,"messages_sent":65578,"pending_blocking":0,"snapshot_updates":47052},"event":"CLIENT_HEALTH","player":"b","process_id":4048,"time_msec":5127603}
[m7_client] {"details":{"async_rejections":0,"async_results":0,"buffered_results":0,"item_updates":1,"joined":false,"last_error_code":"","messages_received":47099,"messages_sent":65578,"pending_blocking":0,"snapshot_updates":47052},"event":"CLIENT_HEALTH","player":"b","process_id":4048,"time_msec":5129603}
[m7_client] {"details":{"async_rejections":0,"async_results":0,"buffered_results":0,"item_updates":1,"joined":false,"last_error_code":"","messages_received":47099,"messages_sent":65578,"pending_blocking":0,"snapshot_updates":47052},"event":"CLIENT_HEALTH","player":"b","process_id":4048,"time_msec":5131609}
[m7_client] {"details":{"async_rejections":0,"async_results":0,"buffered_results":0,"item_updates":1,"joined":false,"last_error_code":"","messages_received":47099,"messages_sent":65578,"pending_blocking":0,"snapshot_updates":47052},"event":"CLIENT_HEALTH","player":"b","process_id":4048,"time_msec":5133615}
[m7_client] {"details":{"async_rejections":0,"async_results":0,"buffered_results":0,"item_updates":1,"joined":false,"last_error_code":"","messages_received":47099,"messages_sent":65578,"pending_blocking":0,"snapshot_updates":47052},"event":"CLIENT_HEALTH","player":"b","process_id":4048,"time_msec":5135620}
[m7_client] {"details":{"async_rejections":0,"async_results":0,"buffered_results":0,"item_updates":1,"joined":false,"last_error_code":"","messages_received":47099,"messages_sent":65578,"pending_blocking":0,"snapshot_updates":47052},"event":"CLIENT_HEALTH","player":"b","process_id":4048,"time_msec":5137620}
[m7_client] {"details":{"async_rejections":0,"async_results":0,"buffered_results":0,"item_updates":1,"joined":false,"last_error_code":"","messages_received":47099,"messages_sent":65578,"pending_blocking":0,"snapshot_updates":47052},"event":"CLIENT_HEALTH","player":"b","process_id":4048,"time_msec":5139620}
[m7_client] {"details":{"async_rejections":0,"async_results":0,"buffered_results":0,"item_updates":1,"joined":false,"last_error_code":"","messages_received":47099,"messages_sent":65578,"pending_blocking":0,"snapshot_updates":47052},"event":"CLIENT_HEALTH","player":"b","process_id":4048,"time_msec":5141620}
[m7_client] {"details":{"async_rejections":0,"async_results":0,"buffered_results":0,"item_updates":1,"joined":false,"last_error_code":"","messages_received":47099,"messages_sent":65578,"pending_blocking":0,"snapshot_updates":47052},"event":"CLIENT_HEALTH","player":"b","process_id":4048,"time_msec":5143620}
[m7_client] {"details":{"async_rejections":0,"async_results":0,"buffered_results":0,"item_updates":1,"joined":false,"last_error_code":"","messages_received":47099,"messages_sent":65578,"pending_blocking":0,"snapshot_updates":47052},"event":"CLIENT_HEALTH","player":"b","process_id":4048,"time_msec":5145620}
[m7_client] {"details":{"async_rejections":0,"async_results":0,"buffered_results":0,"item_updates":1,"joined":false,"last_error_code":"","messages_received":47099,"messages_sent":65578,"pending_blocking":0,"snapshot_updates":47052},"event":"CLIENT_HEALTH","player":"b","process_id":4048,"time_msec":5147626}
[m7_client] {"details":{"async_rejections":0,"async_results":0,"buffered_results":0,"item_updates":1,"joined":false,"last_error_code":"","messages_received":47099,"messages_sent":65578,"pending_blocking":0,"snapshot_updates":47052},"event":"CLIENT_HEALTH","player":"b","process_id":4048,"time_msec":5149631}
[m7_client] {"details":{"async_rejections":0,"async_results":0,"buffered_results":0,"item_updates":1,"joined":false,"last_error_code":"","messages_received":47099,"messages_sent":65578,"pending_blocking":0,"snapshot_updates":47052},"event":"CLIENT_HEALTH","player":"b","process_id":4048,"time_msec":5151632}
[m7_client] {"details":{"async_rejections":0,"async_results":0,"buffered_results":0,"item_updates":1,"joined":false,"last_error_code":"","messages_received":47099,"messages_sent":65578,"pending_blocking":0,"snapshot_updates":47052},"event":"CLIENT_HEALTH","player":"b","process_id":4048,"time_msec":5153637}
[m7_client] {"details":{"async_rejections":0,"async_results":0,"buffered_results":0,"item_updates":1,"joined":false,"last_error_code":"","messages_received":47099,"messages_sent":65578,"pending_blocking":0,"snapshot_updates":47052},"event":"CLIENT_HEALTH","player":"b","process_id":4048,"time_msec":5155637}
[m7_client] {"details":{"async_rejections":0,"async_results":0,"buffered_results":0,"item_updates":1,"joined":false,"last_error_code":"","messages_received":47099,"messages_sent":65578,"pending_blocking":0,"snapshot_updates":47052},"event":"CLIENT_HEALTH","player":"b","process_id":4048,"time_msec":5157637}
[m7_client] {"details":{"async_rejections":0,"async_results":0,"buffered_results":0,"item_updates":1,"joined":false,"last_error_code":"","messages_received":47099,"messages_sent":65578,"pending_blocking":0,"snapshot_updates":47052},"event":"CLIENT_HEALTH","player":"b","process_id":4048,"time_msec":5159637}
[m7_client] {"details":{"async_rejections":0,"async_results":0,"buffered_results":0,"item_updates":1,"joined":false,"last_error_code":"","messages_received":47099,"messages_sent":65578,"pending_blocking":0,"snapshot_updates":47052},"event":"CLIENT_HEALTH","player":"b","process_id":4048,"time_msec":5161637}
[m7_client] {"details":{"async_rejections":0,"async_results":0,"buffered_results":0,"item_updates":1,"joined":false,"last_error_code":"","messages_received":47099,"messages_sent":65578,"pending_blocking":0,"snapshot_updates":47052},"event":"CLIENT_HEALTH","player":"b","process_id":4048,"time_msec":5163643}
[m7_client] {"details":{"async_rejections":0,"async_results":0,"buffered_results":0,"item_updates":1,"joined":false,"last_error_code":"","messages_received":47099,"messages_sent":65578,"pending_blocking":0,"snapshot_updates":47052},"event":"CLIENT_HEALTH","player":"b","process_id":4048,"time_msec":5165648}
[m7_client] {"details":{"async_rejections":0,"async_results":0,"buffered_results":0,"item_updates":1,"joined":false,"last_error_code":"","messages_received":47099,"messages_sent":65578,"pending_blocking":0,"snapshot_updates":47052},"event":"CLIENT_HEALTH","player":"b","process_id":4048,"time_msec":5167648}
[m7_client] {"details":{"async_rejections":0,"async_results":0,"buffered_results":0,"item_updates":1,"joined":false,"last_error_code":"","messages_received":47099,"messages_sent":65578,"pending_blocking":0,"snapshot_updates":47052},"event":"CLIENT_HEALTH","player":"b","process_id":4048,"time_msec":5169648}
[m7_client] {"details":{"async_rejections":0,"async_results":0,"buffered_results":0,"item_updates":1,"joined":false,"last_error_code":"","messages_received":47099,"messages_sent":65578,"pending_blocking":0,"snapshot_updates":47052},"event":"CLIENT_HEALTH","player":"b","process_id":4048,"time_msec":5171648}
[m7_client] {"details":{"async_rejections":0,"async_results":0,"buffered_results":0,"item_updates":1,"joined":false,"last_error_code":"","messages_received":47099,"messages_sent":65578,"pending_blocking":0,"snapshot_updates":47052},"event":"CLIENT_HEALTH","player":"b","process_id":4048,"time_msec":5173648}
[m7_client] {"details":{"async_rejections":0,"async_results":0,"buffered_results":0,"item_updates":1,"joined":false,"last_error_code":"","messages_received":47099,"messages_sent":65578,"pending_blocking":0,"snapshot_updates":47052},"event":"CLIENT_HEALTH","player":"b","process_id":4048,"time_msec":5175648}
[m7_client] {"details":{"async_rejections":0,"async_results":0,"buffered_results":0,"item_updates":1,"joined":false,"last_error_code":"","messages_received":47099,"messages_sent":65578,"pending_blocking":0,"snapshot_updates":47052},"event":"CLIENT_HEALTH","player":"b","process_id":4048,"time_msec":5177648}
[m7_client] {"details":{"async_rejections":0,"async_results":0,"buffered_results":0,"item_updates":1,"joined":false,"last_error_code":"","messages_received":47099,"messages_sent":65578,"pending_blocking":0,"snapshot_updates":47052},"event":"CLIENT_HEALTH","player":"b","process_id":4048,"time_msec":5179653}
[m7_client] {"details":{"async_rejections":0,"async_results":0,"buffered_results":0,"item_updates":1,"joined":false,"last_error_code":"","messages_received":47099,"messages_sent":65578,"pending_blocking":0,"snapshot_updates":47052},"event":"CLIENT_HEALTH","player":"b","process_id":4048,"time_msec":5181653}
[m7_client] {"details":{"async_rejections":0,"async_results":0,"buffered_results":0,"item_updates":1,"joined":false,"last_error_code":"","messages_received":47099,"messages_sent":65578,"pending_blocking":0,"snapshot_updates":47052},"event":"CLIENT_HEALTH","player":"b","process_id":4048,"time_msec":5183653}
[m7_client] {"details":{"async_rejections":0,"async_results":0,"buffered_results":0,"item_updates":1,"joined":false,"last_error_code":"","messages_received":47099,"messages_sent":65578,"pending_blocking":0,"snapshot_updates":47052},"event":"CLIENT_HEALTH","player":"b","process_id":4048,"time_msec":5185653}
[m7_client] {"details":{"async_rejections":0,"async_results":0,"buffered_results":0,"item_updates":1,"joined":false,"last_error_code":"","messages_received":47099,"messages_sent":65578,"pending_blocking":0,"snapshot_updates":47052},"event":"CLIENT_HEALTH","player":"b","process_id":4048,"time_msec":5187653}
[m7_client] {"details":{"async_rejections":0,"async_results":0,"buffered_results":0,"item_updates":1,"joined":false,"last_error_code":"","messages_received":47099,"messages_sent":65578,"pending_blocking":0,"snapshot_updates":47052},"event":"CLIENT_HEALTH","player":"b","process_id":4048,"time_msec":5189653}
[m7_client] {"details":{"async_rejections":0,"async_results":0,"buffered_results":0,"item_updates":1,"joined":false,"last_error_code":"","messages_received":47099,"messages_sent":65578,"pending_blocking":0,"snapshot_updates":47052},"event":"CLIENT_HEALTH","player":"b","process_id":4048,"time_msec":5191658}
[m7_client] {"details":{"async_rejections":0,"async_results":0,"buffered_results":0,"item_updates":1,"joined":false,"last_error_code":"","messages_received":47099,"messages_sent":65578,"pending_blocking":0,"snapshot_updates":47052},"event":"CLIENT_HEALTH","player":"b","process_id":4048,"time_msec":5193659}
[m7_client] {"details":{"async_rejections":0,"async_results":0,"buffered_results":0,"item_updates":1,"joined":false,"last_error_code":"","messages_received":47099,"messages_sent":65578,"pending_blocking":0,"snapshot_updates":47052},"event":"CLIENT_HEALTH","player":"b","process_id":4048,"time_msec":5195664}
[m7_client] {"details":{"async_rejections":0,"async_results":0,"buffered_results":0,"item_updates":1,"joined":false,"last_error_code":"","messages_received":47099,"messages_sent":65578,"pending_blocking":0,"snapshot_updates":47052},"event":"CLIENT_HEALTH","player":"b","process_id":4048,"time_msec":5197665}
[m7_client] {"details":{"async_rejections":0,"async_results":0,"buffered_results":0,"item_updates":1,"joined":false,"last_error_code":"","messages_received":47099,"messages_sent":65578,"pending_blocking":0,"snapshot_updates":47052},"event":"CLIENT_HEALTH","player":"b","process_id":4048,"time_msec":5199670}
[m7_client] {"details":{"async_rejections":0,"async_results":0,"buffered_results":0,"item_updates":1,"joined":false,"last_error_code":"","messages_received":47099,"messages_sent":65578,"pending_blocking":0,"snapshot_updates":47052},"event":"CLIENT_HEALTH","player":"b","process_id":4048,"time_msec":5201670}
[command] inventory.toggle -> Инвентарь открыт
[command] inventory.toggle -> Инвентарь закрыт
[m7_client] {"details":{"async_rejections":0,"async_results":0,"buffered_results":0,"item_updates":1,"joined":false,"last_error_code":"","messages_received":47099,"messages_sent":65578,"pending_blocking":0,"snapshot_updates":47052},"event":"CLIENT_HEALTH","player":"b","process_id":4048,"time_msec":5203670}
[m7_client] {"details":{"async_rejections":0,"async_results":0,"buffered_results":0,"item_updates":1,"joined":false,"last_error_code":"","messages_received":47099,"messages_sent":65578,"pending_blocking":0,"snapshot_updates":47052},"event":"CLIENT_HEALTH","player":"b","process_id":4048,"time_msec":5205670}
[m7_client] {"details":{"async_rejections":0,"async_results":0,"buffered_results":0,"item_updates":1,"joined":false,"last_error_code":"","messages_received":47099,"messages_sent":65578,"pending_blocking":0,"snapshot_updates":47052},"event":"CLIENT_HEALTH","player":"b","process_id":4048,"time_msec":5207676}
[m7_client] {"details":{"async_rejections":0,"async_results":0,"buffered_results":0,"item_updates":1,"joined":false,"last_error_code":"","messages_received":47099,"messages_sent":65578,"pending_blocking":0,"snapshot_updates":47052},"event":"CLIENT_HEALTH","player":"b","process_id":4048,"time_msec":5209681}
[m7_client] {"details":{"async_rejections":0,"async_results":0,"buffered_results":0,"item_updates":1,"joined":false,"last_error_code":"","messages_received":47099,"messages_sent":65578,"pending_blocking":0,"snapshot_updates":47052},"event":"CLIENT_HEALTH","player":"b","process_id":4048,"time_msec":5211681}
[m7_client] {"details":{"async_rejections":0,"async_results":0,"buffered_results":0,"item_updates":1,"joined":false,"last_error_code":"","messages_received":47099,"messages_sent":65578,"pending_blocking":0,"snapshot_updates":47052},"event":"CLIENT_HEALTH","player":"b","process_id":4048,"time_msec":5213681}
[m7_client] {"details":{"async_rejections":0,"async_results":0,"buffered_results":0,"item_updates":1,"joined":false,"last_error_code":"","messages_received":47099,"messages_sent":65578,"pending_blocking":0,"snapshot_updates":47052},"event":"CLIENT_HEALTH","player":"b","process_id":4048,"time_msec":5215681}
[m7_client] {"details":{"async_rejections":0,"async_results":0,"buffered_results":0,"item_updates":1,"joined":false,"last_error_code":"","messages_received":47099,"messages_sent":65578,"pending_blocking":0,"snapshot_updates":47052},"event":"CLIENT_HEALTH","player":"b","process_id":4048,"time_msec":5217681}
[m7_client] {"details":{"async_rejections":0,"async_results":0,"buffered_results":0,"item_updates":1,"joined":false,"last_error_code":"","messages_received":47099,"messages_sent":65578,"pending_blocking":0,"snapshot_updates":47052},"event":"CLIENT_HEALTH","player":"b","process_id":4048,"time_msec":5219681}
[m7_client] {"details":{"async_rejections":0,"async_results":0,"buffered_results":0,"item_updates":1,"joined":false,"last_error_code":"","messages_received":47099,"messages_sent":65578,"pending_blocking":0,"snapshot_updates":47052},"event":"CLIENT_HEALTH","player":"b","process_id":4048,"time_msec":5221681}
[lifecycle] {"build_id":"a3-single-server-multiplayer-architecture-freeze","checkpoint":"v16.10.6-architecture-a3-single-server-multiplayer","event":"node_draining","exit_code":0,"node_id":"live1-client-b-restart5","reason":"window_close","ticks_msec":5223279,"world_id":"earth"}
[lifecycle] {"build_id":"a3-single-server-multiplayer-architecture-freeze","checkpoint":"v16.10.6-architecture-a3-single-server-multiplayer","event":"node_stopped","exit_code":0,"last_runtime_drain":{"details":{"drained":true,"success":true},"drained":true,"request":{"success":true},"success":true},"lifecycle":{"accepts_commands":false,"last_error":"","node_id":"live1-client-b-restart5","requested_exit_code":0,"schema":"planet_simulator.lifecycle_coordinator.v1","shutdown_reason":"window_close","started_msec":2955,"state":"STOPPED","stopped_msec":5223294,"transitions":[{"from":"CREATED","reason":"setup","ticks_msec":2955,"to":"STARTING"},{"from":"STARTING","reason":"world_ready","ticks_msec":9792,"to":"RUNNING"},{"from":"RUNNING","reason":"window_close","ticks_msec":5223279,"to":"DRAINING"},{"from":"DRAINING","reason":"runtime_drained","ticks_msec":5223294,"to":"STOPPING"},{"from":"STOPPING","reason":"runtime_drained","ticks_msec":5223294,"to":"STOPPED"}]},"node_id":"live1-client-b-restart5","reason":"window_close","ticks_msec":5223294}
